TAG,Nº de Série,Patrimônio,Equipamento,Modelo,Fabricante,Criticidade,Prioridade,Grupo Empresa,Razão Social,Setor,Endereço,UF,Bairro,Cidade,CEP,Centro de Custo,Data de Aquisição,Valor de Aquisição,Nota Fiscal,Valor de Substituição,Data de Fabricação,Data de Instalação,Data de Inativação,Data de Garantia,Data de Garantia Estendida,Componente de,Reg. ANVISA,Validade do Registro ANVISA,Situação,Status,Fornecedor,Observação,Garantia Externa,id,previousLocation,specificLocation,returnDate,returnedAllAccessories,transferStatus,transferTo,transferToBed,transferBy,transferRejected,patientMV,patientName,inUseSince,defectDescription,unitNotified,notificationNumber,patientDamage,serviceRequestNumber,preventiveScheduled,preventiveScheduledAt,preventiveSegregatedAt,receivedBySector,lastCleaned,location,status,tag,model,type
AUTO1271,,,MANOVACUÔMETRO,,,,,,,,,,,,,,,,,,,,,,,,,,,,,,,CEIC-727528,CEIC,,2026-04-29 19:03:19.052+00,false,,,,,false,,,,,,,,,,,,,2026-04-30 02:39:47.555+00,CEIC,available,,RoboTest Pro,
AUTO2028,,,MANOVACUOMETRO,,,,,,,,,,,,,,,,,,,,,,,,,,,,,,,CEIC-843162,,10,,,,,,,,MV123456,Paciente Auto,2026-04-22 04:57:39.113+00,,,,,,,,,false,,Centro Cirúrgico,in_use,,RoboTest Pro,
AUTO2084,,,MANOVACUOMETRO,,,,,,,,,,,,,,,,,,,,,,,,,,,,,,,CEIC-069214,,,,,,,,,,,,,,,,,,,,,,,CEIC,available,,RoboTest Pro,
AUTO2863,,,MANOVACUÔMETRO,,,,,,,,,,,,,,,,,,,,,,,,,,,,,,,CEIC-606128,,,,,,,,,,,,,,,,,,,,,,,CEIC,available,,RoboTest Pro,
AUTO3012,,,MANOVACUOMETRO,,,,,,,,,,,,,,,,,,,,,,,,,,,,,,,CEIC-228445,,,,,,,,,,,,,,,,,,,,,,,CEIC,available,,RoboTest Pro,
AUTO3995,,,MANOVACUOMETRO,,,,,,,,,,,,,,,,,,,,,,,,,,,,,,,CEIC-598454,,10,,,,,,,,MV123456,Paciente Auto,2026-04-22 04:36:48.515+00,,,,,,,,,false,,Centro Cirúrgico,in_use,,RoboTest Pro,
AUTO4787,,,MANOVACUÔMETRO,,,,,,,,,,,,,,,,,,,,,,,,,,,,,,,CEIC-081120,,10,,,,,,,,MV123456,Paciente Auto,2026-04-21 18:44:53.654+00,,,,,,,,,false,,Centro Cirúrgico,in_use,,RoboTest Pro,
AUTO5627,,,MANOVACUÔMETRO,,,,,,,,,,,,,,,,,,,,,,,,,,,,,,,CEIC-028164,,,,,,,,,,,,,,,,,,,,,,,CEIC,available,,RoboTest Pro,
AUTO5764,,,MANOVACUÔMETRO,,,,,,,,,,,,,,,,,,,,,,,,,,,,,,,CEIC-482078,,10,,,,,,,,MV123456,Paciente Auto,2026-04-21 18:34:53.273+00,,,,,,,,,false,,Centro Cirúrgico,in_use,,RoboTest Pro,
AUTO6167,,,MANOVACUÔMETRO,,,,,,,,,,,,,,,,,,,,,,,,,,,,,,,CEIC-774943,,,,,,,,,,,,,,,,,,,,,,,CEIC,available,,RoboTest Pro,
AUTO6465,,,MANOVACUÔMETRO,,,,,,,,,,,,,,,,,,,,,,,,,,,,,,,CEIC-772030,,,,,,,,,,,,,,,,,,,,,,,CEIC,available,,RoboTest Pro,
AUTO6696,,,MANOVACUOMETRO,,,,,,,,,,,,,,,,,,,,,,,,,,,,,,,CEIC-083609,,10,,,,,,,,MV123456,Paciente Auto,2026-04-22 04:44:57.931+00,,,,,,,,,false,,Centro Cirúrgico,in_use,,RoboTest Pro,
AUTO7315,,,MANOVACUOMETRO,,,,,,,,,,,,,,,,,,,,,,,,,,,,,,,CEIC-362152,,,,,,,,,,,,,,,,,,,,,,,CEIC,available,,RoboTest Pro,
AUTO7442,,,MANOVACUOMETRO,,,,,,,,,,,,,,,,,,,,,,,,,,,,,,,CEIC-185199,,10,,,,,,,,MV123456,Paciente Auto,2026-04-22 16:26:35.486+00,,,,,,,,,false,,Centro Cirúrgico,in_use,,RoboTest Pro,
AUTO7475,,,MANOVACUÔMETRO,,,,,,,,,,,,,,,,,,,,,,,,,,,,,,,CEIC-188092,,,,,,,,,,,,,,,,,,,,,,,CEIC,available,,RoboTest Pro,
AUTO7583,,,MANOVACUOMETRO,,,,,,,,,,,,,,,,,,,,,,,,,,,,,,,CEIC-871421,,10,,,,,,,,MV123456,Paciente Auto,2026-04-22 05:14:52.463+00,,,,,,,,,false,,Centro Cirúrgico,in_use,,RoboTest Pro,
AUTO7828,,,MANOVACUÔMETRO,,,,,,,,,,,,,,,,,,,,,,,,,,,,,,,CEIC-625962,,,,,,,,,,,,,,,,,,,,,,,CEIC,available,,RoboTest Pro,
AUTO8317,,,MANOVACUÔMETRO,,,,,,,,,,,,,,,,,,,,,,,,,,,,,,,CEIC-618445,,,,,,,,,,,,,,,,,,,,,,,CEIC,available,,RoboTest Pro,
AUTO9190,,,MANOVACUÔMETRO,,,,,,,,,,,,,,,,,,,,,,,,,,,,,,,CEIC-069334,,,,,,,,,,,,,,,,,,,,,,,CEIC,available,,RoboTest Pro,
AUTO9500,,,MANOVACUÔMETRO,,,,,,,,,,,,,,,,,,,,,,,,,,,,,,,CEIC-611579,,,,,,,,,,,,,,,,,,,,,,,CEIC,available,,RoboTest Pro,
DTUS0338,AGB81138174,,TRANSDUTOR DE ULTRASSOM,35C5,MINDRAY,NÃO CRÍTICO,BAIXA,HOSPITAL DAS CLÍNICAS,INSTITUTO CENTRAL - ICHC,IC - CENTRAL DE EQUIPAMENTOS DO INSTITUTO CENTRAL - 6º EE," AVENIDA DOUTOR ENÉAS DE CARVALHO AGUIAR 255, CERQUEIRA CÉSAR, SÃO PAULO-SP",SP,CERQUEIRA CÉSAR,SÃO PAULO,05403-010,"2929 - CENTRAL EQUIPAMENTO MÉDICO - CIEQ 09 PAMB ",,"15.000,00",2486,"0,00",,27/05/2019,,,,,,,COMODATO - MINDRAY,ATIVO,MINDRAY BRASIL,"PERTENCE AO EQUIPAMENTO DE ULTRASSOM MINDRAY - Z5 DE TAG: DUSO0202
12/06/2021 - TRANSDUTOR DTUS0338 ENCONTRA-SE COM O EQUIPAMENTO DE ULTRASSOM MINDRAY - Z5 DE TAG: DUSO0202",,68352a02-310e-4d73-9ca2-8aeae39fab3e,CEIC,,2026-04-07 20:24:33.872+00,true,,,,,false,,,,,,,,,,,,,2026-04-09 22:46:30.863+00,CEIC,available,DTUS0338,35C5,TRANSDUTOR DE ULTRASSOM
DTUS0339,AGC81129314,,TRANSDUTOR DE ULTRASSOM,75L38,MINDRAY,NÃO CRÍTICO,BAIXA,HOSPITAL DAS CLÍNICAS,INSTITUTO CENTRAL - ICHC,IC - CENTRAL DE EQUIPAMENTOS DO INSTITUTO CENTRAL - 6º EE," AVENIDA DOUTOR ENÉAS DE CARVALHO AGUIAR 255, CERQUEIRA CÉSAR, SÃO PAULO-SP",SP,CERQUEIRA CÉSAR,SÃO PAULO,05403-010,"2929 - CENTRAL EQUIPAMENTO MÉDICO - CIEQ 09 PAMB ",,"15.000,00",2486,"0,00",,27/05/2019,,,,,,,COMODATO - MINDRAY,ATIVO,MINDRAY BRASIL,"PERTENCE AO EQUIPAMENTO DE ULTRASSOM MINDRAY - Z5 DE TAG: DUSO0202
12/06/2021 - TRANSDUTOR DTUS0339 ENCONTRA-SE COM O EQUIPAMENTO DE ULTRASSOM MINDRAY - Z5 DE TAG: DUSO0202",,8f3479ed-4d10-42d8-a840-e064024d8fc5,,,,,,,,,,,,,,,,,,,,,,,CEIC,available,DTUS0339,75L38,TRANSDUTOR DE ULTRASSOM
DTUS0340,AGD81126361,,TRANSDUTOR DE ULTRASSOM,65EC10EA,MINDRAY,NÃO CRÍTICO,BAIXA,HOSPITAL DAS CLÍNICAS,INSTITUTO CENTRAL - ICHC,IC - CENTRAL DE EQUIPAMENTOS DO INSTITUTO CENTRAL - 6º EE," AVENIDA DOUTOR ENÉAS DE CARVALHO AGUIAR 255, CERQUEIRA CÉSAR, SÃO PAULO-SP",SP,CERQUEIRA CÉSAR,SÃO PAULO,05403-010,"2929 - CENTRAL EQUIPAMENTO MÉDICO - CIEQ 09 PAMB ",,"10.000,00",2486,"0,00",,27/05/2019,,,,,,,COMODATO - MINDRAY,ATIVO,MINDRAY BRASIL,"PERTENCE AO EQUIPAMENTO DE ULTRASSOM MINDRAY - Z5 DE TAG: DUSO0202
12/06/2021 - TRANSDUTOR DTUS0340 ENCONTRA-SE COM O EQUIPAMENTO DE ULTRASSOM MINDRAY - Z5 DE TAG: DUSO0202",,bf874aaa-ecad-4b53-926e-0ab6d94364db,,,,,,,,,,,,,,,,,,,,,,,CEIC,available,DTUS0340,65EC10EA,TRANSDUTOR DE ULTRASSOM
DTUS0484,953777WX0,,TRANSDUTOR DE ULTRASSOM,3SC-RS,GE HEALTHCARE,NÃO CRÍTICO,BAIXA,HOSPITAL DAS CLÍNICAS,INSTITUTO CENTRAL - ICHC,IC - CENTRAL DE EQUIPAMENTOS DO INSTITUTO CENTRAL - 6º EE," AVENIDA DOUTOR ENÉAS DE CARVALHO AGUIAR 255, CERQUEIRA CÉSAR, SÃO PAULO-SP",SP,CERQUEIRA CÉSAR,SÃO PAULO,05403-010,"2929 - CENTRAL EQUIPAMENTO MÉDICO - CIEQ 09 PAMB ",,"10.000,00",,"0,00",,07/05/2021,,,,DUSO0252,,,COMODATO - COMERCIAL 3 ALBE LTDA.,ATIVO,COMERCIAL 3 ALBE LDTA.,TRANSDUTOR PERTENCE AO ULTRASSOM TAG: DUSO0252 DO CONTRATO DE COMODATO DA 3 ALBE,,a5a7f8de-66b3-412b-ba55-9090c94ebce4,,,,,,,,,,,,,,,,,,,,,,,CEIC,available,DTUS0484,3SC-RS,TRANSDUTOR DE ULTRASSOM
DTUS0485,960182WX4,,TRANSDUTOR DE ULTRASSOM,4C-RS,GE HEALTHCARE,NÃO CRÍTICO,BAIXA,HOSPITAL DAS CLÍNICAS,INSTITUTO CENTRAL - ICHC,IC - CENTRAL DE EQUIPAMENTOS DO INSTITUTO CENTRAL - 6º EE," AVENIDA DOUTOR ENÉAS DE CARVALHO AGUIAR 255, CERQUEIRA CÉSAR, SÃO PAULO-SP",SP,CERQUEIRA CÉSAR,SÃO PAULO,05403-010,"2929 - CENTRAL EQUIPAMENTO MÉDICO - CIEQ 09 PAMB ",,"10.000,00",,"0,00",,07/05/2021,,,,DUSO0252,,,COMODATO - COMERCIAL 3 ALBE LTDA.,ATIVO,COMERCIAL 3 ALBE LDTA.,TRANSDUTOR PERTENCE AO ULTRASSOM DE TAG: DUSO0252 DO CONTRATO DE COMODATO COM A 3 ALBE.,,25197670-9386-4b4b-800b-350e95fc4cad,,,,,,,,,,,,,,,,,,,,,,,CEIC,available,DTUS0485,4C-RS,TRANSDUTOR DE ULTRASSOM
DTUS0486,952438WX0,,TRANSDUTOR DE ULTRASSOM,12L-RS,GE HEALTHCARE,NÃO CRÍTICO,BAIXA,HOSPITAL DAS CLÍNICAS,INSTITUTO CENTRAL - ICHC,IC - CENTRAL DE EQUIPAMENTOS DO INSTITUTO CENTRAL - 6º EE," AVENIDA DOUTOR ENÉAS DE CARVALHO AGUIAR 255, CERQUEIRA CÉSAR, SÃO PAULO-SP",SP,CERQUEIRA CÉSAR,SÃO PAULO,05403-010,"2929 - CENTRAL EQUIPAMENTO MÉDICO - CIEQ 09 PAMB ",,"10.000,00",,"0,00",,07/05/2021,,,,DUSO0252,,,COMODATO - COMERCIAL 3 ALBE LTDA.,ATIVO,COMERCIAL 3 ALBE LDTA.,TRANSDUTPOR PERTENCE AO ULTRASSOM TAG: DUSO0252 DO CONTRATO DE COMODATO COM A 3 ALBE,,8e74beb1-1899-4f21-b8e2-a2323d5298e2,,,,,,,,,,,,,,,,,,,,,,,CEIC,available,DTUS0486,12L-RS,TRANSDUTOR DE ULTRASSOM
DUSO0109,US80671035,HC 151523,ULTRASSOM,HD11XE,PHILIPS,NÃO CRÍTICO,BAIXA,HOSPITAL DAS CLÍNICAS,INSTITUTO CENTRAL - ICHC,IC - CENTRAL DE EQUIPAMENTOS DO INSTITUTO CENTRAL - 6º EE," AVENIDA DOUTOR ENÉAS DE CARVALHO AGUIAR 255, CERQUEIRA CÉSAR, SÃO PAULO-SP",SP,CERQUEIRA CÉSAR,SÃO PAULO,05403-010,"2929 - CENTRAL EQUIPAMENTO MÉDICO - CIEQ 09 PAMB ",14/03/2014,"100.000,00",,"100.000,00",01/01/2006,05/11/2014,,,,,10216710195,,PRÓPRIO,ATIVO,,,,8ebde7b9-a00a-4175-9de6-0cb5174b3796,03DN,,2026-03-29 20:51:47.384+00,true,,,,,false,,,,,,,,,,,,true,2026-03-29 20:55:56.378+00,CEIC,available,DUSO0109,HD11XE,ULTRASSOM
DUSO0202,VK-81001666,,ULTRASSOM,Z5 (PORTÁTIL),MINDRAY,NÃO CRÍTICO,BAIXA,HOSPITAL DAS CLÍNICAS,INSTITUTO CENTRAL - ICHC,IC - CENTRAL DE EQUIPAMENTOS DO INSTITUTO CENTRAL - 6º EE," AVENIDA DOUTOR ENÉAS DE CARVALHO AGUIAR 255, CERQUEIRA CÉSAR, SÃO PAULO-SP",SP,CERQUEIRA CÉSAR,SÃO PAULO,05403-010,"2929 - CENTRAL EQUIPAMENTO MÉDICO - CIEQ 09 PAMB ",,"75.000,00",2486,"0,00",,31/05/2019,,31/05/2019,,,80943619007,,COMODATO - MINDRAY,ATIVO,MINDRAY BRASIL,"ACOMPANHA:
1 UNIDADE DO TRANSDUTOR CONVEXO 35C5 DE NÚMERO DE SÉRIE: AGB81138174 DE TAG: DTUS0338;
1 UNIDADE DO TRANSDUTOR LINEAR 75L38 DE NÚMERO DE SÉRIE: AGC81129314 DE TAG: DTUS0339;
1 UNIDADE DO TRANSDUTOR ENDOCAVITARIO DE NÚMERO DE SÉRIE: AGD81126361 DE TAG: DTUS0340;
1 UNIDADE DO CARRINHO UMT-150 DE NÚMERO DE SÉRIE: PTA83009545
1 UNIDADE DE BOLSA DE TRANSPORTE LOTE: 21320313.10

12/06/2021 - TRANSDUTORES QUE ESTÃO COM O EQUIPAMENTO:
TRANSDUTOR CONVEXO 35C5 DE NÚMERO DE SÉRIE: AGB81138174 E DE TAG: DTUS0338;
TRANSDUTOR LINEAR 75L38 DE NÚMERO DE SÉRIE: AGC81129314 DE TAG: DTUS0339;",,b6998832-6fcb-4f40-afb3-f594b89ef898,03DN,,2026-03-29 20:55:34.083+00,true,,,,,false,,,,,,,,,,,,true,2026-03-29 20:55:57.077+00,CEIC,available,DUSO0202,Z5 (PORTÁTIL),ULTRASSOM
DUSO0252,6077457WX0,3ALBE 3480,ULTRASSOM,LOGIQ E (PORTÁTIL),GE HEALTHCARE,NÃO CRÍTICO,BAIXA,HOSPITAL DAS CLÍNICAS,INSTITUTO CENTRAL - ICHC,IC - CENTRAL DE EQUIPAMENTOS DO INSTITUTO CENTRAL - 6º EE," AVENIDA DOUTOR ENÉAS DE CARVALHO AGUIAR 255, CERQUEIRA CÉSAR, SÃO PAULO-SP",SP,CERQUEIRA CÉSAR,SÃO PAULO,05403-010,"2929 - CENTRAL EQUIPAMENTO MÉDICO - CIEQ 09 PAMB ",,"150.000,00",,"150.000,00",,07/05/2021,,,,,80071260179,,COMODATO - COMERCIAL 3 ALBE,ATIVO,COMERCIAL 3 ALBE LDTA.,"EQUIPAMENTO EM CONTRATO DE COMODATO PELA EMPRESA 3 ALBE. 
INSTALADO EM 07/05/2021. 
ACOMPANHA: 
01 UNID. TRANSDUTOR SETORIAL MOD. 3SC-RS, SÉRIE: 953782WX0
01 UNID. TRANSDUTOR CONVEXO MOD. 4C-RS, SÉRIE: 957069WX8
01 UNID. TRANSDUTOR LINEAR MOD. 12L-RS, SÉRIE: 952442WX2
01 UNID. CARRINHO DE TRANSPORTE, SÉRIE: 110V21040129
01 UNID. MALETA DE TRANSPORTE 
PEN DRIVE 
MANUAIS",,0de8ef55-e21a-415d-9ce5-40aab20f9033,,,,,,,,,,,,,,,,,,,,,,,CEIC,available,DUSO0252,LOGIQ E (PORTÁTIL),ULTRASSOM
EBVP0037,129411,MM001820,BLENDER PARA VENTILADOR PULMONAR,AIR - O2 BLENDER,INTERMED,CRÍTICO,ALTA,HOSPITAL DAS CLÍNICAS,INSTITUTO CENTRAL - ICHC,IC - CENTRAL DE EQUIPAMENTOS DO INSTITUTO CENTRAL - 6º EE," AVENIDA DOUTOR ENÉAS DE CARVALHO AGUIAR 255, CERQUEIRA CÉSAR, SÃO PAULO-SP",SP,CERQUEIRA CÉSAR,SÃO PAULO,05403-010,"2929 - CENTRAL EQUIPAMENTO MÉDICO - CIEQ 09 PAMB ",,"7.000,00",,"0,00",,29/01/2019,,,,,,,COMODATO - MULTMED,ATIVO,MULT MED EQUIPAMENTOS HOSPITALARES LTDA,,,0c33a230-bb85-4fb1-9ebc-cc9796dae714,,10,,,,,,,,MV000000,Paciente Diagnóstico,2026-04-28 19:54:20.623+00,,,,,,,,,false,,Centro Cirúrgico,in_use,EBVP0037,AIR - O2 BLENDER,BLENDER PARA VENTILADOR PULMONAR
EBVP0038,129402,MM001822,BLENDER PARA VENTILADOR PULMONAR,AIR - O2 BLENDER,INTERMED,CRÍTICO,ALTA,HOSPITAL DAS CLÍNICAS,INSTITUTO CENTRAL - ICHC,IC - CENTRAL DE EQUIPAMENTOS DO INSTITUTO CENTRAL - 6º EE," AVENIDA DOUTOR ENÉAS DE CARVALHO AGUIAR 255, CERQUEIRA CÉSAR, SÃO PAULO-SP",SP,CERQUEIRA CÉSAR,SÃO PAULO,05403-010,"2929 - CENTRAL EQUIPAMENTO MÉDICO - CIEQ 09 PAMB ",,"7.000,00",,"0,00",,29/01/2019,,,,,,,COMODATO - MULTMED,ATIVO,MULT MED EQUIPAMENTOS HOSPITALARES LTDA,,,4ba7242e-4798-44a9-a4df-cbf8be9aca34,,,,,,,,,,,,,,,,,,,,,,,CEIC,available,EBVP0038,AIR - O2 BLENDER,BLENDER PARA VENTILADOR PULMONAR
EBVP0040,129416,MM001828,BLENDER PARA VENTILADOR PULMONAR,AIR - O2 BLENDER,INTERMED,CRÍTICO,ALTA,HOSPITAL DAS CLÍNICAS,INSTITUTO CENTRAL - ICHC,IC - CENTRAL DE EQUIPAMENTOS DO INSTITUTO CENTRAL - 6º EE," AVENIDA DOUTOR ENÉAS DE CARVALHO AGUIAR 255, CERQUEIRA CÉSAR, SÃO PAULO-SP",SP,CERQUEIRA CÉSAR,SÃO PAULO,05403-010,"2929 - CENTRAL EQUIPAMENTO MÉDICO - CIEQ 09 PAMB ",,"7.000,00",,"0,00",,29/01/2019,,,,,,,COMODATO - MULTMED,ATIVO,,,,9ef14497-c6ac-4448-9262-551f788e90e5,,,,,,,,,,,,,,,,,,,,,,,CEIC,available,EBVP0040,AIR - O2 BLENDER,BLENDER PARA VENTILADOR PULMONAR
EBVP0044,122903,MM002613,BLENDER PARA VENTILADOR PULMONAR,AIR - O2 BLENDER,INTERMED,CRÍTICO,ALTA,HOSPITAL DAS CLÍNICAS,INSTITUTO CENTRAL - ICHC,IC - CENTRAL DE EQUIPAMENTOS DO INSTITUTO CENTRAL - 6º EE," AVENIDA DOUTOR ENÉAS DE CARVALHO AGUIAR 255, CERQUEIRA CÉSAR, SÃO PAULO-SP",SP,CERQUEIRA CÉSAR,SÃO PAULO,05403-010,"2929 - CENTRAL EQUIPAMENTO MÉDICO - CIEQ 09 PAMB ",,"7.000,00",,"0,00",,13/04/2020,,,,,,,COMODATO - MULTMED,ATIVO,,,,0b3b529a-0f73-44b1-890b-f55e7425792a,,10,,,,,,,,MV000000,Paciente Diagnóstico,2026-04-26 19:45:18.18+00,,,,,,,,,false,,Centro Cirúrgico,in_use,EBVP0044,AIR - O2 BLENDER,BLENDER PARA VENTILADOR PULMONAR
EBVP0049,TRB-20050603,,BLENDER PARA VENTILADOR PULMONAR,TR BLENDER,TREND MEDICAL,CRÍTICO,ALTA,HOSPITAL DAS CLÍNICAS,INSTITUTO CENTRAL - ICHC,IC - CENTRAL DE EQUIPAMENTOS DO INSTITUTO CENTRAL - 6º EE," AVENIDA DOUTOR ENÉAS DE CARVALHO AGUIAR 255, CERQUEIRA CÉSAR, SÃO PAULO-SP",SP,CERQUEIRA CÉSAR,SÃO PAULO,05403-010,"2929 - CENTRAL EQUIPAMENTO MÉDICO - CIEQ 09 PAMB ",22/05/2020,"6.000,00",,"0,00",01/05/2020,25/05/2020,,25/05/2021,,,81628579002,,EMPRESTADO - SECRETÁRIA DE SAÚDE DE SÃO PAULO,ATIVO,TRANSPORTE HC,,,17dded9c-b257-4dcf-86c3-09be8fa5b07b,,,,,,,,,,,,,,,,,,,,,,,CEIC,available,EBVP0049,TR BLENDER,BLENDER PARA VENTILADOR PULMONAR
EBVP0050,TRB-20050606,,BLENDER PARA VENTILADOR PULMONAR,TR BLENDER,TREND MEDICAL,CRÍTICO,ALTA,HOSPITAL DAS CLÍNICAS,INSTITUTO CENTRAL - ICHC,IC - CENTRAL DE EQUIPAMENTOS DO INSTITUTO CENTRAL - 6º EE," AVENIDA DOUTOR ENÉAS DE CARVALHO AGUIAR 255, CERQUEIRA CÉSAR, SÃO PAULO-SP",SP,CERQUEIRA CÉSAR,SÃO PAULO,05403-010,"2929 - CENTRAL EQUIPAMENTO MÉDICO - CIEQ 09 PAMB ",22/05/2020,"6.000,00",,"0,00",01/05/2020,25/05/2020,,25/05/2021,,,81628579002,,EMPRESTADO - SECRETÁRIA DE SAÚDE DE SÃO PAULO,ATIVO,,,,c2d6a4c7-2283-4149-ab0e-2b29c461d6b6,,,,,,,,,,,,,,,,,,,,,,,CEIC,available,EBVP0050,TR BLENDER,BLENDER PARA VENTILADOR PULMONAR
EBVP0051,TRB-20050633,,BLENDER PARA VENTILADOR PULMONAR,TR BLENDER,TREND MEDICAL,CRÍTICO,ALTA,HOSPITAL DAS CLÍNICAS,INSTITUTO CENTRAL - ICHC,IC - CENTRAL DE EQUIPAMENTOS DO INSTITUTO CENTRAL - 6º EE," AVENIDA DOUTOR ENÉAS DE CARVALHO AGUIAR 255, CERQUEIRA CÉSAR, SÃO PAULO-SP",SP,CERQUEIRA CÉSAR,SÃO PAULO,05403-010,"2929 - CENTRAL EQUIPAMENTO MÉDICO - CIEQ 09 PAMB ",22/05/2020,"6.000,00",,"0,00",01/05/2020,25/05/2020,,25/05/2021,,,81628579002,,EMPRESTADO - SECRETÁRIA DE SAÚDE DE SÃO PAULO,ATIVO,,,,115b289f-8746-493e-8065-078016f42fca,,10,,,,,,,,MV000000,Paciente Diagnóstico,2026-05-01 06:24:19.579+00,,,,,,,,,false,,Centro Cirúrgico,in_use,EBVP0051,TR BLENDER,BLENDER PARA VENTILADOR PULMONAR
EBVP0052,TRB-20050327,,BLENDER PARA VENTILADOR PULMONAR,TR BLENDER,TREND MEDICAL,CRÍTICO,ALTA,HOSPITAL DAS CLÍNICAS,INSTITUTO CENTRAL - ICHC,IC - CENTRAL DE EQUIPAMENTOS DO INSTITUTO CENTRAL - 6º EE," AVENIDA DOUTOR ENÉAS DE CARVALHO AGUIAR 255, CERQUEIRA CÉSAR, SÃO PAULO-SP",SP,CERQUEIRA CÉSAR,SÃO PAULO,05403-010,"2929 - CENTRAL EQUIPAMENTO MÉDICO - CIEQ 09 PAMB ",22/05/2020,"6.000,00",,"0,00",01/05/2020,25/05/2020,,25/05/2021,,,81628579002,,EMPRESTADO - SECRETÁRIA DE SAÚDE DE SÃO PAULO,ATIVO,,,,c6842439-c489-4598-b3e8-854860490d5e,,,,,,,,,,,,,,,,,,,,,,,CEIC,available,EBVP0052,TR BLENDER,BLENDER PARA VENTILADOR PULMONAR
EBVP0053,TRB-20050498,,BLENDER PARA VENTILADOR PULMONAR,TR BLENDER,TREND MEDICAL,CRÍTICO,ALTA,HOSPITAL DAS CLÍNICAS,INSTITUTO CENTRAL - ICHC,IC - CENTRAL DE EQUIPAMENTOS DO INSTITUTO CENTRAL - 6º EE," AVENIDA DOUTOR ENÉAS DE CARVALHO AGUIAR 255, CERQUEIRA CÉSAR, SÃO PAULO-SP",SP,CERQUEIRA CÉSAR,SÃO PAULO,05403-010,"2929 - CENTRAL EQUIPAMENTO MÉDICO - CIEQ 09 PAMB ",22/05/2020,"6.000,00",,"0,00",01/05/2020,25/05/2020,,25/05/2021,,,81628579002,,EMPRESTADO - SECRETÁRIA DE SAÚDE DE SÃO PAULO,ATIVO,,,,5c7044fc-ad2b-4671-a0b0-d819c8f5874d,,10,,,,,,,,MV000000,Paciente Diagnóstico,2026-04-22 12:02:47.354+00,,,,,,,,,false,,Centro Cirúrgico,in_use,EBVP0053,TR BLENDER,BLENDER PARA VENTILADOR PULMONAR
EBVP0054,TRB-20050570,,BLENDER PARA VENTILADOR PULMONAR,TR BLENDER,TREND MEDICAL,CRÍTICO,ALTA,HOSPITAL DAS CLÍNICAS,INSTITUTO CENTRAL - ICHC,IC - CENTRAL DE EQUIPAMENTOS DO INSTITUTO CENTRAL - 6º EE," AVENIDA DOUTOR ENÉAS DE CARVALHO AGUIAR 255, CERQUEIRA CÉSAR, SÃO PAULO-SP",SP,CERQUEIRA CÉSAR,SÃO PAULO,05403-010,"2929 - CENTRAL EQUIPAMENTO MÉDICO - CIEQ 09 PAMB ",22/05/2020,"6.000,00",,"0,00",01/05/2020,25/05/2020,,25/05/2021,,,81628579002,,EMPRESTADO - SECRETÁRIA DE SAÚDE DE SÃO PAULO,ATIVO,,,,60498165-6cea-4b58-8f23-344d0f69780f,,10,,,,,,,,MV000000,Paciente Diagnóstico,2026-04-26 19:44:39.418+00,,,,,,,,,false,,Centro Cirúrgico,in_use,EBVP0054,TR BLENDER,BLENDER PARA VENTILADOR PULMONAR
EBVP0055,TRB-20050496,,BLENDER PARA VENTILADOR PULMONAR,TR BLENDER,TREND MEDICAL,CRÍTICO,ALTA,HOSPITAL DAS CLÍNICAS,INSTITUTO CENTRAL - ICHC,IC - CENTRAL DE EQUIPAMENTOS DO INSTITUTO CENTRAL - 6º EE," AVENIDA DOUTOR ENÉAS DE CARVALHO AGUIAR 255, CERQUEIRA CÉSAR, SÃO PAULO-SP",SP,CERQUEIRA CÉSAR,SÃO PAULO,05403-010,"2929 - CENTRAL EQUIPAMENTO MÉDICO - CIEQ 09 PAMB ",22/05/2020,"6.000,00",,"0,00",01/05/2020,25/05/2020,,25/05/2021,,,81628579002,,EMPRESTADO - SECRETÁRIA DE SAÚDE DE SÃO PAULO,ATIVO,,,,9fafe746-1332-4394-9ae2-cd9199e62a68,,10,,,,,,,,MV000000,Paciente Diagnóstico,2026-05-04 19:07:35.806+00,,,,,,,,,false,,Centro Cirúrgico,in_use,EBVP0055,TR BLENDER,BLENDER PARA VENTILADOR PULMONAR
EBVP0056,TRB-20050678,,BLENDER PARA VENTILADOR PULMONAR,TR BLENDER,TREND MEDICAL,CRÍTICO,ALTA,HOSPITAL DAS CLÍNICAS,INSTITUTO CENTRAL - ICHC,IC - CENTRAL DE EQUIPAMENTOS DO INSTITUTO CENTRAL - 6º EE," AVENIDA DOUTOR ENÉAS DE CARVALHO AGUIAR 255, CERQUEIRA CÉSAR, SÃO PAULO-SP",SP,CERQUEIRA CÉSAR,SÃO PAULO,05403-010,"2929 - CENTRAL EQUIPAMENTO MÉDICO - CIEQ 09 PAMB ",22/05/2020,"6.000,00",,"0,00",01/05/2020,25/05/2020,,25/05/2021,,,81628579002,,EMPRESTADO - SECRETÁRIA DE SAÚDE DE SÃO PAULO,ATIVO,,,,95d0e6df-fd40-4f46-bc57-16c1221e5fb5,,10,,,,,,,,MV000000,Paciente Diagnóstico,2026-05-01 05:43:32.779+00,,,,,,,,,false,,Centro Cirúrgico,in_use,EBVP0056,TR BLENDER,BLENDER PARA VENTILADOR PULMONAR
EBVP0057,TRB-20050576,,BLENDER PARA VENTILADOR PULMONAR,TR BLENDER,TREND MEDICAL,CRÍTICO,ALTA,HOSPITAL DAS CLÍNICAS,INSTITUTO CENTRAL - ICHC,IC - CENTRAL DE EQUIPAMENTOS DO INSTITUTO CENTRAL - 6º EE," AVENIDA DOUTOR ENÉAS DE CARVALHO AGUIAR 255, CERQUEIRA CÉSAR, SÃO PAULO-SP",SP,CERQUEIRA CÉSAR,SÃO PAULO,05403-010,"2929 - CENTRAL EQUIPAMENTO MÉDICO - CIEQ 09 PAMB ",22/05/2020,"6.000,00",,"0,00",01/05/2020,25/05/2020,,25/05/2021,,,81628579002,,EMPRESTADO - SECRETÁRIA DE SAÚDE DE SÃO PAULO,ATIVO,,,,63f41a74-befd-4d24-9cd9-f8b2a66ea7e0,,10,,,,,,,,MV000000,Paciente Diagnóstico,2026-05-04 19:03:53.674+00,,,,,,,,,false,,Centro Cirúrgico,in_use,EBVP0057,TR BLENDER,BLENDER PARA VENTILADOR PULMONAR
EBVP0058,TRB-20050319,,BLENDER PARA VENTILADOR PULMONAR,TR BLENDER,TREND MEDICAL,CRÍTICO,ALTA,HOSPITAL DAS CLÍNICAS,INSTITUTO CENTRAL - ICHC,IC - CENTRAL DE EQUIPAMENTOS DO INSTITUTO CENTRAL - 6º EE," AVENIDA DOUTOR ENÉAS DE CARVALHO AGUIAR 255, CERQUEIRA CÉSAR, SÃO PAULO-SP",SP,CERQUEIRA CÉSAR,SÃO PAULO,05403-010,"2929 - CENTRAL EQUIPAMENTO MÉDICO - CIEQ 09 PAMB ",22/05/2020,"6.000,00",,"0,00",01/05/2020,25/05/2020,,25/05/2021,,,81628579002,,EMPRESTADO - SECRETÁRIA DE SAÚDE DE SÃO PAULO,ATIVO,,,,5b57cc41-2afd-401b-a568-b2bd6131f652,,,,,,,,,,,,,,,,,,,,,,,CEIC,available,EBVP0058,TR BLENDER,BLENDER PARA VENTILADOR PULMONAR
EBVP0059,147556,,BLENDER PARA VENTILADOR PULMONAR,OXIGEL,OXIGEL MATERIAIS HOSPITALARES INDUSTRIA E COMERCIO LTDA,CRÍTICO,ALTA,HOSPITAL DAS CLÍNICAS,INSTITUTO CENTRAL - ICHC,IC - CENTRAL DE EQUIPAMENTOS DO INSTITUTO CENTRAL - 6º EE," AVENIDA DOUTOR ENÉAS DE CARVALHO AGUIAR 255, CERQUEIRA CÉSAR, SÃO PAULO-SP",SP,CERQUEIRA CÉSAR,SÃO PAULO,05403-010,"2929 - CENTRAL EQUIPAMENTO MÉDICO - CIEQ 09 PAMB ",26/06/2020,"3.658,53",37846,"3.658,53",,26/06/2020,,26/06/2021,,,10330520031,,PRÓPRIO,ATIVO,MULT MED EQUIPAMENTOS HOSPITALARES LTDA,,,84ba7a70-04bc-4de2-bcbd-b563b1fab87e,,10,,,,,,,,MV000000,Paciente Diagnóstico,2026-04-28 19:54:46.135+00,,,,,,,,,false,,ENF. RETAG EMERG CLINICA,in_use,EBVP0059,OXIGEL,BLENDER PARA VENTILADOR PULMONAR
EBVP0061,147543,,BLENDER PARA VENTILADOR PULMONAR,OXIGEL,OXIGEL MATERIAIS HOSPITALARES INDUSTRIA E COMERCIO LTDA,CRÍTICO,ALTA,HOSPITAL DAS CLÍNICAS,INSTITUTO CENTRAL - ICHC,IC - CENTRAL DE EQUIPAMENTOS DO INSTITUTO CENTRAL - 6º EE," AVENIDA DOUTOR ENÉAS DE CARVALHO AGUIAR 255, CERQUEIRA CÉSAR, SÃO PAULO-SP",SP,CERQUEIRA CÉSAR,SÃO PAULO,05403-010,"2929 - CENTRAL EQUIPAMENTO MÉDICO - CIEQ 09 PAMB ",26/06/2020,"3.658,53",37846,"3.658,53",,26/06/2020,,26/06/2021,,,10330520031,,PRÓPRIO,ATIVO,MULT MED EQUIPAMENTOS HOSPITALARES LTDA,,,2f88473d-2df1-496f-8247-cc8e351fa9e3,,10,,,,,,,,MV000000,Paciente Diagnóstico,2026-04-22 12:02:54.135+00,,,,,,,,,false,,Centro Cirúrgico,in_use,EBVP0061,OXIGEL,BLENDER PARA VENTILADOR PULMONAR
EBVP0062,147550,,BLENDER PARA VENTILADOR PULMONAR,OXIGEL,OXIGEL MATERIAIS HOSPITALARES INDUSTRIA E COMERCIO LTDA,CRÍTICO,ALTA,HOSPITAL DAS CLÍNICAS,INSTITUTO CENTRAL - ICHC,IC - CENTRAL DE EQUIPAMENTOS DO INSTITUTO CENTRAL - 6º EE," AVENIDA DOUTOR ENÉAS DE CARVALHO AGUIAR 255, CERQUEIRA CÉSAR, SÃO PAULO-SP",SP,CERQUEIRA CÉSAR,SÃO PAULO,05403-010,"2929 - CENTRAL EQUIPAMENTO MÉDICO - CIEQ 09 PAMB ",26/06/2020,"3.658,53",37846,"3.658,53",,26/06/2020,,26/06/2021,,,10330520031,,PRÓPRIO,ATIVO,MULT MED EQUIPAMENTOS HOSPITALARES LTDA,,,92a918cc-33b2-41e3-9447-a11ce0384da7,,10,,,,,,,,MV000000,Paciente Diagnóstico,2026-04-28 19:55:19.889+00,,,,,,,,,false,,ENF. RETAG EMERG CLINICA,in_use,EBVP0062,OXIGEL,BLENDER PARA VENTILADOR PULMONAR
EBVP0065,147545,,BLENDER PARA VENTILADOR PULMONAR,OXIGEL,OXIGEL MATERIAIS HOSPITALARES INDUSTRIA E COMERCIO LTDA,CRÍTICO,ALTA,HOSPITAL DAS CLÍNICAS,INSTITUTO CENTRAL - ICHC,IC - CENTRAL DE EQUIPAMENTOS DO INSTITUTO CENTRAL - 6º EE," AVENIDA DOUTOR ENÉAS DE CARVALHO AGUIAR 255, CERQUEIRA CÉSAR, SÃO PAULO-SP",SP,CERQUEIRA CÉSAR,SÃO PAULO,05403-010,"2929 - CENTRAL EQUIPAMENTO MÉDICO - CIEQ 09 PAMB ",26/06/2020,"3.658,53",37846,"3.658,53",,26/06/2020,,26/06/2021,,,10330520031,,PRÓPRIO,ATIVO,MULT MED EQUIPAMENTOS HOSPITALARES LTDA,,,e05886c7-28bb-4cf4-9f0c-d3e06f31a377,,10,,,,,,,,MV000000,Paciente Diagnóstico,2026-05-01 06:15:46.6+00,,,,,,,,,false,,Centro Cirúrgico,in_use,EBVP0065,OXIGEL,BLENDER PARA VENTILADOR PULMONAR
EBVP0066,147544,,BLENDER PARA VENTILADOR PULMONAR,OXIGEL,OXIGEL MATERIAIS HOSPITALARES INDUSTRIA E COMERCIO LTDA,CRÍTICO,ALTA,HOSPITAL DAS CLÍNICAS,INSTITUTO CENTRAL - ICHC,IC - CENTRAL DE EQUIPAMENTOS DO INSTITUTO CENTRAL - 6º EE," AVENIDA DOUTOR ENÉAS DE CARVALHO AGUIAR 255, CERQUEIRA CÉSAR, SÃO PAULO-SP",SP,CERQUEIRA CÉSAR,SÃO PAULO,05403-010,"2929 - CENTRAL EQUIPAMENTO MÉDICO - CIEQ 09 PAMB ",26/06/2020,"3.658,53",37846,"3.658,53",,26/06/2020,,26/06/2021,,,10330520031,,PRÓPRIO,ATIVO,MULT MED EQUIPAMENTOS HOSPITALARES LTDA,,,66bccb37-fee8-448a-b882-482edfa73028,,10,,,,,,,,MV000000,Paciente Diagnóstico,2026-04-29 13:49:18.995+00,,,,,,,,,false,,Centro Cirúrgico,in_use,EBVP0066,OXIGEL,BLENDER PARA VENTILADOR PULMONAR
EBVP0067,147557,,BLENDER PARA VENTILADOR PULMONAR,OXIGEL,OXIGEL MATERIAIS HOSPITALARES INDUSTRIA E COMERCIO LTDA,CRÍTICO,ALTA,HOSPITAL DAS CLÍNICAS,INSTITUTO CENTRAL - ICHC,IC - CENTRAL DE EQUIPAMENTOS DO INSTITUTO CENTRAL - 6º EE," AVENIDA DOUTOR ENÉAS DE CARVALHO AGUIAR 255, CERQUEIRA CÉSAR, SÃO PAULO-SP",SP,CERQUEIRA CÉSAR,SÃO PAULO,05403-010,"2929 - CENTRAL EQUIPAMENTO MÉDICO - CIEQ 09 PAMB ",26/06/2020,"3.658,53",37846,"3.658,53",,26/06/2020,,26/06/2021,,,10330520031,,PRÓPRIO,ATIVO,MULT MED EQUIPAMENTOS HOSPITALARES LTDA,,,e905c80c-9274-4b25-a0de-a62455c0e425,,10,,,,,,,,MV000000,Paciente Diagnóstico,2026-04-28 19:54:56.969+00,,,,,,,,,false,,ENF. RETAG EMERG CLINICA,in_use,EBVP0067,OXIGEL,BLENDER PARA VENTILADOR PULMONAR
EBVP0070,147561,,BLENDER PARA VENTILADOR PULMONAR,OXIGEL,OXIGEL MATERIAIS HOSPITALARES INDUSTRIA E COMERCIO LTDA,CRÍTICO,ALTA,HOSPITAL DAS CLÍNICAS,INSTITUTO CENTRAL - ICHC,IC - CENTRAL DE EQUIPAMENTOS DO INSTITUTO CENTRAL - 6º EE," AVENIDA DOUTOR ENÉAS DE CARVALHO AGUIAR 255, CERQUEIRA CÉSAR, SÃO PAULO-SP",SP,CERQUEIRA CÉSAR,SÃO PAULO,05403-010,"2929 - CENTRAL EQUIPAMENTO MÉDICO - CIEQ 09 PAMB ",26/06/2020,"3.658,53",37846,"3.658,53",,26/06/2020,,26/06/2021,,,10330520031,,PRÓPRIO,ATIVO,MULT MED EQUIPAMENTOS HOSPITALARES LTDA,,,b76ca426-8987-4cd4-b786-546ae144b438,,,,,,,,,,,,,,,,,,,,,,,CEIC,available,EBVP0070,OXIGEL,BLENDER PARA VENTILADOR PULMONAR
EBVP0075,122910,,BLENDER PARA VENTILADOR PULMONAR,OXIGEL,OXIGEL MATERIAIS HOSPITALARES INDUSTRIA E COMERCIO LTDA,CRÍTICO,ALTA,HOSPITAL DAS CLÍNICAS,INSTITUTO CENTRAL - ICHC,IC - CENTRAL DE EQUIPAMENTOS DO INSTITUTO CENTRAL - 6º EE," AVENIDA DOUTOR ENÉAS DE CARVALHO AGUIAR 255, CERQUEIRA CÉSAR, SÃO PAULO-SP",SP,CERQUEIRA CÉSAR,SÃO PAULO,05403-010,"2929 - CENTRAL EQUIPAMENTO MÉDICO - CIEQ 09 PAMB ",26/06/2020,"3.658,53",37846,"3.658,53",,26/06/2020,,26/06/2021,,,10330520031,,PRÓPRIO,ATIVO,MULT MED EQUIPAMENTOS HOSPITALARES LTDA,,,9f21fb83-14de-428a-8723-35b0bf9b7978,,10,,,,,,,,MV000000,Paciente Diagnóstico,2026-04-28 19:55:09.009+00,,,,,,,,,false,,ENF. RETAG EMERG CLINICA,in_use,EBVP0075,OXIGEL,BLENDER PARA VENTILADOR PULMONAR
EBVP0076,147553,,BLENDER PARA VENTILADOR PULMONAR,OXIGEL,OXIGEL MATERIAIS HOSPITALARES INDUSTRIA E COMERCIO LTDA,CRÍTICO,ALTA,HOSPITAL DAS CLÍNICAS,INSTITUTO CENTRAL - ICHC,IC - CENTRAL DE EQUIPAMENTOS DO INSTITUTO CENTRAL - 6º EE," AVENIDA DOUTOR ENÉAS DE CARVALHO AGUIAR 255, CERQUEIRA CÉSAR, SÃO PAULO-SP",SP,CERQUEIRA CÉSAR,SÃO PAULO,05403-010,"2929 - CENTRAL EQUIPAMENTO MÉDICO - CIEQ 09 PAMB ",26/06/2020,"3.658,53",37846,"3.658,53",,26/06/2020,,26/06/2021,,,10330520031,,PRÓPRIO,ATIVO,MULT MED EQUIPAMENTOS HOSPITALARES LTDA,,,291875df-9947-4c64-bcba-06bc852bd2a1,,10,,,,,,,,MV000000,Paciente Diagnóstico,2026-05-01 06:24:29.482+00,,,,,,,,,false,,Centro Cirúrgico,in_use,EBVP0076,OXIGEL,BLENDER PARA VENTILADOR PULMONAR
EBVP0078,147549,,BLENDER PARA VENTILADOR PULMONAR,OXIGEL,OXIGEL MATERIAIS HOSPITALARES INDUSTRIA E COMERCIO LTDA,CRÍTICO,ALTA,HOSPITAL DAS CLÍNICAS,INSTITUTO CENTRAL - ICHC,IC - CENTRAL DE EQUIPAMENTOS DO INSTITUTO CENTRAL - 6º EE," AVENIDA DOUTOR ENÉAS DE CARVALHO AGUIAR 255, CERQUEIRA CÉSAR, SÃO PAULO-SP",SP,CERQUEIRA CÉSAR,SÃO PAULO,05403-010,"2929 - CENTRAL EQUIPAMENTO MÉDICO - CIEQ 09 PAMB ",26/06/2020,"3.658,53",37846,"3.658,53",,26/06/2020,,26/06/2021,,,10330520031,,PRÓPRIO,ATIVO,MULT MED EQUIPAMENTOS HOSPITALARES LTDA,,,28e63171-01e5-4772-93fa-6a0753671322,,10,,,,,,,false,MV000000,Paciente Diagnóstico,2026-04-28 19:54:32.359+00,,,,,,,,,true,,ENF. RETAG EMERG CLINICA,in_use,EBVP0078,OXIGEL,BLENDER PARA VENTILADOR PULMONAR
EBVP0079,110212,MM002014,BLENDER PARA VENTILADOR PULMONAR,AIR - O2 BLENDER,INTERMED,CRÍTICO,ALTA,HOSPITAL DAS CLÍNICAS,INSTITUTO CENTRAL - ICHC,IC - CENTRAL DE EQUIPAMENTOS DO INSTITUTO CENTRAL - 6º EE," AVENIDA DOUTOR ENÉAS DE CARVALHO AGUIAR 255, CERQUEIRA CÉSAR, SÃO PAULO-SP",SP,CERQUEIRA CÉSAR,SÃO PAULO,05403-010,"2929 - CENTRAL EQUIPAMENTO MÉDICO - CIEQ 09 PAMB ",,"7.000,00",,"0,00",,11/08/2020,,,,,,,COMODATO - MULTMED,ATIVO,MULT MED EQUIPAMENTOS HOSPITALARES LTDA,,,64dce49d-b73c-40dc-9c8a-5a072824a8e7,,,,,,,,,,,,,,,,,,,,,,,CEIC,available,EBVP0079,AIR - O2 BLENDER,BLENDER PARA VENTILADOR PULMONAR
EBVP0086,154192,003528,BLENDER PARA VENTILADOR PULMONAR,OXIGEL,OXIGEL MATERIAIS HOSPITALARES INDUSTRIA E COMERCIO LTDA,NÃO CRÍTICO,BAIXA,HOSPITAL DAS CLÍNICAS,INSTITUTO CENTRAL - ICHC,IC - CENTRAL DE EQUIPAMENTOS DO INSTITUTO CENTRAL - 6º EE," AVENIDA DOUTOR ENÉAS DE CARVALHO AGUIAR 255, CERQUEIRA CÉSAR, SÃO PAULO-SP",SP,CERQUEIRA CÉSAR,SÃO PAULO,05403-010,"2929 - CENTRAL EQUIPAMENTO MÉDICO - CIEQ 09 PAMB ",27/07/2021,"3.658,53",,"8.500,00",,27/07/2021,,,,,10330520031,,COMODATO - CONTRATO MULTMED PREGÃO Nº304/2021,ATIVO,MULT MED EQUIPAMENTOS HOSPITALARES LTDA,,,ec97252c-5ede-4403-bc6a-dce25e755dd9,,10,,,,,,,false,MV000000,Paciente Diagnóstico,2026-04-26 20:48:42.078+00,,,,,,,,,true,,ENF. RETAG EMERG CLINICA,in_use,EBVP0086,OXIGEL,BLENDER PARA VENTILADOR PULMONAR
EBVP0088,154195,003526,BLENDER PARA VENTILADOR PULMONAR,OXIGEL,OXIGEL MATERIAIS HOSPITALARES INDUSTRIA E COMERCIO LTDA,NÃO CRÍTICO,BAIXA,HOSPITAL DAS CLÍNICAS,INSTITUTO CENTRAL - ICHC,IC - CENTRAL DE EQUIPAMENTOS DO INSTITUTO CENTRAL - 6º EE," AVENIDA DOUTOR ENÉAS DE CARVALHO AGUIAR 255, CERQUEIRA CÉSAR, SÃO PAULO-SP",SP,CERQUEIRA CÉSAR,SÃO PAULO,05403-010,"2929 - CENTRAL EQUIPAMENTO MÉDICO - CIEQ 09 PAMB ",27/07/2021,"3.658,53",,"8.500,00",,27/07/2021,,,,,10330520031,,COMODATO - CONTRATO MULTMED PREGÃO Nº304/2021,ATIVO,MULT MED EQUIPAMENTOS HOSPITALARES LTDA,,,0dd95990-bcfb-47df-b439-fb5a81b8264d,,,,,,,,,,,,,,,,,,,,,,,CEIC,available,EBVP0088,OXIGEL,BLENDER PARA VENTILADOR PULMONAR
EBVP0090,154194,003530,BLENDER PARA VENTILADOR PULMONAR,OXIGEL,OXIGEL MATERIAIS HOSPITALARES INDUSTRIA E COMERCIO LTDA,NÃO CRÍTICO,BAIXA,HOSPITAL DAS CLÍNICAS,INSTITUTO CENTRAL - ICHC,IC - CENTRAL DE EQUIPAMENTOS DO INSTITUTO CENTRAL - 6º EE," AVENIDA DOUTOR ENÉAS DE CARVALHO AGUIAR 255, CERQUEIRA CÉSAR, SÃO PAULO-SP",SP,CERQUEIRA CÉSAR,SÃO PAULO,05403-010,"2929 - CENTRAL EQUIPAMENTO MÉDICO - CIEQ 09 PAMB ",27/07/2021,"3.658,53",,"8.500,00",,27/07/2021,,,,,10330520031,,COMODATO - CONTRATO MULTMED PREGÃO Nº304/2021,ATIVO,MULT MED EQUIPAMENTOS HOSPITALARES LTDA,,,94c71690-b2e0-46f2-9d75-872c385710a9,,10,,,,,,,,MV000000,Paciente Diagnóstico,2026-04-22 12:03:01.169+00,,,,,,,,,false,,Centro Cirúrgico,in_use,EBVP0090,OXIGEL,BLENDER PARA VENTILADOR PULMONAR
EBVP0105,127667,,BLENDER PARA VENTILADOR PULMONAR,AIR - O2 BLENDER,INTERMED,CRÍTICO,,HOSPITAL DAS CLÍNICAS,INSTITUTO CENTRAL - ICHC,IC - CENTRAL DE EQUIPAMENTOS DO INSTITUTO CENTRAL - 6º EE," AVENIDA DOUTOR ENÉAS DE CARVALHO AGUIAR 255, CERQUEIRA CÉSAR, SÃO PAULO-SP",SP,CERQUEIRA CÉSAR,SÃO PAULO,05403-010,"2929 - CENTRAL EQUIPAMENTO MÉDICO - CIEQ 09 PAMB ",27/05/2025,"7.000,00",250527-107019,"8.500,00",,27/05/2025,,26/05/2026,,,,,COMODATO,ATIVO,MULT MED EQUIPAMENTOS HOSPITALARES LTDA,,,ba24c688-886c-4ec7-8706-f7d7cd0101f1,,10,,,,,,,,MV000000,Paciente Diagnóstico,2026-05-04 19:10:27.222+00,,,,,,,,,false,,ENF. RETAG EMERG CLINICA,in_use,EBVP0105,AIR - O2 BLENDER,BLENDER PARA VENTILADOR PULMONAR
EBVP0106,110231,,BLENDER PARA VENTILADOR PULMONAR,AIR - O2 BLENDER,INTERMED,CRÍTICO,,HOSPITAL DAS CLÍNICAS,INSTITUTO CENTRAL - ICHC,IC - CENTRAL DE EQUIPAMENTOS DO INSTITUTO CENTRAL - 6º EE," AVENIDA DOUTOR ENÉAS DE CARVALHO AGUIAR 255, CERQUEIRA CÉSAR, SÃO PAULO-SP",SP,CERQUEIRA CÉSAR,SÃO PAULO,05403-010,"2929 - CENTRAL EQUIPAMENTO MÉDICO - CIEQ 09 PAMB ",27/05/2025,"7.000,00",250527-107021,"8.500,00",,27/05/2025,,26/05/2026,,,,,COMODATO,ATIVO,MULT MED EQUIPAMENTOS HOSPITALARES LTDA,,,74e01573-06c5-43d0-bc55-3a529d9ea191,,,,,,,,,,,,,,,,,,,,,,,CEIC,available,EBVP0106,AIR - O2 BLENDER,BLENDER PARA VENTILADOR PULMONAR
ECEX0001,114842,,CASSETE EXPIRATÓRIO,SERVO,MAQUET,NÃO CRÍTICO,BAIXA,HOSPITAL DAS CLÍNICAS,INSTITUTO CENTRAL - ICHC,IC - CENTRAL DE EQUIPAMENTOS DO INSTITUTO CENTRAL - 6º EE," AVENIDA DOUTOR ENÉAS DE CARVALHO AGUIAR 255, CERQUEIRA CÉSAR, SÃO PAULO-SP",SP,CERQUEIRA CÉSAR,SÃO PAULO,05403-010,"2929 - CENTRAL EQUIPAMENTO MÉDICO - CIEQ 09 PAMB ",,"16.000,00",,"16.000,00",,06/10/2014,,,,,,,PRÓPRIO,ATIVO,,,,955aa0c0-f78d-4e64-b8cb-2355d85b7e01,,,,,,,,,,,,,,,,,,,,,,,CEIC,available,ECEX0001,SERVO,CASSETE EXPIRATÓRIO
ECEX0001,114842,,CASSETE EXPIRATÓRIO,SERVO,MAQUET,NÃO CRÍTICO,BAIXA,HOSPITAL DAS CLÍNICAS,INSTITUTO CENTRAL - ICHC,IC - CENTRAL DE EQUIPAMENTOS DO INSTITUTO CENTRAL - 6º EE," AVENIDA DOUTOR ENÉAS DE CARVALHO AGUIAR 255, CERQUEIRA CÉSAR, SÃO PAULO-SP",SP,CERQUEIRA CÉSAR,SÃO PAULO,05403-010,"2929 - CENTRAL EQUIPAMENTO MÉDICO - CIEQ 09 PAMB ",,"16.000,00",,"16.000,00",,06/10/2014,,,,,,,PRÓPRIO,ATIVO,,,,3b771605-7a77-45b4-941c-03611c3fbf79,,,,,,,,,,,,,,,,,,,,,,,CEIC,available,ECEX0001,SERVO,CASSETE EXPIRATÓRIO
ECEX0002,114931,,CASSETE EXPIRATÓRIO,SERVO,MAQUET,NÃO CRÍTICO,BAIXA,HOSPITAL DAS CLÍNICAS,INSTITUTO CENTRAL - ICHC,IC - CENTRAL DE EQUIPAMENTOS DO INSTITUTO CENTRAL - 6º EE," AVENIDA DOUTOR ENÉAS DE CARVALHO AGUIAR 255, CERQUEIRA CÉSAR, SÃO PAULO-SP",SP,CERQUEIRA CÉSAR,SÃO PAULO,05403-010,"2929 - CENTRAL EQUIPAMENTO MÉDICO - CIEQ 09 PAMB ",,"16.000,00",,"16.000,00",,06/10/2014,,,,,,,PRÓPRIO,ATIVO,,,,34611077-802c-47e5-857d-af993fc70c78,,,,,,,,,,,,,,,,,,,,,,,CEIC,available,ECEX0002,SERVO,CASSETE EXPIRATÓRIO
ECEX0002,114931,,CASSETE EXPIRATÓRIO,SERVO,MAQUET,NÃO CRÍTICO,BAIXA,HOSPITAL DAS CLÍNICAS,INSTITUTO CENTRAL - ICHC,IC - CENTRAL DE EQUIPAMENTOS DO INSTITUTO CENTRAL - 6º EE," AVENIDA DOUTOR ENÉAS DE CARVALHO AGUIAR 255, CERQUEIRA CÉSAR, SÃO PAULO-SP",SP,CERQUEIRA CÉSAR,SÃO PAULO,05403-010,"2929 - CENTRAL EQUIPAMENTO MÉDICO - CIEQ 09 PAMB ",,"16.000,00",,"16.000,00",,06/10/2014,,,,,,,PRÓPRIO,ATIVO,,,,9df13656-6878-44be-bcd5-21b68edebe93,,,,,,,,,,,,,,,,,,,,,,,CEIC,available,ECEX0002,SERVO,CASSETE EXPIRATÓRIO
ECEX0003,114981,,CASSETE EXPIRATÓRIO,SERVO,MAQUET,NÃO CRÍTICO,BAIXA,HOSPITAL DAS CLÍNICAS,INSTITUTO CENTRAL - ICHC,IC - CENTRAL DE EQUIPAMENTOS DO INSTITUTO CENTRAL - 6º EE," AVENIDA DOUTOR ENÉAS DE CARVALHO AGUIAR 255, CERQUEIRA CÉSAR, SÃO PAULO-SP",SP,CERQUEIRA CÉSAR,SÃO PAULO,05403-010,"2929 - CENTRAL EQUIPAMENTO MÉDICO - CIEQ 09 PAMB ",,"16.000,00",,"16.000,00",,06/10/2014,,,,,,,PRÓPRIO,ATIVO,,,,51bd9a56-102c-4036-b5c4-4138fb1267d0,,,,,,,,,,,,,,,,,,,,,,,CEIC,available,ECEX0003,SERVO,CASSETE EXPIRATÓRIO
ECEX0003,114981,,CASSETE EXPIRATÓRIO,SERVO,MAQUET,NÃO CRÍTICO,BAIXA,HOSPITAL DAS CLÍNICAS,INSTITUTO CENTRAL - ICHC,IC - CENTRAL DE EQUIPAMENTOS DO INSTITUTO CENTRAL - 6º EE," AVENIDA DOUTOR ENÉAS DE CARVALHO AGUIAR 255, CERQUEIRA CÉSAR, SÃO PAULO-SP",SP,CERQUEIRA CÉSAR,SÃO PAULO,05403-010,"2929 - CENTRAL EQUIPAMENTO MÉDICO - CIEQ 09 PAMB ",,"16.000,00",,"16.000,00",,06/10/2014,,,,,,,PRÓPRIO,ATIVO,,,,347783c6-29dd-42f0-bc9d-de28f9644cae,,,,,,,,,,,,,,,,,,,,,,,CEIC,available,ECEX0003,SERVO,CASSETE EXPIRATÓRIO
ECEX0006,114965,,CASSETE EXPIRATÓRIO,SERVO,MAQUET,NÃO CRÍTICO,BAIXA,HOSPITAL DAS CLÍNICAS,INSTITUTO CENTRAL - ICHC,IC - CENTRAL DE EQUIPAMENTOS DO INSTITUTO CENTRAL - 6º EE," AVENIDA DOUTOR ENÉAS DE CARVALHO AGUIAR 255, CERQUEIRA CÉSAR, SÃO PAULO-SP",SP,CERQUEIRA CÉSAR,SÃO PAULO,05403-010,"2929 - CENTRAL EQUIPAMENTO MÉDICO - CIEQ 09 PAMB ",,"16.000,00",,"16.000,00",,06/10/2014,,,,,,,PRÓPRIO,ATIVO,,,,6379854e-1dfc-43e9-9d9d-611bbf38287f,,,,,,,,,,,,,,,,,,,,,,,CEIC,available,ECEX0006,SERVO,CASSETE EXPIRATÓRIO
ECEX0006,114965,,CASSETE EXPIRATÓRIO,SERVO,MAQUET,NÃO CRÍTICO,BAIXA,HOSPITAL DAS CLÍNICAS,INSTITUTO CENTRAL - ICHC,IC - CENTRAL DE EQUIPAMENTOS DO INSTITUTO CENTRAL - 6º EE," AVENIDA DOUTOR ENÉAS DE CARVALHO AGUIAR 255, CERQUEIRA CÉSAR, SÃO PAULO-SP",SP,CERQUEIRA CÉSAR,SÃO PAULO,05403-010,"2929 - CENTRAL EQUIPAMENTO MÉDICO - CIEQ 09 PAMB ",,"16.000,00",,"16.000,00",,06/10/2014,,,,,,,PRÓPRIO,ATIVO,,,,2e9d48ae-ffd5-4dea-907f-e83abd50352e,,,,,,,,,,,,,,,,,,,,,,,CEIC,available,ECEX0006,SERVO,CASSETE EXPIRATÓRIO
ECEX0009,114968,,CASSETE EXPIRATÓRIO,SERVO,MAQUET,NÃO CRÍTICO,BAIXA,HOSPITAL DAS CLÍNICAS,INSTITUTO CENTRAL - ICHC,IC - CENTRAL DE EQUIPAMENTOS DO INSTITUTO CENTRAL - 6º EE," AVENIDA DOUTOR ENÉAS DE CARVALHO AGUIAR 255, CERQUEIRA CÉSAR, SÃO PAULO-SP",SP,CERQUEIRA CÉSAR,SÃO PAULO,05403-010,"2929 - CENTRAL EQUIPAMENTO MÉDICO - CIEQ 09 PAMB ",,"16.000,00",,"16.000,00",,20/01/2015,,,,,,,PRÓPRIO,ATIVO,,,,db7cdb7e-af0a-4ec8-9a83-7c15797f34d1,,,,,,,,,,,,,,,,,,,,,,,CEIC,available,ECEX0009,SERVO,CASSETE EXPIRATÓRIO
ECEX0009,114968,,CASSETE EXPIRATÓRIO,SERVO,MAQUET,NÃO CRÍTICO,BAIXA,HOSPITAL DAS CLÍNICAS,INSTITUTO CENTRAL - ICHC,IC - CENTRAL DE EQUIPAMENTOS DO INSTITUTO CENTRAL - 6º EE," AVENIDA DOUTOR ENÉAS DE CARVALHO AGUIAR 255, CERQUEIRA CÉSAR, SÃO PAULO-SP",SP,CERQUEIRA CÉSAR,SÃO PAULO,05403-010,"2929 - CENTRAL EQUIPAMENTO MÉDICO - CIEQ 09 PAMB ",,"16.000,00",,"16.000,00",,20/01/2015,,,,,,,PRÓPRIO,ATIVO,,,,71b09b43-28f3-42d1-bb8e-effc045efd3c,,,,,,,,,,,,,,,,,,,,,,,CEIC,available,ECEX0009,SERVO,CASSETE EXPIRATÓRIO
ECEX0011,157912,,CASSETE EXPIRATÓRIO,SERVO-I,MAQUET,NÃO CRÍTICO,BAIXA,HOSPITAL DAS CLÍNICAS,INSTITUTO CENTRAL - ICHC,IC - CENTRAL DE EQUIPAMENTOS DO INSTITUTO CENTRAL - 6º EE," AVENIDA DOUTOR ENÉAS DE CARVALHO AGUIAR 255, CERQUEIRA CÉSAR, SÃO PAULO-SP",SP,CERQUEIRA CÉSAR,SÃO PAULO,05403-010,"2929 - CENTRAL EQUIPAMENTO MÉDICO - CIEQ 09 PAMB ",,"15.000,00",,"15.000,00",,09/04/2015,,,,,,,PRÓPRIO,ATIVO,,,,4d348d7a-5832-4374-88fe-569428a2717e,,,,,,,,,,,,,,,,,,,,,,,CEIC,available,ECEX0011,SERVO-I,CASSETE EXPIRATÓRIO
ECEX0011,157912,,CASSETE EXPIRATÓRIO,SERVO-I,MAQUET,NÃO CRÍTICO,BAIXA,HOSPITAL DAS CLÍNICAS,INSTITUTO CENTRAL - ICHC,IC - CENTRAL DE EQUIPAMENTOS DO INSTITUTO CENTRAL - 6º EE," AVENIDA DOUTOR ENÉAS DE CARVALHO AGUIAR 255, CERQUEIRA CÉSAR, SÃO PAULO-SP",SP,CERQUEIRA CÉSAR,SÃO PAULO,05403-010,"2929 - CENTRAL EQUIPAMENTO MÉDICO - CIEQ 09 PAMB ",,"15.000,00",,"15.000,00",,09/04/2015,,,,,,,PRÓPRIO,ATIVO,,,,a2f35af9-b5fa-4543-9734-59543e38ee9c,,,,,,,,,,,,,,,,,,,,,,,CEIC,available,ECEX0011,SERVO-I,CASSETE EXPIRATÓRIO
ECEX0013,114840,,CASSETE EXPIRATÓRIO,SERVO,MAQUET,NÃO CRÍTICO,BAIXA,HOSPITAL DAS CLÍNICAS,INSTITUTO CENTRAL - ICHC,IC - CENTRAL DE EQUIPAMENTOS DO INSTITUTO CENTRAL - 6º EE," AVENIDA DOUTOR ENÉAS DE CARVALHO AGUIAR 255, CERQUEIRA CÉSAR, SÃO PAULO-SP",SP,CERQUEIRA CÉSAR,SÃO PAULO,05403-010,"2929 - CENTRAL EQUIPAMENTO MÉDICO - CIEQ 09 PAMB ",,"16.000,00",,"16.000,00",,09/04/2015,,,,,,,PRÓPRIO,ATIVO,,,,d30f3230-4721-4ba1-a8aa-702e272d8b60,,,,,,,,,,,,,,,,,,,,,,,CEIC,available,ECEX0013,SERVO,CASSETE EXPIRATÓRIO
ECEX0013,114840,,CASSETE EXPIRATÓRIO,SERVO,MAQUET,NÃO CRÍTICO,BAIXA,HOSPITAL DAS CLÍNICAS,INSTITUTO CENTRAL - ICHC,IC - CENTRAL DE EQUIPAMENTOS DO INSTITUTO CENTRAL - 6º EE," AVENIDA DOUTOR ENÉAS DE CARVALHO AGUIAR 255, CERQUEIRA CÉSAR, SÃO PAULO-SP",SP,CERQUEIRA CÉSAR,SÃO PAULO,05403-010,"2929 - CENTRAL EQUIPAMENTO MÉDICO - CIEQ 09 PAMB ",,"16.000,00",,"16.000,00",,09/04/2015,,,,,,,PRÓPRIO,ATIVO,,,,d75689c9-b58c-4632-ba10-fe18efb637c3,,,,,,,,,,,,,,,,,,,,,,,CEIC,available,ECEX0013,SERVO,CASSETE EXPIRATÓRIO
ECEX0015,114815,,CASSETE EXPIRATÓRIO,SERVO,MAQUET,NÃO CRÍTICO,BAIXA,HOSPITAL DAS CLÍNICAS,INSTITUTO CENTRAL - ICHC,IC - CENTRAL DE EQUIPAMENTOS DO INSTITUTO CENTRAL - 6º EE," AVENIDA DOUTOR ENÉAS DE CARVALHO AGUIAR 255, CERQUEIRA CÉSAR, SÃO PAULO-SP",SP,CERQUEIRA CÉSAR,SÃO PAULO,05403-010,"2929 - CENTRAL EQUIPAMENTO MÉDICO - CIEQ 09 PAMB ",,"16.000,00",,"16.000,00",,13/04/2015,,,,,,,PRÓPRIO,ATIVO,MAQUET DO BRASIL EQUIPAMENTOS MÉDICOS  LTDA.,,,d943b9c4-a5f3-4c5f-b1ca-03feddb2c03f,,,,,,,,,,,,,,,,,,,,,,,CEIC,available,ECEX0015,SERVO,CASSETE EXPIRATÓRIO
ECEX0015,114815,,CASSETE EXPIRATÓRIO,SERVO,MAQUET,NÃO CRÍTICO,BAIXA,HOSPITAL DAS CLÍNICAS,INSTITUTO CENTRAL - ICHC,IC - CENTRAL DE EQUIPAMENTOS DO INSTITUTO CENTRAL - 6º EE," AVENIDA DOUTOR ENÉAS DE CARVALHO AGUIAR 255, CERQUEIRA CÉSAR, SÃO PAULO-SP",SP,CERQUEIRA CÉSAR,SÃO PAULO,05403-010,"2929 - CENTRAL EQUIPAMENTO MÉDICO - CIEQ 09 PAMB ",,"16.000,00",,"16.000,00",,13/04/2015,,,,,,,PRÓPRIO,ATIVO,MAQUET DO BRASIL EQUIPAMENTOS MÉDICOS  LTDA.,,,6fbe5c37-c5d9-47a3-8b99-ca6d8fe05f20,,,,,,,,,,,,,,,,,,,,,,,CEIC,available,ECEX0015,SERVO,CASSETE EXPIRATÓRIO
ECEX0016,134196,,CASSETE EXPIRATÓRIO,SERVO,MAQUET,NÃO CRÍTICO,BAIXA,HOSPITAL DAS CLÍNICAS,INSTITUTO CENTRAL - ICHC,IC - CENTRAL DE EQUIPAMENTOS DO INSTITUTO CENTRAL - 6º EE," AVENIDA DOUTOR ENÉAS DE CARVALHO AGUIAR 255, CERQUEIRA CÉSAR, SÃO PAULO-SP",SP,CERQUEIRA CÉSAR,SÃO PAULO,05403-010,"2929 - CENTRAL EQUIPAMENTO MÉDICO - CIEQ 09 PAMB ",,"16.000,00",,"16.000,00",,13/04/2015,,,,,,,PRÓPRIO,ATIVO,MAQUET DO BRASIL EQUIPAMENTOS MÉDICOS  LTDA.,,,8fcd0ce9-b8f6-4e28-a685-6c2a2921c917,,,,,,,,,,,,,,,,,,,,,,,CEIC,available,ECEX0016,SERVO,CASSETE EXPIRATÓRIO
ECEX0016,134196,,CASSETE EXPIRATÓRIO,SERVO,MAQUET,NÃO CRÍTICO,BAIXA,HOSPITAL DAS CLÍNICAS,INSTITUTO CENTRAL - ICHC,IC - CENTRAL DE EQUIPAMENTOS DO INSTITUTO CENTRAL - 6º EE," AVENIDA DOUTOR ENÉAS DE CARVALHO AGUIAR 255, CERQUEIRA CÉSAR, SÃO PAULO-SP",SP,CERQUEIRA CÉSAR,SÃO PAULO,05403-010,"2929 - CENTRAL EQUIPAMENTO MÉDICO - CIEQ 09 PAMB ",,"16.000,00",,"16.000,00",,13/04/2015,,,,,,,PRÓPRIO,ATIVO,MAQUET DO BRASIL EQUIPAMENTOS MÉDICOS  LTDA.,,,e2c62965-24ca-4fa1-a649-c977d6c82782,,,,,,,,,,,,,,,,,,,,,,,CEIC,available,ECEX0016,SERVO,CASSETE EXPIRATÓRIO
ECEX0021,114807,,CASSETE EXPIRATÓRIO,SERVO,MAQUET,NÃO CRÍTICO,BAIXA,HOSPITAL DAS CLÍNICAS,INSTITUTO CENTRAL - ICHC,IC - CENTRAL DE EQUIPAMENTOS DO INSTITUTO CENTRAL - 6º EE," AVENIDA DOUTOR ENÉAS DE CARVALHO AGUIAR 255, CERQUEIRA CÉSAR, SÃO PAULO-SP",SP,CERQUEIRA CÉSAR,SÃO PAULO,05403-010,"2929 - CENTRAL EQUIPAMENTO MÉDICO - CIEQ 09 PAMB ",,"16.000,00",,"16.000,00",,13/04/2015,,,,,,,PRÓPRIO,ATIVO,MAQUET DO BRASIL EQUIPAMENTOS MÉDICOS  LTDA.,,,56fd2e67-8b1f-4f15-bc84-37657c256d58,,,,,,,,,,,,,,,,,,,,,,,CEIC,available,ECEX0021,SERVO,CASSETE EXPIRATÓRIO
ECEX0021,114807,,CASSETE EXPIRATÓRIO,SERVO,MAQUET,NÃO CRÍTICO,BAIXA,HOSPITAL DAS CLÍNICAS,INSTITUTO CENTRAL - ICHC,IC - CENTRAL DE EQUIPAMENTOS DO INSTITUTO CENTRAL - 6º EE," AVENIDA DOUTOR ENÉAS DE CARVALHO AGUIAR 255, CERQUEIRA CÉSAR, SÃO PAULO-SP",SP,CERQUEIRA CÉSAR,SÃO PAULO,05403-010,"2929 - CENTRAL EQUIPAMENTO MÉDICO - CIEQ 09 PAMB ",,"16.000,00",,"16.000,00",,13/04/2015,,,,,,,PRÓPRIO,ATIVO,MAQUET DO BRASIL EQUIPAMENTOS MÉDICOS  LTDA.,,,4e17d4f8-4851-4f74-acaf-b5a0b15dbf0c,,,,,,,,,,,,,,,,,,,,,,,CEIC,available,ECEX0021,SERVO,CASSETE EXPIRATÓRIO
ECEX0023,114841,,CASSETE EXPIRATÓRIO,SERVO,MAQUET,NÃO CRÍTICO,BAIXA,HOSPITAL DAS CLÍNICAS,INSTITUTO CENTRAL - ICHC,IC - CENTRAL DE EQUIPAMENTOS DO INSTITUTO CENTRAL - 6º EE," AVENIDA DOUTOR ENÉAS DE CARVALHO AGUIAR 255, CERQUEIRA CÉSAR, SÃO PAULO-SP",SP,CERQUEIRA CÉSAR,SÃO PAULO,05403-010,"2929 - CENTRAL EQUIPAMENTO MÉDICO - CIEQ 09 PAMB ",,"16.000,00",,"16.000,00",,07/07/2015,,,,,,,PRÓPRIO,ATIVO,MAQUET DO BRASIL EQUIPAMENTOS MÉDICOS  LTDA.,,,fab9685a-63b7-4286-983e-044a44a04065,,,,,,,,,,,,,,,,,,,,,,,CEIC,available,ECEX0023,SERVO,CASSETE EXPIRATÓRIO
ECEX0023,114841,,CASSETE EXPIRATÓRIO,SERVO,MAQUET,NÃO CRÍTICO,BAIXA,HOSPITAL DAS CLÍNICAS,INSTITUTO CENTRAL - ICHC,IC - CENTRAL DE EQUIPAMENTOS DO INSTITUTO CENTRAL - 6º EE," AVENIDA DOUTOR ENÉAS DE CARVALHO AGUIAR 255, CERQUEIRA CÉSAR, SÃO PAULO-SP",SP,CERQUEIRA CÉSAR,SÃO PAULO,05403-010,"2929 - CENTRAL EQUIPAMENTO MÉDICO - CIEQ 09 PAMB ",,"16.000,00",,"16.000,00",,07/07/2015,,,,,,,PRÓPRIO,ATIVO,MAQUET DO BRASIL EQUIPAMENTOS MÉDICOS  LTDA.,,,be0ecc60-b8f8-4b44-b359-6c9e4167b43a,,,,,,,,,,,,,,,,,,,,,,,CEIC,available,ECEX0023,SERVO,CASSETE EXPIRATÓRIO
ECEX0024,114825,,CASSETE EXPIRATÓRIO,SERVO,MAQUET,NÃO CRÍTICO,BAIXA,HOSPITAL DAS CLÍNICAS,INSTITUTO CENTRAL - ICHC,IC - CENTRAL DE EQUIPAMENTOS DO INSTITUTO CENTRAL - 6º EE," AVENIDA DOUTOR ENÉAS DE CARVALHO AGUIAR 255, CERQUEIRA CÉSAR, SÃO PAULO-SP",SP,CERQUEIRA CÉSAR,SÃO PAULO,05403-010,"2929 - CENTRAL EQUIPAMENTO MÉDICO - CIEQ 09 PAMB ",,"16.000,00",,"16.000,00",,25/08/2015,,,,,,,PRÓPRIO,ATIVO,,,,fc045cbc-21dd-417a-8f41-49cb3ffbba49,,,,,,,,,,,,,,,,,,,,,,,CEIC,available,ECEX0024,SERVO,CASSETE EXPIRATÓRIO
ECEX0024,114825,,CASSETE EXPIRATÓRIO,SERVO,MAQUET,NÃO CRÍTICO,BAIXA,HOSPITAL DAS CLÍNICAS,INSTITUTO CENTRAL - ICHC,IC - CENTRAL DE EQUIPAMENTOS DO INSTITUTO CENTRAL - 6º EE," AVENIDA DOUTOR ENÉAS DE CARVALHO AGUIAR 255, CERQUEIRA CÉSAR, SÃO PAULO-SP",SP,CERQUEIRA CÉSAR,SÃO PAULO,05403-010,"2929 - CENTRAL EQUIPAMENTO MÉDICO - CIEQ 09 PAMB ",,"16.000,00",,"16.000,00",,25/08/2015,,,,,,,PRÓPRIO,ATIVO,,,,d1fed9f3-0b2c-4cdc-9a39-d206c1cc4b6a,,,,,,,,,,,,,,,,,,,,,,,CEIC,available,ECEX0024,SERVO,CASSETE EXPIRATÓRIO
ECEX0026,114908,,CASSETE EXPIRATÓRIO,SERVO,MAQUET,NÃO CRÍTICO,BAIXA,HOSPITAL DAS CLÍNICAS,INSTITUTO CENTRAL - ICHC,IC - CENTRAL DE EQUIPAMENTOS DO INSTITUTO CENTRAL - 6º EE," AVENIDA DOUTOR ENÉAS DE CARVALHO AGUIAR 255, CERQUEIRA CÉSAR, SÃO PAULO-SP",SP,CERQUEIRA CÉSAR,SÃO PAULO,05403-010,"2929 - CENTRAL EQUIPAMENTO MÉDICO - CIEQ 09 PAMB ",,"16.000,00",,"16.000,00",,11/02/2016,,,,,,,PRÓPRIO,ATIVO,,,,f654b490-7cc1-4d78-988e-cc36c7a598ab,,,,,,,,,,,,,,,,,,,,,,,CEIC,available,ECEX0026,SERVO,CASSETE EXPIRATÓRIO
ECEX0026,114908,,CASSETE EXPIRATÓRIO,SERVO,MAQUET,NÃO CRÍTICO,BAIXA,HOSPITAL DAS CLÍNICAS,INSTITUTO CENTRAL - ICHC,IC - CENTRAL DE EQUIPAMENTOS DO INSTITUTO CENTRAL - 6º EE," AVENIDA DOUTOR ENÉAS DE CARVALHO AGUIAR 255, CERQUEIRA CÉSAR, SÃO PAULO-SP",SP,CERQUEIRA CÉSAR,SÃO PAULO,05403-010,"2929 - CENTRAL EQUIPAMENTO MÉDICO - CIEQ 09 PAMB ",,"16.000,00",,"16.000,00",,11/02/2016,,,,,,,PRÓPRIO,ATIVO,,,,5e25864b-4979-475d-8020-a6a58a51ecc5,,,,,,,,,,,,,,,,,,,,,,,CEIC,available,ECEX0026,SERVO,CASSETE EXPIRATÓRIO
ECEX0027,114831,,CASSETE EXPIRATÓRIO,SERVO-I,MAQUET,NÃO CRÍTICO,BAIXA,HOSPITAL DAS CLÍNICAS,INSTITUTO CENTRAL - ICHC,IC - CENTRAL DE EQUIPAMENTOS DO INSTITUTO CENTRAL - 6º EE," AVENIDA DOUTOR ENÉAS DE CARVALHO AGUIAR 255, CERQUEIRA CÉSAR, SÃO PAULO-SP",SP,CERQUEIRA CÉSAR,SÃO PAULO,05403-010,"2929 - CENTRAL EQUIPAMENTO MÉDICO - CIEQ 09 PAMB ",,"15.000,00",,"15.000,00",,04/07/2016,,,,,,,PRÓPRIO,ATIVO,,,,503ddfa8-b14d-4054-b5b1-7af07af2f27e,,,,,,,,,,,,,,,,,,,,,,,CEIC,available,ECEX0027,SERVO-I,CASSETE EXPIRATÓRIO
ECEX0027,114831,,CASSETE EXPIRATÓRIO,SERVO-I,MAQUET,NÃO CRÍTICO,BAIXA,HOSPITAL DAS CLÍNICAS,INSTITUTO CENTRAL - ICHC,IC - CENTRAL DE EQUIPAMENTOS DO INSTITUTO CENTRAL - 6º EE," AVENIDA DOUTOR ENÉAS DE CARVALHO AGUIAR 255, CERQUEIRA CÉSAR, SÃO PAULO-SP",SP,CERQUEIRA CÉSAR,SÃO PAULO,05403-010,"2929 - CENTRAL EQUIPAMENTO MÉDICO - CIEQ 09 PAMB ",,"15.000,00",,"15.000,00",,04/07/2016,,,,,,,PRÓPRIO,ATIVO,,,,90983362-8ef6-4544-b3e2-4e218771ec47,,,,,,,,,,,,,,,,,,,,,,,CEIC,available,ECEX0027,SERVO-I,CASSETE EXPIRATÓRIO
ECEX0028,114838,,CASSETE EXPIRATÓRIO,SERVO-I,MAQUET,NÃO CRÍTICO,BAIXA,HOSPITAL DAS CLÍNICAS,INSTITUTO CENTRAL - ICHC,IC - CENTRAL DE EQUIPAMENTOS DO INSTITUTO CENTRAL - 6º EE," AVENIDA DOUTOR ENÉAS DE CARVALHO AGUIAR 255, CERQUEIRA CÉSAR, SÃO PAULO-SP",SP,CERQUEIRA CÉSAR,SÃO PAULO,05403-010,"2929 - CENTRAL EQUIPAMENTO MÉDICO - CIEQ 09 PAMB ",,"15.000,00",,"15.000,00",,04/07/2016,,,,,,,PRÓPRIO,ATIVO,,,,3f65525a-ac36-4085-a0df-8e7fab8d6cad,,,,,,,,,,,,,,,,,,,,,,,CEIC,available,ECEX0028,SERVO-I,CASSETE EXPIRATÓRIO
ECEX0028,114838,,CASSETE EXPIRATÓRIO,SERVO-I,MAQUET,NÃO CRÍTICO,BAIXA,HOSPITAL DAS CLÍNICAS,INSTITUTO CENTRAL - ICHC,IC - CENTRAL DE EQUIPAMENTOS DO INSTITUTO CENTRAL - 6º EE," AVENIDA DOUTOR ENÉAS DE CARVALHO AGUIAR 255, CERQUEIRA CÉSAR, SÃO PAULO-SP",SP,CERQUEIRA CÉSAR,SÃO PAULO,05403-010,"2929 - CENTRAL EQUIPAMENTO MÉDICO - CIEQ 09 PAMB ",,"15.000,00",,"15.000,00",,04/07/2016,,,,,,,PRÓPRIO,ATIVO,,,,dd2dca9e-fa95-43ba-9ada-52af1109f8cc,,,,,,,,,,,,,,,,,,,,,,,CEIC,available,ECEX0028,SERVO-I,CASSETE EXPIRATÓRIO
ECEX0031,261261,,CASSETE EXPIRATÓRIO,SERVO-I,MAQUET,NÃO CRÍTICO,BAIXA,HOSPITAL DAS CLÍNICAS,INSTITUTO CENTRAL - ICHC,IC - CENTRAL DE EQUIPAMENTOS DO INSTITUTO CENTRAL - 6º EE," AVENIDA DOUTOR ENÉAS DE CARVALHO AGUIAR 255, CERQUEIRA CÉSAR, SÃO PAULO-SP",SP,CERQUEIRA CÉSAR,SÃO PAULO,05403-010,"2929 - CENTRAL EQUIPAMENTO MÉDICO - CIEQ 09 PAMB ",,"15.000,00",,"15.000,00",,12/12/2016,,,,,,,PRÓPRIO,ATIVO,MAQUET DO BRASIL EQUIPAMENTOS MÉDICOS  LTDA.,,,d85daa02-b499-44d4-bd51-9072db3063ce,,,,,,,,,,,,,,,,,,,,,,,CEIC,available,ECEX0031,SERVO-I,CASSETE EXPIRATÓRIO
ECEX0031,261261,,CASSETE EXPIRATÓRIO,SERVO-I,MAQUET,NÃO CRÍTICO,BAIXA,HOSPITAL DAS CLÍNICAS,INSTITUTO CENTRAL - ICHC,IC - CENTRAL DE EQUIPAMENTOS DO INSTITUTO CENTRAL - 6º EE," AVENIDA DOUTOR ENÉAS DE CARVALHO AGUIAR 255, CERQUEIRA CÉSAR, SÃO PAULO-SP",SP,CERQUEIRA CÉSAR,SÃO PAULO,05403-010,"2929 - CENTRAL EQUIPAMENTO MÉDICO - CIEQ 09 PAMB ",,"15.000,00",,"15.000,00",,12/12/2016,,,,,,,PRÓPRIO,ATIVO,MAQUET DO BRASIL EQUIPAMENTOS MÉDICOS  LTDA.,,,10c3e92d-4c50-4b16-9c33-afc6670ce66c,,,,,,,,,,,,,,,,,,,,,,,CEIC,available,ECEX0031,SERVO-I,CASSETE EXPIRATÓRIO
ECEX0032,261214,,CASSETE EXPIRATÓRIO,SERVO-I,MAQUET,NÃO CRÍTICO,BAIXA,HOSPITAL DAS CLÍNICAS,INSTITUTO CENTRAL - ICHC,IC - CENTRAL DE EQUIPAMENTOS DO INSTITUTO CENTRAL - 6º EE," AVENIDA DOUTOR ENÉAS DE CARVALHO AGUIAR 255, CERQUEIRA CÉSAR, SÃO PAULO-SP",SP,CERQUEIRA CÉSAR,SÃO PAULO,05403-010,"2929 - CENTRAL EQUIPAMENTO MÉDICO - CIEQ 09 PAMB ",,"15.000,00",,"15.000,00",,12/12/2016,,,,,,,PRÓPRIO,ATIVO,MAQUET DO BRASIL EQUIPAMENTOS MÉDICOS  LTDA.,,,5455230d-aa0d-4c03-aa65-77ec07ae006c,,,,,,,,,,,,,,,,,,,,,,,CEIC,available,ECEX0032,SERVO-I,CASSETE EXPIRATÓRIO
ECEX0032,261214,,CASSETE EXPIRATÓRIO,SERVO-I,MAQUET,NÃO CRÍTICO,BAIXA,HOSPITAL DAS CLÍNICAS,INSTITUTO CENTRAL - ICHC,IC - CENTRAL DE EQUIPAMENTOS DO INSTITUTO CENTRAL - 6º EE," AVENIDA DOUTOR ENÉAS DE CARVALHO AGUIAR 255, CERQUEIRA CÉSAR, SÃO PAULO-SP",SP,CERQUEIRA CÉSAR,SÃO PAULO,05403-010,"2929 - CENTRAL EQUIPAMENTO MÉDICO - CIEQ 09 PAMB ",,"15.000,00",,"15.000,00",,12/12/2016,,,,,,,PRÓPRIO,ATIVO,MAQUET DO BRASIL EQUIPAMENTOS MÉDICOS  LTDA.,,,66b0a28f-caa4-4e65-9fe5-59e8e7a7eeba,,,,,,,,,,,,,,,,,,,,,,,CEIC,available,ECEX0032,SERVO-I,CASSETE EXPIRATÓRIO
ECEX0033,261202,,CASSETE EXPIRATÓRIO,SERVO-I,MAQUET,NÃO CRÍTICO,BAIXA,HOSPITAL DAS CLÍNICAS,INSTITUTO CENTRAL - ICHC,IC - CENTRAL DE EQUIPAMENTOS DO INSTITUTO CENTRAL - 6º EE," AVENIDA DOUTOR ENÉAS DE CARVALHO AGUIAR 255, CERQUEIRA CÉSAR, SÃO PAULO-SP",SP,CERQUEIRA CÉSAR,SÃO PAULO,05403-010,"2929 - CENTRAL EQUIPAMENTO MÉDICO - CIEQ 09 PAMB ",,"15.000,00",,"15.000,00",,12/12/2016,,,,,,,PRÓPRIO,ATIVO,MAQUET DO BRASIL EQUIPAMENTOS MÉDICOS  LTDA.,,,da84b319-5782-421b-885f-617442d6e378,,,,,,,,,,,,,,,,,,,,,,,CEIC,available,ECEX0033,SERVO-I,CASSETE EXPIRATÓRIO
ECEX0033,261202,,CASSETE EXPIRATÓRIO,SERVO-I,MAQUET,NÃO CRÍTICO,BAIXA,HOSPITAL DAS CLÍNICAS,INSTITUTO CENTRAL - ICHC,IC - CENTRAL DE EQUIPAMENTOS DO INSTITUTO CENTRAL - 6º EE," AVENIDA DOUTOR ENÉAS DE CARVALHO AGUIAR 255, CERQUEIRA CÉSAR, SÃO PAULO-SP",SP,CERQUEIRA CÉSAR,SÃO PAULO,05403-010,"2929 - CENTRAL EQUIPAMENTO MÉDICO - CIEQ 09 PAMB ",,"15.000,00",,"15.000,00",,12/12/2016,,,,,,,PRÓPRIO,ATIVO,MAQUET DO BRASIL EQUIPAMENTOS MÉDICOS  LTDA.,,,0006ae05-06f2-45ad-9c19-a1fb198b0855,,,,,,,,,,,,,,,,,,,,,,,CEIC,available,ECEX0033,SERVO-I,CASSETE EXPIRATÓRIO
ECEX0035,261200,,CASSETE EXPIRATÓRIO,SERVO-I,MAQUET,NÃO CRÍTICO,BAIXA,HOSPITAL DAS CLÍNICAS,INSTITUTO CENTRAL - ICHC,IC - CENTRAL DE EQUIPAMENTOS DO INSTITUTO CENTRAL - 6º EE," AVENIDA DOUTOR ENÉAS DE CARVALHO AGUIAR 255, CERQUEIRA CÉSAR, SÃO PAULO-SP",SP,CERQUEIRA CÉSAR,SÃO PAULO,05403-010,"2929 - CENTRAL EQUIPAMENTO MÉDICO - CIEQ 09 PAMB ",,"15.000,00",,"15.000,00",,13/12/2016,,,,,,,PRÓPRIO,ATIVO,MAQUET DO BRASIL EQUIPAMENTOS MÉDICOS  LTDA.,,,0cee5592-b7d4-4861-bd02-fc8b152850c8,,,,,,,,,,,,,,,,,,,,,,,CEIC,available,ECEX0035,SERVO-I,CASSETE EXPIRATÓRIO
ECEX0035,261200,,CASSETE EXPIRATÓRIO,SERVO-I,MAQUET,NÃO CRÍTICO,BAIXA,HOSPITAL DAS CLÍNICAS,INSTITUTO CENTRAL - ICHC,IC - CENTRAL DE EQUIPAMENTOS DO INSTITUTO CENTRAL - 6º EE," AVENIDA DOUTOR ENÉAS DE CARVALHO AGUIAR 255, CERQUEIRA CÉSAR, SÃO PAULO-SP",SP,CERQUEIRA CÉSAR,SÃO PAULO,05403-010,"2929 - CENTRAL EQUIPAMENTO MÉDICO - CIEQ 09 PAMB ",,"15.000,00",,"15.000,00",,13/12/2016,,,,,,,PRÓPRIO,ATIVO,MAQUET DO BRASIL EQUIPAMENTOS MÉDICOS  LTDA.,,,812e5ca2-5321-4f70-99d7-3c4cd901a17f,,,,,,,,,,,,,,,,,,,,,,,CEIC,available,ECEX0035,SERVO-I,CASSETE EXPIRATÓRIO
ECEX0036,261199,,CASSETE EXPIRATÓRIO,SERVO-I,MAQUET,NÃO CRÍTICO,BAIXA,HOSPITAL DAS CLÍNICAS,INSTITUTO CENTRAL - ICHC,IC - CENTRAL DE EQUIPAMENTOS DO INSTITUTO CENTRAL - 6º EE," AVENIDA DOUTOR ENÉAS DE CARVALHO AGUIAR 255, CERQUEIRA CÉSAR, SÃO PAULO-SP",SP,CERQUEIRA CÉSAR,SÃO PAULO,05403-010,"2929 - CENTRAL EQUIPAMENTO MÉDICO - CIEQ 09 PAMB ",,"15.000,00",,"15.000,00",,13/12/2016,,,,,,,PRÓPRIO,ATIVO,MAQUET DO BRASIL EQUIPAMENTOS MÉDICOS  LTDA.,,,fa70d35e-be04-4333-b4f4-c0ca3612cb10,,,,,,,,,,,,,,,,,,,,,,,CEIC,available,ECEX0036,SERVO-I,CASSETE EXPIRATÓRIO
ECEX0036,261199,,CASSETE EXPIRATÓRIO,SERVO-I,MAQUET,NÃO CRÍTICO,BAIXA,HOSPITAL DAS CLÍNICAS,INSTITUTO CENTRAL - ICHC,IC - CENTRAL DE EQUIPAMENTOS DO INSTITUTO CENTRAL - 6º EE," AVENIDA DOUTOR ENÉAS DE CARVALHO AGUIAR 255, CERQUEIRA CÉSAR, SÃO PAULO-SP",SP,CERQUEIRA CÉSAR,SÃO PAULO,05403-010,"2929 - CENTRAL EQUIPAMENTO MÉDICO - CIEQ 09 PAMB ",,"15.000,00",,"15.000,00",,13/12/2016,,,,,,,PRÓPRIO,ATIVO,MAQUET DO BRASIL EQUIPAMENTOS MÉDICOS  LTDA.,,,3a030336-f03a-455b-b3c9-77eb95585d9b,,,,,,,,,,,,,,,,,,,,,,,CEIC,available,ECEX0036,SERVO-I,CASSETE EXPIRATÓRIO
ECEX0037,261212,,CASSETE EXPIRATÓRIO,SERVO-I,MAQUET,NÃO CRÍTICO,BAIXA,HOSPITAL DAS CLÍNICAS,INSTITUTO CENTRAL - ICHC,IC - CENTRAL DE EQUIPAMENTOS DO INSTITUTO CENTRAL - 6º EE," AVENIDA DOUTOR ENÉAS DE CARVALHO AGUIAR 255, CERQUEIRA CÉSAR, SÃO PAULO-SP",SP,CERQUEIRA CÉSAR,SÃO PAULO,05403-010,"2929 - CENTRAL EQUIPAMENTO MÉDICO - CIEQ 09 PAMB ",,"15.000,00",,"15.000,00",,13/12/2016,,,,,,,PRÓPRIO,ATIVO,MAQUET DO BRASIL EQUIPAMENTOS MÉDICOS  LTDA.,,,8dd793fb-d9ae-48a1-8fed-541d85b06a56,,,,,,,,,,,,,,,,,,,,,,,CEIC,available,ECEX0037,SERVO-I,CASSETE EXPIRATÓRIO
ECEX0037,261212,,CASSETE EXPIRATÓRIO,SERVO-I,MAQUET,NÃO CRÍTICO,BAIXA,HOSPITAL DAS CLÍNICAS,INSTITUTO CENTRAL - ICHC,IC - CENTRAL DE EQUIPAMENTOS DO INSTITUTO CENTRAL - 6º EE," AVENIDA DOUTOR ENÉAS DE CARVALHO AGUIAR 255, CERQUEIRA CÉSAR, SÃO PAULO-SP",SP,CERQUEIRA CÉSAR,SÃO PAULO,05403-010,"2929 - CENTRAL EQUIPAMENTO MÉDICO - CIEQ 09 PAMB ",,"15.000,00",,"15.000,00",,13/12/2016,,,,,,,PRÓPRIO,ATIVO,MAQUET DO BRASIL EQUIPAMENTOS MÉDICOS  LTDA.,,,2938a9fe-fa73-4306-aab2-191e9001fda4,,,,,,,,,,,,,,,,,,,,,,,CEIC,available,ECEX0037,SERVO-I,CASSETE EXPIRATÓRIO
ECEX0040,261210,,CASSETE EXPIRATÓRIO,SERVO-I,MAQUET,NÃO CRÍTICO,BAIXA,HOSPITAL DAS CLÍNICAS,INSTITUTO CENTRAL - ICHC,IC - CENTRAL DE EQUIPAMENTOS DO INSTITUTO CENTRAL - 6º EE," AVENIDA DOUTOR ENÉAS DE CARVALHO AGUIAR 255, CERQUEIRA CÉSAR, SÃO PAULO-SP",SP,CERQUEIRA CÉSAR,SÃO PAULO,05403-010,"2929 - CENTRAL EQUIPAMENTO MÉDICO - CIEQ 09 PAMB ",,"15.000,00",,"15.000,00",,14/12/2016,,,,,,,PRÓPRIO,ATIVO,MAQUET DO BRASIL EQUIPAMENTOS MÉDICOS  LTDA.,,,fe89fe02-f5f6-428d-914b-f5d3056af40f,,,,,,,,,,,,,,,,,,,,,,,CEIC,available,ECEX0040,SERVO-I,CASSETE EXPIRATÓRIO
ECEX0040,261210,,CASSETE EXPIRATÓRIO,SERVO-I,MAQUET,NÃO CRÍTICO,BAIXA,HOSPITAL DAS CLÍNICAS,INSTITUTO CENTRAL - ICHC,IC - CENTRAL DE EQUIPAMENTOS DO INSTITUTO CENTRAL - 6º EE," AVENIDA DOUTOR ENÉAS DE CARVALHO AGUIAR 255, CERQUEIRA CÉSAR, SÃO PAULO-SP",SP,CERQUEIRA CÉSAR,SÃO PAULO,05403-010,"2929 - CENTRAL EQUIPAMENTO MÉDICO - CIEQ 09 PAMB ",,"15.000,00",,"15.000,00",,14/12/2016,,,,,,,PRÓPRIO,ATIVO,MAQUET DO BRASIL EQUIPAMENTOS MÉDICOS  LTDA.,,,8a1b6edd-a07b-4a18-8454-9da3ef18bff1,,,,,,,,,,,,,,,,,,,,,,,CEIC,available,ECEX0040,SERVO-I,CASSETE EXPIRATÓRIO
ECEX0041,261211,,CASSETE EXPIRATÓRIO,SERVO-I,MAQUET,NÃO CRÍTICO,BAIXA,HOSPITAL DAS CLÍNICAS,INSTITUTO CENTRAL - ICHC,IC - CENTRAL DE EQUIPAMENTOS DO INSTITUTO CENTRAL - 6º EE," AVENIDA DOUTOR ENÉAS DE CARVALHO AGUIAR 255, CERQUEIRA CÉSAR, SÃO PAULO-SP",SP,CERQUEIRA CÉSAR,SÃO PAULO,05403-010,"2929 - CENTRAL EQUIPAMENTO MÉDICO - CIEQ 09 PAMB ",,"15.000,00",,"15.000,00",,14/12/2016,,,,,,,PRÓPRIO,ATIVO,MAQUET DO BRASIL EQUIPAMENTOS MÉDICOS  LTDA.,,,d1166627-84b1-4e5f-9b30-aa976a5939d6,,,,,,,,,,,,,,,,,,,,,,,CEIC,available,ECEX0041,SERVO-I,CASSETE EXPIRATÓRIO
ECEX0041,261211,,CASSETE EXPIRATÓRIO,SERVO-I,MAQUET,NÃO CRÍTICO,BAIXA,HOSPITAL DAS CLÍNICAS,INSTITUTO CENTRAL - ICHC,IC - CENTRAL DE EQUIPAMENTOS DO INSTITUTO CENTRAL - 6º EE," AVENIDA DOUTOR ENÉAS DE CARVALHO AGUIAR 255, CERQUEIRA CÉSAR, SÃO PAULO-SP",SP,CERQUEIRA CÉSAR,SÃO PAULO,05403-010,"2929 - CENTRAL EQUIPAMENTO MÉDICO - CIEQ 09 PAMB ",,"15.000,00",,"15.000,00",,14/12/2016,,,,,,,PRÓPRIO,ATIVO,MAQUET DO BRASIL EQUIPAMENTOS MÉDICOS  LTDA.,,,2ed6b396-1065-448b-a87b-7f4e8a271826,,,,,,,,,,,,,,,,,,,,,,,CEIC,available,ECEX0041,SERVO-I,CASSETE EXPIRATÓRIO
ECEX0043,261216,,CASSETE EXPIRATÓRIO,SERVO-I,MAQUET,NÃO CRÍTICO,BAIXA,HOSPITAL DAS CLÍNICAS,INSTITUTO CENTRAL - ICHC,IC - CENTRAL DE EQUIPAMENTOS DO INSTITUTO CENTRAL - 6º EE," AVENIDA DOUTOR ENÉAS DE CARVALHO AGUIAR 255, CERQUEIRA CÉSAR, SÃO PAULO-SP",SP,CERQUEIRA CÉSAR,SÃO PAULO,05403-010,"2929 - CENTRAL EQUIPAMENTO MÉDICO - CIEQ 09 PAMB ",,"15.000,00",,"15.000,00",,14/12/2016,,,,,,,PRÓPRIO,ATIVO,MAQUET DO BRASIL EQUIPAMENTOS MÉDICOS  LTDA.,,,a89800b0-bc53-4f5c-98f5-8eb34cdc6ed6,,,,,,,,,,,,,,,,,,,,,,,CEIC,available,ECEX0043,SERVO-I,CASSETE EXPIRATÓRIO
ECEX0043,261216,,CASSETE EXPIRATÓRIO,SERVO-I,MAQUET,NÃO CRÍTICO,BAIXA,HOSPITAL DAS CLÍNICAS,INSTITUTO CENTRAL - ICHC,IC - CENTRAL DE EQUIPAMENTOS DO INSTITUTO CENTRAL - 6º EE," AVENIDA DOUTOR ENÉAS DE CARVALHO AGUIAR 255, CERQUEIRA CÉSAR, SÃO PAULO-SP",SP,CERQUEIRA CÉSAR,SÃO PAULO,05403-010,"2929 - CENTRAL EQUIPAMENTO MÉDICO - CIEQ 09 PAMB ",,"15.000,00",,"15.000,00",,14/12/2016,,,,,,,PRÓPRIO,ATIVO,MAQUET DO BRASIL EQUIPAMENTOS MÉDICOS  LTDA.,,,3d0f37a3-839d-4c84-a665-b2ad924319d3,,,,,,,,,,,,,,,,,,,,,,,CEIC,available,ECEX0043,SERVO-I,CASSETE EXPIRATÓRIO
ECEX0044,261215,,CASSETE EXPIRATÓRIO,SERVO-I,MAQUET,NÃO CRÍTICO,BAIXA,HOSPITAL DAS CLÍNICAS,INSTITUTO CENTRAL - ICHC,IC - CENTRAL DE EQUIPAMENTOS DO INSTITUTO CENTRAL - 6º EE," AVENIDA DOUTOR ENÉAS DE CARVALHO AGUIAR 255, CERQUEIRA CÉSAR, SÃO PAULO-SP",SP,CERQUEIRA CÉSAR,SÃO PAULO,05403-010,"2929 - CENTRAL EQUIPAMENTO MÉDICO - CIEQ 09 PAMB ",,"15.000,00",,"15.000,00",,16/12/2016,,,,,,,PRÓPRIO,ATIVO,MAQUET DO BRASIL EQUIPAMENTOS MÉDICOS  LTDA.,,,5687e5ef-f3b3-4380-b924-a53bc0a9719b,,,,,,,,,,,,,,,,,,,,,,,CEIC,available,ECEX0044,SERVO-I,CASSETE EXPIRATÓRIO
ECEX0044,261215,,CASSETE EXPIRATÓRIO,SERVO-I,MAQUET,NÃO CRÍTICO,BAIXA,HOSPITAL DAS CLÍNICAS,INSTITUTO CENTRAL - ICHC,IC - CENTRAL DE EQUIPAMENTOS DO INSTITUTO CENTRAL - 6º EE," AVENIDA DOUTOR ENÉAS DE CARVALHO AGUIAR 255, CERQUEIRA CÉSAR, SÃO PAULO-SP",SP,CERQUEIRA CÉSAR,SÃO PAULO,05403-010,"2929 - CENTRAL EQUIPAMENTO MÉDICO - CIEQ 09 PAMB ",,"15.000,00",,"15.000,00",,16/12/2016,,,,,,,PRÓPRIO,ATIVO,MAQUET DO BRASIL EQUIPAMENTOS MÉDICOS  LTDA.,,,49ca8f6b-2ebd-47e4-a49e-3f6274e34959,,,,,,,,,,,,,,,,,,,,,,,CEIC,available,ECEX0044,SERVO-I,CASSETE EXPIRATÓRIO
ECEX0046,261206,,CASSETE EXPIRATÓRIO,SERVO-I,MAQUET,NÃO CRÍTICO,BAIXA,HOSPITAL DAS CLÍNICAS,INSTITUTO CENTRAL - ICHC,IC - CENTRAL DE EQUIPAMENTOS DO INSTITUTO CENTRAL - 6º EE," AVENIDA DOUTOR ENÉAS DE CARVALHO AGUIAR 255, CERQUEIRA CÉSAR, SÃO PAULO-SP",SP,CERQUEIRA CÉSAR,SÃO PAULO,05403-010,"2929 - CENTRAL EQUIPAMENTO MÉDICO - CIEQ 09 PAMB ",,"15.000,00",,"15.000,00",,16/12/2016,,,,,,,PRÓPRIO,ATIVO,MAQUET DO BRASIL EQUIPAMENTOS MÉDICOS  LTDA.,,,80b149bd-8c26-4ef0-ac92-a0251d0359d1,,,,,,,,,,,,,,,,,,,,,,,CEIC,available,ECEX0046,SERVO-I,CASSETE EXPIRATÓRIO
ECEX0046,261206,,CASSETE EXPIRATÓRIO,SERVO-I,MAQUET,NÃO CRÍTICO,BAIXA,HOSPITAL DAS CLÍNICAS,INSTITUTO CENTRAL - ICHC,IC - CENTRAL DE EQUIPAMENTOS DO INSTITUTO CENTRAL - 6º EE," AVENIDA DOUTOR ENÉAS DE CARVALHO AGUIAR 255, CERQUEIRA CÉSAR, SÃO PAULO-SP",SP,CERQUEIRA CÉSAR,SÃO PAULO,05403-010,"2929 - CENTRAL EQUIPAMENTO MÉDICO - CIEQ 09 PAMB ",,"15.000,00",,"15.000,00",,16/12/2016,,,,,,,PRÓPRIO,ATIVO,MAQUET DO BRASIL EQUIPAMENTOS MÉDICOS  LTDA.,,,b28ebef9-d34a-40ae-bc1e-51a868f6c82f,,,,,,,,,,,,,,,,,,,,,,,CEIC,available,ECEX0046,SERVO-I,CASSETE EXPIRATÓRIO
ECEX0047,261254,,CASSETE EXPIRATÓRIO,SERVO-I,MAQUET,NÃO CRÍTICO,BAIXA,HOSPITAL DAS CLÍNICAS,INSTITUTO CENTRAL - ICHC,IC - CENTRAL DE EQUIPAMENTOS DO INSTITUTO CENTRAL - 6º EE," AVENIDA DOUTOR ENÉAS DE CARVALHO AGUIAR 255, CERQUEIRA CÉSAR, SÃO PAULO-SP",SP,CERQUEIRA CÉSAR,SÃO PAULO,05403-010,"2929 - CENTRAL EQUIPAMENTO MÉDICO - CIEQ 09 PAMB ",,"15.000,00",,"15.000,00",,16/12/2016,,,,,,,PRÓPRIO,ATIVO,MAQUET DO BRASIL EQUIPAMENTOS MÉDICOS  LTDA.,,,91cb586c-83f2-42ae-8910-38be4420f6c2,,,,,,,,,,,,,,,,,,,,,,,CEIC,available,ECEX0047,SERVO-I,CASSETE EXPIRATÓRIO
ECEX0047,261254,,CASSETE EXPIRATÓRIO,SERVO-I,MAQUET,NÃO CRÍTICO,BAIXA,HOSPITAL DAS CLÍNICAS,INSTITUTO CENTRAL - ICHC,IC - CENTRAL DE EQUIPAMENTOS DO INSTITUTO CENTRAL - 6º EE," AVENIDA DOUTOR ENÉAS DE CARVALHO AGUIAR 255, CERQUEIRA CÉSAR, SÃO PAULO-SP",SP,CERQUEIRA CÉSAR,SÃO PAULO,05403-010,"2929 - CENTRAL EQUIPAMENTO MÉDICO - CIEQ 09 PAMB ",,"15.000,00",,"15.000,00",,16/12/2016,,,,,,,PRÓPRIO,ATIVO,MAQUET DO BRASIL EQUIPAMENTOS MÉDICOS  LTDA.,,,6b40511d-ef8d-44e2-9c40-8887bd2a1875,,,,,,,,,,,,,,,,,,,,,,,CEIC,available,ECEX0047,SERVO-I,CASSETE EXPIRATÓRIO
ECEX0048,261205,,CASSETE EXPIRATÓRIO,SERVO-I,MAQUET,NÃO CRÍTICO,BAIXA,HOSPITAL DAS CLÍNICAS,INSTITUTO CENTRAL - ICHC,IC - CENTRAL DE EQUIPAMENTOS DO INSTITUTO CENTRAL - 6º EE," AVENIDA DOUTOR ENÉAS DE CARVALHO AGUIAR 255, CERQUEIRA CÉSAR, SÃO PAULO-SP",SP,CERQUEIRA CÉSAR,SÃO PAULO,05403-010,"2929 - CENTRAL EQUIPAMENTO MÉDICO - CIEQ 09 PAMB ",,"15.000,00",,"15.000,00",,16/12/2016,,,,,,,PRÓPRIO,ATIVO,MAQUET DO BRASIL EQUIPAMENTOS MÉDICOS  LTDA.,,,c2417089-5e25-49e8-a2f6-903dd783df29,,,,,,,,,,,,,,,,,,,,,,,CEIC,available,ECEX0048,SERVO-I,CASSETE EXPIRATÓRIO
ECEX0048,261205,,CASSETE EXPIRATÓRIO,SERVO-I,MAQUET,NÃO CRÍTICO,BAIXA,HOSPITAL DAS CLÍNICAS,INSTITUTO CENTRAL - ICHC,IC - CENTRAL DE EQUIPAMENTOS DO INSTITUTO CENTRAL - 6º EE," AVENIDA DOUTOR ENÉAS DE CARVALHO AGUIAR 255, CERQUEIRA CÉSAR, SÃO PAULO-SP",SP,CERQUEIRA CÉSAR,SÃO PAULO,05403-010,"2929 - CENTRAL EQUIPAMENTO MÉDICO - CIEQ 09 PAMB ",,"15.000,00",,"15.000,00",,16/12/2016,,,,,,,PRÓPRIO,ATIVO,MAQUET DO BRASIL EQUIPAMENTOS MÉDICOS  LTDA.,,,0b8c2161-c826-4260-a27b-d0219667e963,,,,,,,,,,,,,,,,,,,,,,,CEIC,available,ECEX0048,SERVO-I,CASSETE EXPIRATÓRIO
ECEX0049,157915,,CASSETE EXPIRATÓRIO,SERVO,MAQUET,NÃO CRÍTICO,BAIXA,HOSPITAL DAS CLÍNICAS,INSTITUTO CENTRAL - ICHC,IC - CENTRAL DE EQUIPAMENTOS DO INSTITUTO CENTRAL - 6º EE," AVENIDA DOUTOR ENÉAS DE CARVALHO AGUIAR 255, CERQUEIRA CÉSAR, SÃO PAULO-SP",SP,CERQUEIRA CÉSAR,SÃO PAULO,05403-010,"2929 - CENTRAL EQUIPAMENTO MÉDICO - CIEQ 09 PAMB ",,"16.000,00",,"16.000,00",,16/12/2016,,,,,,,PRÓPRIO,ATIVO,MAQUET DO BRASIL EQUIPAMENTOS MÉDICOS  LTDA.,,,e26f926c-53b9-48b6-afe0-a53162fa80da,,,,,,,,,,,,,,,,,,,,,,,CEIC,available,ECEX0049,SERVO,CASSETE EXPIRATÓRIO
ECEX0049,157915,,CASSETE EXPIRATÓRIO,SERVO,MAQUET,NÃO CRÍTICO,BAIXA,HOSPITAL DAS CLÍNICAS,INSTITUTO CENTRAL - ICHC,IC - CENTRAL DE EQUIPAMENTOS DO INSTITUTO CENTRAL - 6º EE," AVENIDA DOUTOR ENÉAS DE CARVALHO AGUIAR 255, CERQUEIRA CÉSAR, SÃO PAULO-SP",SP,CERQUEIRA CÉSAR,SÃO PAULO,05403-010,"2929 - CENTRAL EQUIPAMENTO MÉDICO - CIEQ 09 PAMB ",,"16.000,00",,"16.000,00",,16/12/2016,,,,,,,PRÓPRIO,ATIVO,MAQUET DO BRASIL EQUIPAMENTOS MÉDICOS  LTDA.,,,7a8f319f-89da-43f3-afeb-705a106ab9a4,,,,,,,,,,,,,,,,,,,,,,,CEIC,available,ECEX0049,SERVO,CASSETE EXPIRATÓRIO
ECEX0051,260784,,CASSETE EXPIRATÓRIO,SERVO-I,MAQUET,NÃO CRÍTICO,BAIXA,HOSPITAL DAS CLÍNICAS,INSTITUTO CENTRAL - ICHC,IC - CENTRAL DE EQUIPAMENTOS DO INSTITUTO CENTRAL - 6º EE," AVENIDA DOUTOR ENÉAS DE CARVALHO AGUIAR 255, CERQUEIRA CÉSAR, SÃO PAULO-SP",SP,CERQUEIRA CÉSAR,SÃO PAULO,05403-010,"2929 - CENTRAL EQUIPAMENTO MÉDICO - CIEQ 09 PAMB ",,"15.000,00",,"15.000,00",,19/12/2016,,,,,,,PRÓPRIO,ATIVO,MAQUET DO BRASIL EQUIPAMENTOS MÉDICOS  LTDA.,,,fa4ca04a-ab07-47a2-b893-0f3abfe9c744,,,,,,,,,,,,,,,,,,,,,,,CEIC,available,ECEX0051,SERVO-I,CASSETE EXPIRATÓRIO
ECEX0051,260784,,CASSETE EXPIRATÓRIO,SERVO-I,MAQUET,NÃO CRÍTICO,BAIXA,HOSPITAL DAS CLÍNICAS,INSTITUTO CENTRAL - ICHC,IC - CENTRAL DE EQUIPAMENTOS DO INSTITUTO CENTRAL - 6º EE," AVENIDA DOUTOR ENÉAS DE CARVALHO AGUIAR 255, CERQUEIRA CÉSAR, SÃO PAULO-SP",SP,CERQUEIRA CÉSAR,SÃO PAULO,05403-010,"2929 - CENTRAL EQUIPAMENTO MÉDICO - CIEQ 09 PAMB ",,"15.000,00",,"15.000,00",,19/12/2016,,,,,,,PRÓPRIO,ATIVO,MAQUET DO BRASIL EQUIPAMENTOS MÉDICOS  LTDA.,,,974f5f33-7999-4dbd-b19f-5523567f8fcc,,,,,,,,,,,,,,,,,,,,,,,CEIC,available,ECEX0051,SERVO-I,CASSETE EXPIRATÓRIO
ECEX0053,260788,,CASSETE EXPIRATÓRIO,SERVO-I,MAQUET,NÃO CRÍTICO,BAIXA,HOSPITAL DAS CLÍNICAS,INSTITUTO CENTRAL - ICHC,IC - CENTRAL DE EQUIPAMENTOS DO INSTITUTO CENTRAL - 6º EE," AVENIDA DOUTOR ENÉAS DE CARVALHO AGUIAR 255, CERQUEIRA CÉSAR, SÃO PAULO-SP",SP,CERQUEIRA CÉSAR,SÃO PAULO,05403-010,"2929 - CENTRAL EQUIPAMENTO MÉDICO - CIEQ 09 PAMB ",,"15.000,00",,"15.000,00",,19/12/2016,,,,,,,PRÓPRIO,ATIVO,MAQUET DO BRASIL EQUIPAMENTOS MÉDICOS  LTDA.,,,2d91d9da-4825-4ac6-98f6-9507c14f4de8,,,,,,,,,,,,,,,,,,,,,,,CEIC,available,ECEX0053,SERVO-I,CASSETE EXPIRATÓRIO
ECEX0053,260788,,CASSETE EXPIRATÓRIO,SERVO-I,MAQUET,NÃO CRÍTICO,BAIXA,HOSPITAL DAS CLÍNICAS,INSTITUTO CENTRAL - ICHC,IC - CENTRAL DE EQUIPAMENTOS DO INSTITUTO CENTRAL - 6º EE," AVENIDA DOUTOR ENÉAS DE CARVALHO AGUIAR 255, CERQUEIRA CÉSAR, SÃO PAULO-SP",SP,CERQUEIRA CÉSAR,SÃO PAULO,05403-010,"2929 - CENTRAL EQUIPAMENTO MÉDICO - CIEQ 09 PAMB ",,"15.000,00",,"15.000,00",,19/12/2016,,,,,,,PRÓPRIO,ATIVO,MAQUET DO BRASIL EQUIPAMENTOS MÉDICOS  LTDA.,,,a7fa9ebb-9f78-4a8a-a72b-ee972179e28a,,,,,,,,,,,,,,,,,,,,,,,CEIC,available,ECEX0053,SERVO-I,CASSETE EXPIRATÓRIO
ECEX0054,260796,,CASSETE EXPIRATÓRIO,SERVO-I,MAQUET,NÃO CRÍTICO,BAIXA,HOSPITAL DAS CLÍNICAS,INSTITUTO CENTRAL - ICHC,IC - CENTRAL DE EQUIPAMENTOS DO INSTITUTO CENTRAL - 6º EE," AVENIDA DOUTOR ENÉAS DE CARVALHO AGUIAR 255, CERQUEIRA CÉSAR, SÃO PAULO-SP",SP,CERQUEIRA CÉSAR,SÃO PAULO,05403-010,"2929 - CENTRAL EQUIPAMENTO MÉDICO - CIEQ 09 PAMB ",,"15.000,00",,"15.000,00",,19/12/2016,,,,,,,PRÓPRIO,ATIVO,MAQUET DO BRASIL EQUIPAMENTOS MÉDICOS  LTDA.,,,4f9e082e-83bc-401f-9552-ed12e979cd6f,,,,,,,,,,,,,,,,,,,,,,,CEIC,available,ECEX0054,SERVO-I,CASSETE EXPIRATÓRIO
ECEX0054,260796,,CASSETE EXPIRATÓRIO,SERVO-I,MAQUET,NÃO CRÍTICO,BAIXA,HOSPITAL DAS CLÍNICAS,INSTITUTO CENTRAL - ICHC,IC - CENTRAL DE EQUIPAMENTOS DO INSTITUTO CENTRAL - 6º EE," AVENIDA DOUTOR ENÉAS DE CARVALHO AGUIAR 255, CERQUEIRA CÉSAR, SÃO PAULO-SP",SP,CERQUEIRA CÉSAR,SÃO PAULO,05403-010,"2929 - CENTRAL EQUIPAMENTO MÉDICO - CIEQ 09 PAMB ",,"15.000,00",,"15.000,00",,19/12/2016,,,,,,,PRÓPRIO,ATIVO,MAQUET DO BRASIL EQUIPAMENTOS MÉDICOS  LTDA.,,,37b749c5-e340-4227-b405-9b608f7d8565,,,,,,,,,,,,,,,,,,,,,,,CEIC,available,ECEX0054,SERVO-I,CASSETE EXPIRATÓRIO
ECEX0055,260791,,CASSETE EXPIRATÓRIO,SERVO-I,MAQUET,NÃO CRÍTICO,BAIXA,HOSPITAL DAS CLÍNICAS,INSTITUTO CENTRAL - ICHC,IC - CENTRAL DE EQUIPAMENTOS DO INSTITUTO CENTRAL - 6º EE," AVENIDA DOUTOR ENÉAS DE CARVALHO AGUIAR 255, CERQUEIRA CÉSAR, SÃO PAULO-SP",SP,CERQUEIRA CÉSAR,SÃO PAULO,05403-010,"2929 - CENTRAL EQUIPAMENTO MÉDICO - CIEQ 09 PAMB ",,"15.000,00",,"15.000,00",,19/12/2016,,,,,,,PRÓPRIO,ATIVO,MAQUET DO BRASIL EQUIPAMENTOS MÉDICOS  LTDA.,,,61b9d143-faa6-4928-a666-a6de31abc0be,,,,,,,,,,,,,,,,,,,,,,,CEIC,available,ECEX0055,SERVO-I,CASSETE EXPIRATÓRIO
ECEX0055,260791,,CASSETE EXPIRATÓRIO,SERVO-I,MAQUET,NÃO CRÍTICO,BAIXA,HOSPITAL DAS CLÍNICAS,INSTITUTO CENTRAL - ICHC,IC - CENTRAL DE EQUIPAMENTOS DO INSTITUTO CENTRAL - 6º EE," AVENIDA DOUTOR ENÉAS DE CARVALHO AGUIAR 255, CERQUEIRA CÉSAR, SÃO PAULO-SP",SP,CERQUEIRA CÉSAR,SÃO PAULO,05403-010,"2929 - CENTRAL EQUIPAMENTO MÉDICO - CIEQ 09 PAMB ",,"15.000,00",,"15.000,00",,19/12/2016,,,,,,,PRÓPRIO,ATIVO,MAQUET DO BRASIL EQUIPAMENTOS MÉDICOS  LTDA.,,,2c15ed7d-6c9b-4231-a402-6a7ca4f85a68,,,,,,,,,,,,,,,,,,,,,,,CEIC,available,ECEX0055,SERVO-I,CASSETE EXPIRATÓRIO
ECEX0057,260798,,CASSETE EXPIRATÓRIO,SERVO-I,MAQUET,NÃO CRÍTICO,BAIXA,HOSPITAL DAS CLÍNICAS,INSTITUTO CENTRAL - ICHC,IC - CENTRAL DE EQUIPAMENTOS DO INSTITUTO CENTRAL - 6º EE," AVENIDA DOUTOR ENÉAS DE CARVALHO AGUIAR 255, CERQUEIRA CÉSAR, SÃO PAULO-SP",SP,CERQUEIRA CÉSAR,SÃO PAULO,05403-010,"2929 - CENTRAL EQUIPAMENTO MÉDICO - CIEQ 09 PAMB ",,"15.000,00",,"15.000,00",,19/12/2016,,,,,,,PRÓPRIO,ATIVO,MAQUET DO BRASIL EQUIPAMENTOS MÉDICOS  LTDA.,,,8780f396-4ccb-4193-86f9-471cb505b128,,,,,,,,,,,,,,,,,,,,,,,CEIC,available,ECEX0057,SERVO-I,CASSETE EXPIRATÓRIO
ECEX0057,260798,,CASSETE EXPIRATÓRIO,SERVO-I,MAQUET,NÃO CRÍTICO,BAIXA,HOSPITAL DAS CLÍNICAS,INSTITUTO CENTRAL - ICHC,IC - CENTRAL DE EQUIPAMENTOS DO INSTITUTO CENTRAL - 6º EE," AVENIDA DOUTOR ENÉAS DE CARVALHO AGUIAR 255, CERQUEIRA CÉSAR, SÃO PAULO-SP",SP,CERQUEIRA CÉSAR,SÃO PAULO,05403-010,"2929 - CENTRAL EQUIPAMENTO MÉDICO - CIEQ 09 PAMB ",,"15.000,00",,"15.000,00",,19/12/2016,,,,,,,PRÓPRIO,ATIVO,MAQUET DO BRASIL EQUIPAMENTOS MÉDICOS  LTDA.,,,053a2157-affa-42e5-81a9-1a950fcb28ae,,,,,,,,,,,,,,,,,,,,,,,CEIC,available,ECEX0057,SERVO-I,CASSETE EXPIRATÓRIO
ECEX0058,260793,,CASSETE EXPIRATÓRIO,SERVO-I,MAQUET,NÃO CRÍTICO,BAIXA,HOSPITAL DAS CLÍNICAS,INSTITUTO CENTRAL - ICHC,IC - CENTRAL DE EQUIPAMENTOS DO INSTITUTO CENTRAL - 6º EE," AVENIDA DOUTOR ENÉAS DE CARVALHO AGUIAR 255, CERQUEIRA CÉSAR, SÃO PAULO-SP",SP,CERQUEIRA CÉSAR,SÃO PAULO,05403-010,"2929 - CENTRAL EQUIPAMENTO MÉDICO - CIEQ 09 PAMB ",,"15.000,00",,"15.000,00",,19/12/2015,,,,,,,PRÓPRIO,ATIVO,MAQUET DO BRASIL EQUIPAMENTOS MÉDICOS  LTDA.,,,b55f9cf1-4386-42f3-94bb-1414265026a1,,,,,,,,,,,,,,,,,,,,,,,CEIC,available,ECEX0058,SERVO-I,CASSETE EXPIRATÓRIO
ECEX0058,260793,,CASSETE EXPIRATÓRIO,SERVO-I,MAQUET,NÃO CRÍTICO,BAIXA,HOSPITAL DAS CLÍNICAS,INSTITUTO CENTRAL - ICHC,IC - CENTRAL DE EQUIPAMENTOS DO INSTITUTO CENTRAL - 6º EE," AVENIDA DOUTOR ENÉAS DE CARVALHO AGUIAR 255, CERQUEIRA CÉSAR, SÃO PAULO-SP",SP,CERQUEIRA CÉSAR,SÃO PAULO,05403-010,"2929 - CENTRAL EQUIPAMENTO MÉDICO - CIEQ 09 PAMB ",,"15.000,00",,"15.000,00",,19/12/2015,,,,,,,PRÓPRIO,ATIVO,MAQUET DO BRASIL EQUIPAMENTOS MÉDICOS  LTDA.,,,91235a3c-22bd-418f-9cac-b5d6e2f14939,,,,,,,,,,,,,,,,,,,,,,,CEIC,available,ECEX0058,SERVO-I,CASSETE EXPIRATÓRIO
ECEX0059,260789,,CASSETE EXPIRATÓRIO,SERVO-I,MAQUET,NÃO CRÍTICO,BAIXA,HOSPITAL DAS CLÍNICAS,INSTITUTO CENTRAL - ICHC,IC - CENTRAL DE EQUIPAMENTOS DO INSTITUTO CENTRAL - 6º EE," AVENIDA DOUTOR ENÉAS DE CARVALHO AGUIAR 255, CERQUEIRA CÉSAR, SÃO PAULO-SP",SP,CERQUEIRA CÉSAR,SÃO PAULO,05403-010,"2929 - CENTRAL EQUIPAMENTO MÉDICO - CIEQ 09 PAMB ",,"15.000,00",,"15.000,00",,19/12/2016,,,,,,,PRÓPRIO,ATIVO,MAQUET DO BRASIL EQUIPAMENTOS MÉDICOS  LTDA.,,,f639bc4d-3c7e-4941-a298-4db45c485b3d,,,,,,,,,,,,,,,,,,,,,,,CEIC,available,ECEX0059,SERVO-I,CASSETE EXPIRATÓRIO
ECEX0059,260789,,CASSETE EXPIRATÓRIO,SERVO-I,MAQUET,NÃO CRÍTICO,BAIXA,HOSPITAL DAS CLÍNICAS,INSTITUTO CENTRAL - ICHC,IC - CENTRAL DE EQUIPAMENTOS DO INSTITUTO CENTRAL - 6º EE," AVENIDA DOUTOR ENÉAS DE CARVALHO AGUIAR 255, CERQUEIRA CÉSAR, SÃO PAULO-SP",SP,CERQUEIRA CÉSAR,SÃO PAULO,05403-010,"2929 - CENTRAL EQUIPAMENTO MÉDICO - CIEQ 09 PAMB ",,"15.000,00",,"15.000,00",,19/12/2016,,,,,,,PRÓPRIO,ATIVO,MAQUET DO BRASIL EQUIPAMENTOS MÉDICOS  LTDA.,,,af33d361-dc17-4c70-a3c0-52145714409e,,,,,,,,,,,,,,,,,,,,,,,CEIC,available,ECEX0059,SERVO-I,CASSETE EXPIRATÓRIO
ECEX0060,260787,,CASSETE EXPIRATÓRIO,SERVO-I,MAQUET,NÃO CRÍTICO,BAIXA,HOSPITAL DAS CLÍNICAS,INSTITUTO CENTRAL - ICHC,IC - CENTRAL DE EQUIPAMENTOS DO INSTITUTO CENTRAL - 6º EE," AVENIDA DOUTOR ENÉAS DE CARVALHO AGUIAR 255, CERQUEIRA CÉSAR, SÃO PAULO-SP",SP,CERQUEIRA CÉSAR,SÃO PAULO,05403-010,"2929 - CENTRAL EQUIPAMENTO MÉDICO - CIEQ 09 PAMB ",,"15.000,00",,"15.000,00",,19/12/2016,,,,,,,PRÓPRIO,ATIVO,MAQUET DO BRASIL EQUIPAMENTOS MÉDICOS  LTDA.,,,25f659fa-0215-4014-9dc0-c72d8a1c30ca,,,,,,,,,,,,,,,,,,,,,,,CEIC,available,ECEX0060,SERVO-I,CASSETE EXPIRATÓRIO
ECEX0060,260787,,CASSETE EXPIRATÓRIO,SERVO-I,MAQUET,NÃO CRÍTICO,BAIXA,HOSPITAL DAS CLÍNICAS,INSTITUTO CENTRAL - ICHC,IC - CENTRAL DE EQUIPAMENTOS DO INSTITUTO CENTRAL - 6º EE," AVENIDA DOUTOR ENÉAS DE CARVALHO AGUIAR 255, CERQUEIRA CÉSAR, SÃO PAULO-SP",SP,CERQUEIRA CÉSAR,SÃO PAULO,05403-010,"2929 - CENTRAL EQUIPAMENTO MÉDICO - CIEQ 09 PAMB ",,"15.000,00",,"15.000,00",,19/12/2016,,,,,,,PRÓPRIO,ATIVO,MAQUET DO BRASIL EQUIPAMENTOS MÉDICOS  LTDA.,,,f5a732d7-5e89-477e-ac2f-a2dac63782d0,,,,,,,,,,,,,,,,,,,,,,,CEIC,available,ECEX0060,SERVO-I,CASSETE EXPIRATÓRIO
ECEX0061,260783,,CASSETE EXPIRATÓRIO,SERVO-I,MAQUET,NÃO CRÍTICO,BAIXA,HOSPITAL DAS CLÍNICAS,INSTITUTO CENTRAL - ICHC,IC - CENTRAL DE EQUIPAMENTOS DO INSTITUTO CENTRAL - 6º EE," AVENIDA DOUTOR ENÉAS DE CARVALHO AGUIAR 255, CERQUEIRA CÉSAR, SÃO PAULO-SP",SP,CERQUEIRA CÉSAR,SÃO PAULO,05403-010,"2929 - CENTRAL EQUIPAMENTO MÉDICO - CIEQ 09 PAMB ",,"15.000,00",,"15.000,00",,19/12/2016,,,,,,,PRÓPRIO,ATIVO,MAQUET DO BRASIL EQUIPAMENTOS MÉDICOS  LTDA.,,,f0179650-9ecc-4883-aa85-d702609a36df,,,,,,,,,,,,,,,,,,,,,,,CEIC,available,ECEX0061,SERVO-I,CASSETE EXPIRATÓRIO
ECEX0061,260783,,CASSETE EXPIRATÓRIO,SERVO-I,MAQUET,NÃO CRÍTICO,BAIXA,HOSPITAL DAS CLÍNICAS,INSTITUTO CENTRAL - ICHC,IC - CENTRAL DE EQUIPAMENTOS DO INSTITUTO CENTRAL - 6º EE," AVENIDA DOUTOR ENÉAS DE CARVALHO AGUIAR 255, CERQUEIRA CÉSAR, SÃO PAULO-SP",SP,CERQUEIRA CÉSAR,SÃO PAULO,05403-010,"2929 - CENTRAL EQUIPAMENTO MÉDICO - CIEQ 09 PAMB ",,"15.000,00",,"15.000,00",,19/12/2016,,,,,,,PRÓPRIO,ATIVO,MAQUET DO BRASIL EQUIPAMENTOS MÉDICOS  LTDA.,,,fab8ae9c-0fad-4dbc-9f13-1635a99b2189,,,,,,,,,,,,,,,,,,,,,,,CEIC,available,ECEX0061,SERVO-I,CASSETE EXPIRATÓRIO
ECEX0062,260764,,CASSETE EXPIRATÓRIO,SERVO-I,MAQUET,NÃO CRÍTICO,BAIXA,HOSPITAL DAS CLÍNICAS,INSTITUTO CENTRAL - ICHC,IC - CENTRAL DE EQUIPAMENTOS DO INSTITUTO CENTRAL - 6º EE," AVENIDA DOUTOR ENÉAS DE CARVALHO AGUIAR 255, CERQUEIRA CÉSAR, SÃO PAULO-SP",SP,CERQUEIRA CÉSAR,SÃO PAULO,05403-010,"2929 - CENTRAL EQUIPAMENTO MÉDICO - CIEQ 09 PAMB ",,"15.000,00",,"15.000,00",,19/12/2016,,,,,,,PRÓPRIO,ATIVO,MAQUET DO BRASIL EQUIPAMENTOS MÉDICOS  LTDA.,,,593927d4-46f1-4611-a284-066725bbbcb2,,,,,,,,,,,,,,,,,,,,,,,CEIC,available,ECEX0062,SERVO-I,CASSETE EXPIRATÓRIO
ECEX0062,260764,,CASSETE EXPIRATÓRIO,SERVO-I,MAQUET,NÃO CRÍTICO,BAIXA,HOSPITAL DAS CLÍNICAS,INSTITUTO CENTRAL - ICHC,IC - CENTRAL DE EQUIPAMENTOS DO INSTITUTO CENTRAL - 6º EE," AVENIDA DOUTOR ENÉAS DE CARVALHO AGUIAR 255, CERQUEIRA CÉSAR, SÃO PAULO-SP",SP,CERQUEIRA CÉSAR,SÃO PAULO,05403-010,"2929 - CENTRAL EQUIPAMENTO MÉDICO - CIEQ 09 PAMB ",,"15.000,00",,"15.000,00",,19/12/2016,,,,,,,PRÓPRIO,ATIVO,MAQUET DO BRASIL EQUIPAMENTOS MÉDICOS  LTDA.,,,4a6dae31-6b06-45e5-8e41-7eb30210b7c2,,,,,,,,,,,,,,,,,,,,,,,CEIC,available,ECEX0062,SERVO-I,CASSETE EXPIRATÓRIO
ECEX0063,260795,,CASSETE EXPIRATÓRIO,SERVO-I,MAQUET,NÃO CRÍTICO,BAIXA,HOSPITAL DAS CLÍNICAS,INSTITUTO CENTRAL - ICHC,IC - CENTRAL DE EQUIPAMENTOS DO INSTITUTO CENTRAL - 6º EE," AVENIDA DOUTOR ENÉAS DE CARVALHO AGUIAR 255, CERQUEIRA CÉSAR, SÃO PAULO-SP",SP,CERQUEIRA CÉSAR,SÃO PAULO,05403-010,"2929 - CENTRAL EQUIPAMENTO MÉDICO - CIEQ 09 PAMB ",,"15.000,00",,"15.000,00",,19/12/2016,,,,,,,PRÓPRIO,ATIVO,MAQUET DO BRASIL EQUIPAMENTOS MÉDICOS  LTDA.,,,10fa0ee2-ad52-4185-98ef-1b74fac599f6,,,,,,,,,,,,,,,,,,,,,,,CEIC,available,ECEX0063,SERVO-I,CASSETE EXPIRATÓRIO
ECEX0063,260795,,CASSETE EXPIRATÓRIO,SERVO-I,MAQUET,NÃO CRÍTICO,BAIXA,HOSPITAL DAS CLÍNICAS,INSTITUTO CENTRAL - ICHC,IC - CENTRAL DE EQUIPAMENTOS DO INSTITUTO CENTRAL - 6º EE," AVENIDA DOUTOR ENÉAS DE CARVALHO AGUIAR 255, CERQUEIRA CÉSAR, SÃO PAULO-SP",SP,CERQUEIRA CÉSAR,SÃO PAULO,05403-010,"2929 - CENTRAL EQUIPAMENTO MÉDICO - CIEQ 09 PAMB ",,"15.000,00",,"15.000,00",,19/12/2016,,,,,,,PRÓPRIO,ATIVO,MAQUET DO BRASIL EQUIPAMENTOS MÉDICOS  LTDA.,,,e6216838-dbdb-464f-aad8-661116c17b1a,,,,,,,,,,,,,,,,,,,,,,,CEIC,available,ECEX0063,SERVO-I,CASSETE EXPIRATÓRIO
ECEX0064,260785,,CASSETE EXPIRATÓRIO,SERVO-I,MAQUET,NÃO CRÍTICO,BAIXA,HOSPITAL DAS CLÍNICAS,INSTITUTO CENTRAL - ICHC,IC - CENTRAL DE EQUIPAMENTOS DO INSTITUTO CENTRAL - 6º EE," AVENIDA DOUTOR ENÉAS DE CARVALHO AGUIAR 255, CERQUEIRA CÉSAR, SÃO PAULO-SP",SP,CERQUEIRA CÉSAR,SÃO PAULO,05403-010,"2929 - CENTRAL EQUIPAMENTO MÉDICO - CIEQ 09 PAMB ",,"15.000,00",,"15.000,00",,19/12/2016,,,,,,,PRÓPRIO,ATIVO,MAQUET DO BRASIL EQUIPAMENTOS MÉDICOS  LTDA.,,,e7ab9818-7f68-4217-b1f2-b7cad684edc1,,,,,,,,,,,,,,,,,,,,,,,CEIC,available,ECEX0064,SERVO-I,CASSETE EXPIRATÓRIO
ECEX0064,260785,,CASSETE EXPIRATÓRIO,SERVO-I,MAQUET,NÃO CRÍTICO,BAIXA,HOSPITAL DAS CLÍNICAS,INSTITUTO CENTRAL - ICHC,IC - CENTRAL DE EQUIPAMENTOS DO INSTITUTO CENTRAL - 6º EE," AVENIDA DOUTOR ENÉAS DE CARVALHO AGUIAR 255, CERQUEIRA CÉSAR, SÃO PAULO-SP",SP,CERQUEIRA CÉSAR,SÃO PAULO,05403-010,"2929 - CENTRAL EQUIPAMENTO MÉDICO - CIEQ 09 PAMB ",,"15.000,00",,"15.000,00",,19/12/2016,,,,,,,PRÓPRIO,ATIVO,MAQUET DO BRASIL EQUIPAMENTOS MÉDICOS  LTDA.,,,a46a862c-459e-4f1d-ad91-7d2fab6d1e7a,,,,,,,,,,,,,,,,,,,,,,,CEIC,available,ECEX0064,SERVO-I,CASSETE EXPIRATÓRIO
ECEX0066,260774,,CASSETE EXPIRATÓRIO,SERVO-I,MAQUET,NÃO CRÍTICO,BAIXA,HOSPITAL DAS CLÍNICAS,INSTITUTO CENTRAL - ICHC,IC - CENTRAL DE EQUIPAMENTOS DO INSTITUTO CENTRAL - 6º EE," AVENIDA DOUTOR ENÉAS DE CARVALHO AGUIAR 255, CERQUEIRA CÉSAR, SÃO PAULO-SP",SP,CERQUEIRA CÉSAR,SÃO PAULO,05403-010,"2929 - CENTRAL EQUIPAMENTO MÉDICO - CIEQ 09 PAMB ",,"15.000,00",,"15.000,00",,19/12/2016,,,,,,,PRÓPRIO,ATIVO,MAQUET DO BRASIL EQUIPAMENTOS MÉDICOS  LTDA.,,,04208a0b-dbea-41eb-8952-36957c4f77e5,,,,,,,,,,,,,,,,,,,,,,,CEIC,available,ECEX0066,SERVO-I,CASSETE EXPIRATÓRIO
ECEX0066,260774,,CASSETE EXPIRATÓRIO,SERVO-I,MAQUET,NÃO CRÍTICO,BAIXA,HOSPITAL DAS CLÍNICAS,INSTITUTO CENTRAL - ICHC,IC - CENTRAL DE EQUIPAMENTOS DO INSTITUTO CENTRAL - 6º EE," AVENIDA DOUTOR ENÉAS DE CARVALHO AGUIAR 255, CERQUEIRA CÉSAR, SÃO PAULO-SP",SP,CERQUEIRA CÉSAR,SÃO PAULO,05403-010,"2929 - CENTRAL EQUIPAMENTO MÉDICO - CIEQ 09 PAMB ",,"15.000,00",,"15.000,00",,19/12/2016,,,,,,,PRÓPRIO,ATIVO,MAQUET DO BRASIL EQUIPAMENTOS MÉDICOS  LTDA.,,,7e2b5a6b-8f99-4c74-a83a-5b5f5a1cd160,,,,,,,,,,,,,,,,,,,,,,,CEIC,available,ECEX0066,SERVO-I,CASSETE EXPIRATÓRIO
ECEX0067,260786,,CASSETE EXPIRATÓRIO,SERVO-I,MAQUET,NÃO CRÍTICO,BAIXA,HOSPITAL DAS CLÍNICAS,INSTITUTO CENTRAL - ICHC,IC - CENTRAL DE EQUIPAMENTOS DO INSTITUTO CENTRAL - 6º EE," AVENIDA DOUTOR ENÉAS DE CARVALHO AGUIAR 255, CERQUEIRA CÉSAR, SÃO PAULO-SP",SP,CERQUEIRA CÉSAR,SÃO PAULO,05403-010,"2929 - CENTRAL EQUIPAMENTO MÉDICO - CIEQ 09 PAMB ",,"15.000,00",,"15.000,00",,19/12/2016,,,,,,,PRÓPRIO,ATIVO,MAQUET DO BRASIL EQUIPAMENTOS MÉDICOS  LTDA.,,,7fc1e8fb-1098-441b-a17f-f844269d554d,,,,,,,,,,,,,,,,,,,,,,,CEIC,available,ECEX0067,SERVO-I,CASSETE EXPIRATÓRIO
ECEX0067,260786,,CASSETE EXPIRATÓRIO,SERVO-I,MAQUET,NÃO CRÍTICO,BAIXA,HOSPITAL DAS CLÍNICAS,INSTITUTO CENTRAL - ICHC,IC - CENTRAL DE EQUIPAMENTOS DO INSTITUTO CENTRAL - 6º EE," AVENIDA DOUTOR ENÉAS DE CARVALHO AGUIAR 255, CERQUEIRA CÉSAR, SÃO PAULO-SP",SP,CERQUEIRA CÉSAR,SÃO PAULO,05403-010,"2929 - CENTRAL EQUIPAMENTO MÉDICO - CIEQ 09 PAMB ",,"15.000,00",,"15.000,00",,19/12/2016,,,,,,,PRÓPRIO,ATIVO,MAQUET DO BRASIL EQUIPAMENTOS MÉDICOS  LTDA.,,,a8cf0cc5-d100-4c6b-ab45-ef7e0ee4a7a0,,,,,,,,,,,,,,,,,,,,,,,CEIC,available,ECEX0067,SERVO-I,CASSETE EXPIRATÓRIO
ECEX0068,260772,,CASSETE EXPIRATÓRIO,SERVO-I,MAQUET,NÃO CRÍTICO,BAIXA,HOSPITAL DAS CLÍNICAS,INSTITUTO CENTRAL - ICHC,IC - CENTRAL DE EQUIPAMENTOS DO INSTITUTO CENTRAL - 6º EE," AVENIDA DOUTOR ENÉAS DE CARVALHO AGUIAR 255, CERQUEIRA CÉSAR, SÃO PAULO-SP",SP,CERQUEIRA CÉSAR,SÃO PAULO,05403-010,"2929 - CENTRAL EQUIPAMENTO MÉDICO - CIEQ 09 PAMB ",,"15.000,00",,"15.000,00",,19/12/2016,,,,,,,PRÓPRIO,ATIVO,MAQUET DO BRASIL EQUIPAMENTOS MÉDICOS  LTDA.,,,f114c5a5-8a5d-45fb-8d7c-344a3f0d569d,,,,,,,,,,,,,,,,,,,,,,,CEIC,available,ECEX0068,SERVO-I,CASSETE EXPIRATÓRIO
ECEX0068,260772,,CASSETE EXPIRATÓRIO,SERVO-I,MAQUET,NÃO CRÍTICO,BAIXA,HOSPITAL DAS CLÍNICAS,INSTITUTO CENTRAL - ICHC,IC - CENTRAL DE EQUIPAMENTOS DO INSTITUTO CENTRAL - 6º EE," AVENIDA DOUTOR ENÉAS DE CARVALHO AGUIAR 255, CERQUEIRA CÉSAR, SÃO PAULO-SP",SP,CERQUEIRA CÉSAR,SÃO PAULO,05403-010,"2929 - CENTRAL EQUIPAMENTO MÉDICO - CIEQ 09 PAMB ",,"15.000,00",,"15.000,00",,19/12/2016,,,,,,,PRÓPRIO,ATIVO,MAQUET DO BRASIL EQUIPAMENTOS MÉDICOS  LTDA.,,,42af6f64-7bfa-4d6e-ae91-0cb205d0b5e1,,,,,,,,,,,,,,,,,,,,,,,CEIC,available,ECEX0068,SERVO-I,CASSETE EXPIRATÓRIO
ECEX0069,260794,,CASSETE EXPIRATÓRIO,SERVO-I,MAQUET,NÃO CRÍTICO,BAIXA,HOSPITAL DAS CLÍNICAS,INSTITUTO CENTRAL - ICHC,IC - CENTRAL DE EQUIPAMENTOS DO INSTITUTO CENTRAL - 6º EE," AVENIDA DOUTOR ENÉAS DE CARVALHO AGUIAR 255, CERQUEIRA CÉSAR, SÃO PAULO-SP",SP,CERQUEIRA CÉSAR,SÃO PAULO,05403-010,"2929 - CENTRAL EQUIPAMENTO MÉDICO - CIEQ 09 PAMB ",,"15.000,00",,"15.000,00",,19/12/2016,,,,,,,PRÓPRIO,ATIVO,MAQUET DO BRASIL EQUIPAMENTOS MÉDICOS  LTDA.,,,d7c27131-e05a-4a3f-a1a7-529a23943219,,,,,,,,,,,,,,,,,,,,,,,CEIC,available,ECEX0069,SERVO-I,CASSETE EXPIRATÓRIO
ECEX0069,260794,,CASSETE EXPIRATÓRIO,SERVO-I,MAQUET,NÃO CRÍTICO,BAIXA,HOSPITAL DAS CLÍNICAS,INSTITUTO CENTRAL - ICHC,IC - CENTRAL DE EQUIPAMENTOS DO INSTITUTO CENTRAL - 6º EE," AVENIDA DOUTOR ENÉAS DE CARVALHO AGUIAR 255, CERQUEIRA CÉSAR, SÃO PAULO-SP",SP,CERQUEIRA CÉSAR,SÃO PAULO,05403-010,"2929 - CENTRAL EQUIPAMENTO MÉDICO - CIEQ 09 PAMB ",,"15.000,00",,"15.000,00",,19/12/2016,,,,,,,PRÓPRIO,ATIVO,MAQUET DO BRASIL EQUIPAMENTOS MÉDICOS  LTDA.,,,2f89fbbc-8002-4c77-b393-7c35b7a1eb9e,,,,,,,,,,,,,,,,,,,,,,,CEIC,available,ECEX0069,SERVO-I,CASSETE EXPIRATÓRIO
ECEX0070,260782,,CASSETE EXPIRATÓRIO,SERVO-I,MAQUET,NÃO CRÍTICO,BAIXA,HOSPITAL DAS CLÍNICAS,INSTITUTO CENTRAL - ICHC,IC - CENTRAL DE EQUIPAMENTOS DO INSTITUTO CENTRAL - 6º EE," AVENIDA DOUTOR ENÉAS DE CARVALHO AGUIAR 255, CERQUEIRA CÉSAR, SÃO PAULO-SP",SP,CERQUEIRA CÉSAR,SÃO PAULO,05403-010,"2929 - CENTRAL EQUIPAMENTO MÉDICO - CIEQ 09 PAMB ",,"15.000,00",,"15.000,00",,19/12/2016,,,,,,,PRÓPRIO,ATIVO,MAQUET DO BRASIL EQUIPAMENTOS MÉDICOS  LTDA.,,,3989dc78-0ec9-42b7-8f2a-465b2bbf163a,,,,,,,,,,,,,,,,,,,,,,,CEIC,available,ECEX0070,SERVO-I,CASSETE EXPIRATÓRIO
ECEX0070,260782,,CASSETE EXPIRATÓRIO,SERVO-I,MAQUET,NÃO CRÍTICO,BAIXA,HOSPITAL DAS CLÍNICAS,INSTITUTO CENTRAL - ICHC,IC - CENTRAL DE EQUIPAMENTOS DO INSTITUTO CENTRAL - 6º EE," AVENIDA DOUTOR ENÉAS DE CARVALHO AGUIAR 255, CERQUEIRA CÉSAR, SÃO PAULO-SP",SP,CERQUEIRA CÉSAR,SÃO PAULO,05403-010,"2929 - CENTRAL EQUIPAMENTO MÉDICO - CIEQ 09 PAMB ",,"15.000,00",,"15.000,00",,19/12/2016,,,,,,,PRÓPRIO,ATIVO,MAQUET DO BRASIL EQUIPAMENTOS MÉDICOS  LTDA.,,,4377b566-35f2-41e4-b07a-b666c887940e,,,,,,,,,,,,,,,,,,,,,,,CEIC,available,ECEX0070,SERVO-I,CASSETE EXPIRATÓRIO
ECEX0072,134254,,CASSETE EXPIRATÓRIO,SERVO,MAQUET,NÃO CRÍTICO,BAIXA,HOSPITAL DAS CLÍNICAS,INSTITUTO CENTRAL - ICHC,IC - CENTRAL DE EQUIPAMENTOS DO INSTITUTO CENTRAL - 6º EE," AVENIDA DOUTOR ENÉAS DE CARVALHO AGUIAR 255, CERQUEIRA CÉSAR, SÃO PAULO-SP",SP,CERQUEIRA CÉSAR,SÃO PAULO,05403-010,"2929 - CENTRAL EQUIPAMENTO MÉDICO - CIEQ 09 PAMB ",,"16.000,00",,"16.000,00",,27/04/2017,,,,,,,PRÓPRIO,ATIVO,MAQUET DO BRASIL EQUIPAMENTOS MÉDICOS  LTDA.,,,d1119d5a-eb93-4899-b556-772d9ebb78e0,,,,,,,,,,,,,,,,,,,,,,,CEIC,available,ECEX0072,SERVO,CASSETE EXPIRATÓRIO
ECEX0072,134254,,CASSETE EXPIRATÓRIO,SERVO,MAQUET,NÃO CRÍTICO,BAIXA,HOSPITAL DAS CLÍNICAS,INSTITUTO CENTRAL - ICHC,IC - CENTRAL DE EQUIPAMENTOS DO INSTITUTO CENTRAL - 6º EE," AVENIDA DOUTOR ENÉAS DE CARVALHO AGUIAR 255, CERQUEIRA CÉSAR, SÃO PAULO-SP",SP,CERQUEIRA CÉSAR,SÃO PAULO,05403-010,"2929 - CENTRAL EQUIPAMENTO MÉDICO - CIEQ 09 PAMB ",,"16.000,00",,"16.000,00",,27/04/2017,,,,,,,PRÓPRIO,ATIVO,MAQUET DO BRASIL EQUIPAMENTOS MÉDICOS  LTDA.,,,73b5a40e-0593-4984-ac3c-fcc4e31238a6,,,,,,,,,,,,,,,,,,,,,,,CEIC,available,ECEX0072,SERVO,CASSETE EXPIRATÓRIO
ECEX0074,157928,,CASSETE EXPIRATÓRIO,SERVO,MAQUET,NÃO CRÍTICO,BAIXA,HOSPITAL DAS CLÍNICAS,INSTITUTO CENTRAL - ICHC,IC - CENTRAL DE EQUIPAMENTOS DO INSTITUTO CENTRAL - 6º EE," AVENIDA DOUTOR ENÉAS DE CARVALHO AGUIAR 255, CERQUEIRA CÉSAR, SÃO PAULO-SP",SP,CERQUEIRA CÉSAR,SÃO PAULO,05403-010,"2929 - CENTRAL EQUIPAMENTO MÉDICO - CIEQ 09 PAMB ",,"16.000,00",,"16.000,00",,11/10/2017,,,,,,,PRÓPRIO,ATIVO,,,,d91294fe-731b-4c34-b5a2-8f71ff72461a,,,,,,,,,,,,,,,,,,,,,,,CEIC,available,ECEX0074,SERVO,CASSETE EXPIRATÓRIO
ECEX0074,157928,,CASSETE EXPIRATÓRIO,SERVO,MAQUET,NÃO CRÍTICO,BAIXA,HOSPITAL DAS CLÍNICAS,INSTITUTO CENTRAL - ICHC,IC - CENTRAL DE EQUIPAMENTOS DO INSTITUTO CENTRAL - 6º EE," AVENIDA DOUTOR ENÉAS DE CARVALHO AGUIAR 255, CERQUEIRA CÉSAR, SÃO PAULO-SP",SP,CERQUEIRA CÉSAR,SÃO PAULO,05403-010,"2929 - CENTRAL EQUIPAMENTO MÉDICO - CIEQ 09 PAMB ",,"16.000,00",,"16.000,00",,11/10/2017,,,,,,,PRÓPRIO,ATIVO,,,,47e56c5f-bc36-45ac-ab6a-2ba64732644b,,,,,,,,,,,,,,,,,,,,,,,CEIC,available,ECEX0074,SERVO,CASSETE EXPIRATÓRIO
ECEX0075,260780,,CASSETE EXPIRATÓRIO,SERVO,MAQUET,NÃO CRÍTICO,BAIXA,HOSPITAL DAS CLÍNICAS,INSTITUTO CENTRAL - ICHC,IC - CENTRAL DE EQUIPAMENTOS DO INSTITUTO CENTRAL - 6º EE," AVENIDA DOUTOR ENÉAS DE CARVALHO AGUIAR 255, CERQUEIRA CÉSAR, SÃO PAULO-SP",SP,CERQUEIRA CÉSAR,SÃO PAULO,05403-010,"2929 - CENTRAL EQUIPAMENTO MÉDICO - CIEQ 09 PAMB ",,"16.000,00",,"16.000,00",,12/01/2018,,,,,,,PRÓPRIO,ATIVO,MAQUET DO BRASIL EQUIPAMENTOS MÉDICOS  LTDA.,,,0a5466a2-eccc-4d34-8f19-e20fa1724188,,,,,,,,,,,,,,,,,,,,,,,CEIC,available,ECEX0075,SERVO,CASSETE EXPIRATÓRIO
ECEX0075,260780,,CASSETE EXPIRATÓRIO,SERVO,MAQUET,NÃO CRÍTICO,BAIXA,HOSPITAL DAS CLÍNICAS,INSTITUTO CENTRAL - ICHC,IC - CENTRAL DE EQUIPAMENTOS DO INSTITUTO CENTRAL - 6º EE," AVENIDA DOUTOR ENÉAS DE CARVALHO AGUIAR 255, CERQUEIRA CÉSAR, SÃO PAULO-SP",SP,CERQUEIRA CÉSAR,SÃO PAULO,05403-010,"2929 - CENTRAL EQUIPAMENTO MÉDICO - CIEQ 09 PAMB ",,"16.000,00",,"16.000,00",,12/01/2018,,,,,,,PRÓPRIO,ATIVO,MAQUET DO BRASIL EQUIPAMENTOS MÉDICOS  LTDA.,,,d68d67da-cd7c-44fb-ac6e-8457c7c0fafc,,,,,,,,,,,,,,,,,,,,,,,CEIC,available,ECEX0075,SERVO,CASSETE EXPIRATÓRIO
ECEX0076,260797,,CASSETE EXPIRATÓRIO,SERVO,MAQUET,NÃO CRÍTICO,BAIXA,HOSPITAL DAS CLÍNICAS,INSTITUTO CENTRAL - ICHC,IC - CENTRAL DE EQUIPAMENTOS DO INSTITUTO CENTRAL - 6º EE," AVENIDA DOUTOR ENÉAS DE CARVALHO AGUIAR 255, CERQUEIRA CÉSAR, SÃO PAULO-SP",SP,CERQUEIRA CÉSAR,SÃO PAULO,05403-010,"2929 - CENTRAL EQUIPAMENTO MÉDICO - CIEQ 09 PAMB ",,"16.000,00",,"16.000,00",,12/01/2018,,,,,,,PRÓPRIO,ATIVO,MAQUET DO BRASIL EQUIPAMENTOS MÉDICOS  LTDA.,,,737b37fd-7861-4c3c-a092-8d3e17847307,,,,,,,,,,,,,,,,,,,,,,,CEIC,available,ECEX0076,SERVO,CASSETE EXPIRATÓRIO
ECEX0076,260797,,CASSETE EXPIRATÓRIO,SERVO,MAQUET,NÃO CRÍTICO,BAIXA,HOSPITAL DAS CLÍNICAS,INSTITUTO CENTRAL - ICHC,IC - CENTRAL DE EQUIPAMENTOS DO INSTITUTO CENTRAL - 6º EE," AVENIDA DOUTOR ENÉAS DE CARVALHO AGUIAR 255, CERQUEIRA CÉSAR, SÃO PAULO-SP",SP,CERQUEIRA CÉSAR,SÃO PAULO,05403-010,"2929 - CENTRAL EQUIPAMENTO MÉDICO - CIEQ 09 PAMB ",,"16.000,00",,"16.000,00",,12/01/2018,,,,,,,PRÓPRIO,ATIVO,MAQUET DO BRASIL EQUIPAMENTOS MÉDICOS  LTDA.,,,432f7adf-0846-4c66-ab53-b715e25268a8,,,,,,,,,,,,,,,,,,,,,,,CEIC,available,ECEX0076,SERVO,CASSETE EXPIRATÓRIO
ECEX0078,260775,,CASSETE EXPIRATÓRIO,SERVO,MAQUET,NÃO CRÍTICO,BAIXA,HOSPITAL DAS CLÍNICAS,INSTITUTO CENTRAL - ICHC,IC - CENTRAL DE EQUIPAMENTOS DO INSTITUTO CENTRAL - 6º EE," AVENIDA DOUTOR ENÉAS DE CARVALHO AGUIAR 255, CERQUEIRA CÉSAR, SÃO PAULO-SP",SP,CERQUEIRA CÉSAR,SÃO PAULO,05403-010,"2929 - CENTRAL EQUIPAMENTO MÉDICO - CIEQ 09 PAMB ",,"16.000,00",,"16.000,00",,12/01/2018,,,,,,,PRÓPRIO,ATIVO,MAQUET DO BRASIL EQUIPAMENTOS MÉDICOS  LTDA.,,,89b34b77-a6f9-42f6-921f-63cbfae59a13,,,,,,,,,,,,,,,,,,,,,,,CEIC,available,ECEX0078,SERVO,CASSETE EXPIRATÓRIO
ECEX0078,260775,,CASSETE EXPIRATÓRIO,SERVO,MAQUET,NÃO CRÍTICO,BAIXA,HOSPITAL DAS CLÍNICAS,INSTITUTO CENTRAL - ICHC,IC - CENTRAL DE EQUIPAMENTOS DO INSTITUTO CENTRAL - 6º EE," AVENIDA DOUTOR ENÉAS DE CARVALHO AGUIAR 255, CERQUEIRA CÉSAR, SÃO PAULO-SP",SP,CERQUEIRA CÉSAR,SÃO PAULO,05403-010,"2929 - CENTRAL EQUIPAMENTO MÉDICO - CIEQ 09 PAMB ",,"16.000,00",,"16.000,00",,12/01/2018,,,,,,,PRÓPRIO,ATIVO,MAQUET DO BRASIL EQUIPAMENTOS MÉDICOS  LTDA.,,,5168da43-027c-4827-bca8-3816b8156d5e,,,,,,,,,,,,,,,,,,,,,,,CEIC,available,ECEX0078,SERVO,CASSETE EXPIRATÓRIO
ECEX0079,114958,,CASSETE EXPIRATÓRIO,SERVO,MAQUET,NÃO CRÍTICO,BAIXA,HOSPITAL DAS CLÍNICAS,INSTITUTO CENTRAL - ICHC,IC - CENTRAL DE EQUIPAMENTOS DO INSTITUTO CENTRAL - 6º EE," AVENIDA DOUTOR ENÉAS DE CARVALHO AGUIAR 255, CERQUEIRA CÉSAR, SÃO PAULO-SP",SP,CERQUEIRA CÉSAR,SÃO PAULO,05403-010,"2929 - CENTRAL EQUIPAMENTO MÉDICO - CIEQ 09 PAMB ",,"16.000,00",,"16.000,00",,15/01/2018,,,,,,,PRÓPRIO,ATIVO,MAQUET DO BRASIL EQUIPAMENTOS MÉDICOS  LTDA.,,,6697bf3e-c5db-4bc1-8e98-8ee99238e114,,,,,,,,,,,,,,,,,,,,,,,CEIC,available,ECEX0079,SERVO,CASSETE EXPIRATÓRIO
ECEX0079,114958,,CASSETE EXPIRATÓRIO,SERVO,MAQUET,NÃO CRÍTICO,BAIXA,HOSPITAL DAS CLÍNICAS,INSTITUTO CENTRAL - ICHC,IC - CENTRAL DE EQUIPAMENTOS DO INSTITUTO CENTRAL - 6º EE," AVENIDA DOUTOR ENÉAS DE CARVALHO AGUIAR 255, CERQUEIRA CÉSAR, SÃO PAULO-SP",SP,CERQUEIRA CÉSAR,SÃO PAULO,05403-010,"2929 - CENTRAL EQUIPAMENTO MÉDICO - CIEQ 09 PAMB ",,"16.000,00",,"16.000,00",,15/01/2018,,,,,,,PRÓPRIO,ATIVO,MAQUET DO BRASIL EQUIPAMENTOS MÉDICOS  LTDA.,,,03fd08b1-0aaa-4cc8-9509-288697b978ae,,,,,,,,,,,,,,,,,,,,,,,CEIC,available,ECEX0079,SERVO,CASSETE EXPIRATÓRIO
ECEX0080,114922,,CASSETE EXPIRATÓRIO,SERVO,MAQUET,NÃO CRÍTICO,BAIXA,HOSPITAL DAS CLÍNICAS,INSTITUTO CENTRAL - ICHC,IC - CENTRAL DE EQUIPAMENTOS DO INSTITUTO CENTRAL - 6º EE," AVENIDA DOUTOR ENÉAS DE CARVALHO AGUIAR 255, CERQUEIRA CÉSAR, SÃO PAULO-SP",SP,CERQUEIRA CÉSAR,SÃO PAULO,05403-010,"2929 - CENTRAL EQUIPAMENTO MÉDICO - CIEQ 09 PAMB ",,"16.000,00",,"16.000,00",,06/12/2018,,,,,,,PRÓPRIO,ATIVO,MAQUET DO BRASIL EQUIPAMENTOS MÉDICOS  LTDA.,,,b40008cf-6716-4d2c-b657-aba3305a4304,,,,,,,,,,,,,,,,,,,,,,,CEIC,available,ECEX0080,SERVO,CASSETE EXPIRATÓRIO
ECEX0080,114922,,CASSETE EXPIRATÓRIO,SERVO,MAQUET,NÃO CRÍTICO,BAIXA,HOSPITAL DAS CLÍNICAS,INSTITUTO CENTRAL - ICHC,IC - CENTRAL DE EQUIPAMENTOS DO INSTITUTO CENTRAL - 6º EE," AVENIDA DOUTOR ENÉAS DE CARVALHO AGUIAR 255, CERQUEIRA CÉSAR, SÃO PAULO-SP",SP,CERQUEIRA CÉSAR,SÃO PAULO,05403-010,"2929 - CENTRAL EQUIPAMENTO MÉDICO - CIEQ 09 PAMB ",,"16.000,00",,"16.000,00",,06/12/2018,,,,,,,PRÓPRIO,ATIVO,MAQUET DO BRASIL EQUIPAMENTOS MÉDICOS  LTDA.,,,0248afc6-390b-4d70-bf76-9e2b3397b2d0,,,,,,,,,,,,,,,,,,,,,,,CEIC,available,ECEX0080,SERVO,CASSETE EXPIRATÓRIO
ECEX0083,017729,,CASSETE EXPIRATÓRIO,SERVO,MAQUET,NÃO CRÍTICO,BAIXA,HOSPITAL DAS CLÍNICAS,INSTITUTO CENTRAL - ICHC,IC - CENTRAL DE EQUIPAMENTOS DO INSTITUTO CENTRAL - 6º EE," AVENIDA DOUTOR ENÉAS DE CARVALHO AGUIAR 255, CERQUEIRA CÉSAR, SÃO PAULO-SP",SP,CERQUEIRA CÉSAR,SÃO PAULO,05403-010,"2929 - CENTRAL EQUIPAMENTO MÉDICO - CIEQ 09 PAMB ",,"16.000,00",,"16.000,00",,31/08/2020,,,,,,,PRÓPRIO,ATIVO,MAQUET DO BRASIL EQUIPAMENTOS MÉDICOS  LTDA.,,,d9c901c0-f346-4006-831c-1df83d1559b5,,,,,,,,,,,,,,,,,,,,,,,CEIC,available,ECEX0083,SERVO,CASSETE EXPIRATÓRIO
ECEX0083,017729,,CASSETE EXPIRATÓRIO,SERVO,MAQUET,NÃO CRÍTICO,BAIXA,HOSPITAL DAS CLÍNICAS,INSTITUTO CENTRAL - ICHC,IC - CENTRAL DE EQUIPAMENTOS DO INSTITUTO CENTRAL - 6º EE," AVENIDA DOUTOR ENÉAS DE CARVALHO AGUIAR 255, CERQUEIRA CÉSAR, SÃO PAULO-SP",SP,CERQUEIRA CÉSAR,SÃO PAULO,05403-010,"2929 - CENTRAL EQUIPAMENTO MÉDICO - CIEQ 09 PAMB ",,"16.000,00",,"16.000,00",,31/08/2020,,,,,,,PRÓPRIO,ATIVO,MAQUET DO BRASIL EQUIPAMENTOS MÉDICOS  LTDA.,,,7e28715f-55eb-48ab-97a4-dc589cd67913,,,,,,,,,,,,,,,,,,,,,,,CEIC,available,ECEX0083,SERVO,CASSETE EXPIRATÓRIO
ECEX0084,252466,,CASSETE EXPIRATÓRIO,SERVO,MAQUET,NÃO CRÍTICO,BAIXA,HOSPITAL DAS CLÍNICAS,INSTITUTO CENTRAL - ICHC,IC - CENTRAL DE EQUIPAMENTOS DO INSTITUTO CENTRAL - 6º EE," AVENIDA DOUTOR ENÉAS DE CARVALHO AGUIAR 255, CERQUEIRA CÉSAR, SÃO PAULO-SP",SP,CERQUEIRA CÉSAR,SÃO PAULO,05403-010,"2929 - CENTRAL EQUIPAMENTO MÉDICO - CIEQ 09 PAMB ",,"16.000,00",,"16.000,00",,10/11/2022,,,,,,,PRÓPRIO,ATIVO,GETINGE DO BRASIL EQUIPAMENTOS MÉDICOS LTDA,,,5c71dda6-5c9c-475b-8c91-05c73a599b53,,,,,,,,,,,,,,,,,,,,,,,CEIC,available,ECEX0084,SERVO,CASSETE EXPIRATÓRIO
ECEX0084,252466,,CASSETE EXPIRATÓRIO,SERVO,MAQUET,NÃO CRÍTICO,BAIXA,HOSPITAL DAS CLÍNICAS,INSTITUTO CENTRAL - ICHC,IC - CENTRAL DE EQUIPAMENTOS DO INSTITUTO CENTRAL - 6º EE," AVENIDA DOUTOR ENÉAS DE CARVALHO AGUIAR 255, CERQUEIRA CÉSAR, SÃO PAULO-SP",SP,CERQUEIRA CÉSAR,SÃO PAULO,05403-010,"2929 - CENTRAL EQUIPAMENTO MÉDICO - CIEQ 09 PAMB ",,"16.000,00",,"16.000,00",,10/11/2022,,,,,,,PRÓPRIO,ATIVO,GETINGE DO BRASIL EQUIPAMENTOS MÉDICOS LTDA,,,11bd6a12-3c00-4fa6-95eb-b7e16e3ff6a9,,,,,,,,,,,,,,,,,,,,,,,CEIC,available,ECEX0084,SERVO,CASSETE EXPIRATÓRIO
ECEX0085,004683,,CASSETE EXPIRATÓRIO,SERVO-I,MAQUET,NÃO CRÍTICO,BAIXA,HOSPITAL DAS CLÍNICAS,INSTITUTO CENTRAL - ICHC,IC - CENTRAL DE EQUIPAMENTOS DO INSTITUTO CENTRAL - 6º EE," AVENIDA DOUTOR ENÉAS DE CARVALHO AGUIAR 255, CERQUEIRA CÉSAR, SÃO PAULO-SP",SP,CERQUEIRA CÉSAR,SÃO PAULO,05403-010,"2929 - CENTRAL EQUIPAMENTO MÉDICO - CIEQ 09 PAMB ",,"15.000,00",,"15.000,00",,26/06/2023,,,,,,,PRÓPRIO,ATIVO,,,,6645fe62-fd22-4c91-aeb5-23bb26aa9d43,,,,,,,,,,,,,,,,,,,,,,,CEIC,available,ECEX0085,SERVO-I,CASSETE EXPIRATÓRIO
ECEX0085,004683,,CASSETE EXPIRATÓRIO,SERVO-I,MAQUET,NÃO CRÍTICO,BAIXA,HOSPITAL DAS CLÍNICAS,INSTITUTO CENTRAL - ICHC,IC - CENTRAL DE EQUIPAMENTOS DO INSTITUTO CENTRAL - 6º EE," AVENIDA DOUTOR ENÉAS DE CARVALHO AGUIAR 255, CERQUEIRA CÉSAR, SÃO PAULO-SP",SP,CERQUEIRA CÉSAR,SÃO PAULO,05403-010,"2929 - CENTRAL EQUIPAMENTO MÉDICO - CIEQ 09 PAMB ",,"15.000,00",,"15.000,00",,26/06/2023,,,,,,,PRÓPRIO,ATIVO,,,,d47c97b1-ecdb-4180-8cd0-0164eacf5c83,,,,,,,,,,,,,,,,,,,,,,,CEIC,available,ECEX0085,SERVO-I,CASSETE EXPIRATÓRIO
ECEX0086,063502,,CASSETE EXPIRATÓRIO,SERVO,MAQUET,NÃO CRÍTICO,BAIXA,HOSPITAL DAS CLÍNICAS,INSTITUTO CENTRAL - ICHC,IC - CENTRAL DE EQUIPAMENTOS DO INSTITUTO CENTRAL - 6º EE," AVENIDA DOUTOR ENÉAS DE CARVALHO AGUIAR 255, CERQUEIRA CÉSAR, SÃO PAULO-SP",SP,CERQUEIRA CÉSAR,SÃO PAULO,05403-010,"2929 - CENTRAL EQUIPAMENTO MÉDICO - CIEQ 09 PAMB ",,"16.000,00",,"16.000,00",,26/06/2023,,,,,,,PRÓPRIO,ATIVO,,,,beddfb6b-dd87-4710-acad-da0b1f3f2b16,,,,,,,,,,,,,,,,,,,,,,,CEIC,available,ECEX0086,SERVO,CASSETE EXPIRATÓRIO
ECEX0086,063502,,CASSETE EXPIRATÓRIO,SERVO,MAQUET,NÃO CRÍTICO,BAIXA,HOSPITAL DAS CLÍNICAS,INSTITUTO CENTRAL - ICHC,IC - CENTRAL DE EQUIPAMENTOS DO INSTITUTO CENTRAL - 6º EE," AVENIDA DOUTOR ENÉAS DE CARVALHO AGUIAR 255, CERQUEIRA CÉSAR, SÃO PAULO-SP",SP,CERQUEIRA CÉSAR,SÃO PAULO,05403-010,"2929 - CENTRAL EQUIPAMENTO MÉDICO - CIEQ 09 PAMB ",,"16.000,00",,"16.000,00",,26/06/2023,,,,,,,PRÓPRIO,ATIVO,,,,6a2f684a-8632-4ef3-9773-0446a2b9fdc1,,,,,,,,,,,,,,,,,,,,,,,CEIC,available,ECEX0086,SERVO,CASSETE EXPIRATÓRIO
ECEX0087,313183,,CASSETE EXPIRATÓRIO,SERVO,MAQUET,NÃO CRÍTICO,,HOSPITAL DAS CLÍNICAS,INSTITUTO CENTRAL - ICHC,IC - CENTRAL DE EQUIPAMENTOS DO INSTITUTO CENTRAL - 6º EE," AVENIDA DOUTOR ENÉAS DE CARVALHO AGUIAR 255, CERQUEIRA CÉSAR, SÃO PAULO-SP",SP,CERQUEIRA CÉSAR,SÃO PAULO,05403-010,"2929 - CENTRAL EQUIPAMENTO MÉDICO - CIEQ 09 PAMB ",27/11/2025,"0,00",65776,"16.000,00",,28/11/2025,,27/11/2027,,,,,PRÓPRIO,ATIVO,MAQUET DO BRASIL EQUIPAMENTOS MÉDICOS  LTDA.,,,772a2ef7-8841-4dcd-a10d-529ec8364141,,,,,,,,,,,,,,,,,,,,,,,CEIC,available,ECEX0087,SERVO,CASSETE EXPIRATÓRIO
ECEX0087,313183,,CASSETE EXPIRATÓRIO,SERVO,MAQUET,NÃO CRÍTICO,,HOSPITAL DAS CLÍNICAS,INSTITUTO CENTRAL - ICHC,IC - CENTRAL DE EQUIPAMENTOS DO INSTITUTO CENTRAL - 6º EE," AVENIDA DOUTOR ENÉAS DE CARVALHO AGUIAR 255, CERQUEIRA CÉSAR, SÃO PAULO-SP",SP,CERQUEIRA CÉSAR,SÃO PAULO,05403-010,"2929 - CENTRAL EQUIPAMENTO MÉDICO - CIEQ 09 PAMB ",27/11/2025,"0,00",65776,"16.000,00",,28/11/2025,,27/11/2027,,,,,PRÓPRIO,ATIVO,MAQUET DO BRASIL EQUIPAMENTOS MÉDICOS  LTDA.,,,70b2e568-7544-4f22-8500-a8d51b57560a,,,,,,,,,,,,,,,,,,,,,,,CEIC,available,ECEX0087,SERVO,CASSETE EXPIRATÓRIO
ECEX0088,313204,,CASSETE EXPIRATÓRIO,SERVO,MAQUET,NÃO CRÍTICO,,HOSPITAL DAS CLÍNICAS,INSTITUTO CENTRAL - ICHC,IC - CENTRAL DE EQUIPAMENTOS DO INSTITUTO CENTRAL - 6º EE," AVENIDA DOUTOR ENÉAS DE CARVALHO AGUIAR 255, CERQUEIRA CÉSAR, SÃO PAULO-SP",SP,CERQUEIRA CÉSAR,SÃO PAULO,05403-010,"2929 - CENTRAL EQUIPAMENTO MÉDICO - CIEQ 09 PAMB ",27/11/2025,"0,00",65776,"16.000,00",,28/11/2025,,27/11/2027,,,,,PRÓPRIO,ATIVO,MAQUET DO BRASIL EQUIPAMENTOS MÉDICOS  LTDA.,,,b1e2b201-8aa9-4a37-9a1f-5ded3bb30a9e,,,,,,,,,,,,,,,,,,,,,,,CEIC,available,ECEX0088,SERVO,CASSETE EXPIRATÓRIO
ECEX0088,313204,,CASSETE EXPIRATÓRIO,SERVO,MAQUET,NÃO CRÍTICO,,HOSPITAL DAS CLÍNICAS,INSTITUTO CENTRAL - ICHC,IC - CENTRAL DE EQUIPAMENTOS DO INSTITUTO CENTRAL - 6º EE," AVENIDA DOUTOR ENÉAS DE CARVALHO AGUIAR 255, CERQUEIRA CÉSAR, SÃO PAULO-SP",SP,CERQUEIRA CÉSAR,SÃO PAULO,05403-010,"2929 - CENTRAL EQUIPAMENTO MÉDICO - CIEQ 09 PAMB ",27/11/2025,"0,00",65776,"16.000,00",,28/11/2025,,27/11/2027,,,,,PRÓPRIO,ATIVO,MAQUET DO BRASIL EQUIPAMENTOS MÉDICOS  LTDA.,,,a66d1fd8-d9e7-470d-9e4a-d6b15e878948,,,,,,,,,,,,,,,,,,,,,,,CEIC,available,ECEX0088,SERVO,CASSETE EXPIRATÓRIO
ECEX0089,313207,,CASSETE EXPIRATÓRIO,SERVO,MAQUET,NÃO CRÍTICO,,HOSPITAL DAS CLÍNICAS,INSTITUTO CENTRAL - ICHC,IC - CENTRAL DE EQUIPAMENTOS DO INSTITUTO CENTRAL - 6º EE," AVENIDA DOUTOR ENÉAS DE CARVALHO AGUIAR 255, CERQUEIRA CÉSAR, SÃO PAULO-SP",SP,CERQUEIRA CÉSAR,SÃO PAULO,05403-010,"2929 - CENTRAL EQUIPAMENTO MÉDICO - CIEQ 09 PAMB ",27/11/2025,"0,00",65776,"16.000,00",,28/11/2025,,27/11/2027,,,,,PRÓPRIO,ATIVO,MAQUET DO BRASIL EQUIPAMENTOS MÉDICOS  LTDA.,,,efdc5585-d9e2-417c-8bf6-08a199f37dd3,,,,,,,,,,,,,,,,,,,,,,,CEIC,available,ECEX0089,SERVO,CASSETE EXPIRATÓRIO
ECEX0089,313207,,CASSETE EXPIRATÓRIO,SERVO,MAQUET,NÃO CRÍTICO,,HOSPITAL DAS CLÍNICAS,INSTITUTO CENTRAL - ICHC,IC - CENTRAL DE EQUIPAMENTOS DO INSTITUTO CENTRAL - 6º EE," AVENIDA DOUTOR ENÉAS DE CARVALHO AGUIAR 255, CERQUEIRA CÉSAR, SÃO PAULO-SP",SP,CERQUEIRA CÉSAR,SÃO PAULO,05403-010,"2929 - CENTRAL EQUIPAMENTO MÉDICO - CIEQ 09 PAMB ",27/11/2025,"0,00",65776,"16.000,00",,28/11/2025,,27/11/2027,,,,,PRÓPRIO,ATIVO,MAQUET DO BRASIL EQUIPAMENTOS MÉDICOS  LTDA.,,,b762af6e-3c8b-4117-b069-18ff117ab684,,,,,,,,,,,,,,,,,,,,,,,CEIC,available,ECEX0089,SERVO,CASSETE EXPIRATÓRIO
ECEX0090,313208,,CASSETE EXPIRATÓRIO,SERVO,MAQUET,NÃO CRÍTICO,,HOSPITAL DAS CLÍNICAS,INSTITUTO CENTRAL - ICHC,IC - CENTRAL DE EQUIPAMENTOS DO INSTITUTO CENTRAL - 6º EE," AVENIDA DOUTOR ENÉAS DE CARVALHO AGUIAR 255, CERQUEIRA CÉSAR, SÃO PAULO-SP",SP,CERQUEIRA CÉSAR,SÃO PAULO,05403-010,"2929 - CENTRAL EQUIPAMENTO MÉDICO - CIEQ 09 PAMB ",27/11/2025,"0,00",65776,"16.000,00",,28/11/2025,,27/11/2027,,,,,PRÓPRIO,ATIVO,MAQUET DO BRASIL EQUIPAMENTOS MÉDICOS  LTDA.,,,364c299d-3b00-4c80-9755-fd604305cf65,,,,,,,,,,,,,,,,,,,,,,,CEIC,available,ECEX0090,SERVO,CASSETE EXPIRATÓRIO
ECEX0090,313208,,CASSETE EXPIRATÓRIO,SERVO,MAQUET,NÃO CRÍTICO,,HOSPITAL DAS CLÍNICAS,INSTITUTO CENTRAL - ICHC,IC - CENTRAL DE EQUIPAMENTOS DO INSTITUTO CENTRAL - 6º EE," AVENIDA DOUTOR ENÉAS DE CARVALHO AGUIAR 255, CERQUEIRA CÉSAR, SÃO PAULO-SP",SP,CERQUEIRA CÉSAR,SÃO PAULO,05403-010,"2929 - CENTRAL EQUIPAMENTO MÉDICO - CIEQ 09 PAMB ",27/11/2025,"0,00",65776,"16.000,00",,28/11/2025,,27/11/2027,,,,,PRÓPRIO,ATIVO,MAQUET DO BRASIL EQUIPAMENTOS MÉDICOS  LTDA.,,,056f39af-47ef-472c-8c29-2f50a14737ae,,,,,,,,,,,,,,,,,,,,,,,CEIC,available,ECEX0090,SERVO,CASSETE EXPIRATÓRIO
ECEX0091,313210,,CASSETE EXPIRATÓRIO,SERVO,MAQUET,NÃO CRÍTICO,,HOSPITAL DAS CLÍNICAS,INSTITUTO CENTRAL - ICHC,IC - CENTRAL DE EQUIPAMENTOS DO INSTITUTO CENTRAL - 6º EE," AVENIDA DOUTOR ENÉAS DE CARVALHO AGUIAR 255, CERQUEIRA CÉSAR, SÃO PAULO-SP",SP,CERQUEIRA CÉSAR,SÃO PAULO,05403-010,"2929 - CENTRAL EQUIPAMENTO MÉDICO - CIEQ 09 PAMB ",27/11/2025,"0,00",65776,"16.000,00",,28/11/2025,,27/11/2027,,,,,PRÓPRIO,ATIVO,MAQUET DO BRASIL EQUIPAMENTOS MÉDICOS  LTDA.,,,f57a45fb-f0ab-4a49-adaa-c4fa2309da5b,,,,,,,,,,,,,,,,,,,,,,,CEIC,available,ECEX0091,SERVO,CASSETE EXPIRATÓRIO
ECEX0091,313210,,CASSETE EXPIRATÓRIO,SERVO,MAQUET,NÃO CRÍTICO,,HOSPITAL DAS CLÍNICAS,INSTITUTO CENTRAL - ICHC,IC - CENTRAL DE EQUIPAMENTOS DO INSTITUTO CENTRAL - 6º EE," AVENIDA DOUTOR ENÉAS DE CARVALHO AGUIAR 255, CERQUEIRA CÉSAR, SÃO PAULO-SP",SP,CERQUEIRA CÉSAR,SÃO PAULO,05403-010,"2929 - CENTRAL EQUIPAMENTO MÉDICO - CIEQ 09 PAMB ",27/11/2025,"0,00",65776,"16.000,00",,28/11/2025,,27/11/2027,,,,,PRÓPRIO,ATIVO,MAQUET DO BRASIL EQUIPAMENTOS MÉDICOS  LTDA.,,,ff22d795-5f5a-45d4-aaaf-b9ffed5d4191,,,,,,,,,,,,,,,,,,,,,,,CEIC,available,ECEX0091,SERVO,CASSETE EXPIRATÓRIO
ECEX0092,313317,,CASSETE EXPIRATÓRIO,SERVO,MAQUET,NÃO CRÍTICO,,HOSPITAL DAS CLÍNICAS,INSTITUTO CENTRAL - ICHC,IC - CENTRAL DE EQUIPAMENTOS DO INSTITUTO CENTRAL - 6º EE," AVENIDA DOUTOR ENÉAS DE CARVALHO AGUIAR 255, CERQUEIRA CÉSAR, SÃO PAULO-SP",SP,CERQUEIRA CÉSAR,SÃO PAULO,05403-010,"2929 - CENTRAL EQUIPAMENTO MÉDICO - CIEQ 09 PAMB ",27/11/2025,"0,00",65776,"16.000,00",,28/11/2025,,27/11/2027,,,,,PRÓPRIO,ATIVO,MAQUET DO BRASIL EQUIPAMENTOS MÉDICOS  LTDA.,,,645cac07-9403-4974-9a43-50bd40c28b85,,,,,,,,,,,,,,,,,,,,,,,CEIC,available,ECEX0092,SERVO,CASSETE EXPIRATÓRIO
ECEX0092,313317,,CASSETE EXPIRATÓRIO,SERVO,MAQUET,NÃO CRÍTICO,,HOSPITAL DAS CLÍNICAS,INSTITUTO CENTRAL - ICHC,IC - CENTRAL DE EQUIPAMENTOS DO INSTITUTO CENTRAL - 6º EE," AVENIDA DOUTOR ENÉAS DE CARVALHO AGUIAR 255, CERQUEIRA CÉSAR, SÃO PAULO-SP",SP,CERQUEIRA CÉSAR,SÃO PAULO,05403-010,"2929 - CENTRAL EQUIPAMENTO MÉDICO - CIEQ 09 PAMB ",27/11/2025,"0,00",65776,"16.000,00",,28/11/2025,,27/11/2027,,,,,PRÓPRIO,ATIVO,MAQUET DO BRASIL EQUIPAMENTOS MÉDICOS  LTDA.,,,e6c4075d-98a6-4386-8a6c-1c53ff627a68,,,,,,,,,,,,,,,,,,,,,,,CEIC,available,ECEX0092,SERVO,CASSETE EXPIRATÓRIO
ECEX0093,313318,,CASSETE EXPIRATÓRIO,SERVO,MAQUET,NÃO CRÍTICO,,HOSPITAL DAS CLÍNICAS,INSTITUTO CENTRAL - ICHC,IC - CENTRAL DE EQUIPAMENTOS DO INSTITUTO CENTRAL - 6º EE," AVENIDA DOUTOR ENÉAS DE CARVALHO AGUIAR 255, CERQUEIRA CÉSAR, SÃO PAULO-SP",SP,CERQUEIRA CÉSAR,SÃO PAULO,05403-010,"2929 - CENTRAL EQUIPAMENTO MÉDICO - CIEQ 09 PAMB ",27/11/2025,"0,00",65776,"16.000,00",,28/11/2025,,27/11/2027,,,,,PRÓPRIO,ATIVO,MAQUET DO BRASIL EQUIPAMENTOS MÉDICOS  LTDA.,,,15506cb5-53b5-438e-8a68-75412ba807b5,,,,,,,,,,,,,,,,,,,,,,,CEIC,available,ECEX0093,SERVO,CASSETE EXPIRATÓRIO
ECEX0093,313318,,CASSETE EXPIRATÓRIO,SERVO,MAQUET,NÃO CRÍTICO,,HOSPITAL DAS CLÍNICAS,INSTITUTO CENTRAL - ICHC,IC - CENTRAL DE EQUIPAMENTOS DO INSTITUTO CENTRAL - 6º EE," AVENIDA DOUTOR ENÉAS DE CARVALHO AGUIAR 255, CERQUEIRA CÉSAR, SÃO PAULO-SP",SP,CERQUEIRA CÉSAR,SÃO PAULO,05403-010,"2929 - CENTRAL EQUIPAMENTO MÉDICO - CIEQ 09 PAMB ",27/11/2025,"0,00",65776,"16.000,00",,28/11/2025,,27/11/2027,,,,,PRÓPRIO,ATIVO,MAQUET DO BRASIL EQUIPAMENTOS MÉDICOS  LTDA.,,,8664718d-7f12-44e2-ba6f-f15da296d969,,,,,,,,,,,,,,,,,,,,,,,CEIC,available,ECEX0093,SERVO,CASSETE EXPIRATÓRIO
ECEX0094,313319,,CASSETE EXPIRATÓRIO,SERVO,MAQUET,NÃO CRÍTICO,,HOSPITAL DAS CLÍNICAS,INSTITUTO CENTRAL - ICHC,IC - CENTRAL DE EQUIPAMENTOS DO INSTITUTO CENTRAL - 6º EE," AVENIDA DOUTOR ENÉAS DE CARVALHO AGUIAR 255, CERQUEIRA CÉSAR, SÃO PAULO-SP",SP,CERQUEIRA CÉSAR,SÃO PAULO,05403-010,"2929 - CENTRAL EQUIPAMENTO MÉDICO - CIEQ 09 PAMB ",27/11/2025,"0,00",65776,"16.000,00",,28/11/2025,,27/11/2027,,,,,PRÓPRIO,ATIVO,MAQUET DO BRASIL EQUIPAMENTOS MÉDICOS  LTDA.,,,6781f521-c73b-45b0-86d4-f9ac7edab939,,,,,,,,,,,,,,,,,,,,,,,CEIC,available,ECEX0094,SERVO,CASSETE EXPIRATÓRIO
ECEX0094,313319,,CASSETE EXPIRATÓRIO,SERVO,MAQUET,NÃO CRÍTICO,,HOSPITAL DAS CLÍNICAS,INSTITUTO CENTRAL - ICHC,IC - CENTRAL DE EQUIPAMENTOS DO INSTITUTO CENTRAL - 6º EE," AVENIDA DOUTOR ENÉAS DE CARVALHO AGUIAR 255, CERQUEIRA CÉSAR, SÃO PAULO-SP",SP,CERQUEIRA CÉSAR,SÃO PAULO,05403-010,"2929 - CENTRAL EQUIPAMENTO MÉDICO - CIEQ 09 PAMB ",27/11/2025,"0,00",65776,"16.000,00",,28/11/2025,,27/11/2027,,,,,PRÓPRIO,ATIVO,MAQUET DO BRASIL EQUIPAMENTOS MÉDICOS  LTDA.,,,9629a2bd-6517-4be5-a088-f46abe4df641,,,,,,,,,,,,,,,,,,,,,,,CEIC,available,ECEX0094,SERVO,CASSETE EXPIRATÓRIO
ECEX0095,313320,,CASSETE EXPIRATÓRIO,SERVO,MAQUET,NÃO CRÍTICO,,HOSPITAL DAS CLÍNICAS,INSTITUTO CENTRAL - ICHC,IC - CENTRAL DE EQUIPAMENTOS DO INSTITUTO CENTRAL - 6º EE," AVENIDA DOUTOR ENÉAS DE CARVALHO AGUIAR 255, CERQUEIRA CÉSAR, SÃO PAULO-SP",SP,CERQUEIRA CÉSAR,SÃO PAULO,05403-010,"2929 - CENTRAL EQUIPAMENTO MÉDICO - CIEQ 09 PAMB ",27/11/2025,"0,00",65776,"16.000,00",,28/11/2025,,27/11/2027,,,,,PRÓPRIO,ATIVO,MAQUET DO BRASIL EQUIPAMENTOS MÉDICOS  LTDA.,,,32de6be3-19aa-44f0-8cc0-3196848e1c69,,,,,,,,,,,,,,,,,,,,,,,CEIC,available,ECEX0095,SERVO,CASSETE EXPIRATÓRIO
ECEX0095,313320,,CASSETE EXPIRATÓRIO,SERVO,MAQUET,NÃO CRÍTICO,,HOSPITAL DAS CLÍNICAS,INSTITUTO CENTRAL - ICHC,IC - CENTRAL DE EQUIPAMENTOS DO INSTITUTO CENTRAL - 6º EE," AVENIDA DOUTOR ENÉAS DE CARVALHO AGUIAR 255, CERQUEIRA CÉSAR, SÃO PAULO-SP",SP,CERQUEIRA CÉSAR,SÃO PAULO,05403-010,"2929 - CENTRAL EQUIPAMENTO MÉDICO - CIEQ 09 PAMB ",27/11/2025,"0,00",65776,"16.000,00",,28/11/2025,,27/11/2027,,,,,PRÓPRIO,ATIVO,MAQUET DO BRASIL EQUIPAMENTOS MÉDICOS  LTDA.,,,8b62e483-e6f9-4aeb-91ae-8195fdd9bfa4,,,,,,,,,,,,,,,,,,,,,,,CEIC,available,ECEX0095,SERVO,CASSETE EXPIRATÓRIO
ECEX0096,313322,,CASSETE EXPIRATÓRIO,SERVO,MAQUET,NÃO CRÍTICO,,HOSPITAL DAS CLÍNICAS,INSTITUTO CENTRAL - ICHC,IC - CENTRAL DE EQUIPAMENTOS DO INSTITUTO CENTRAL - 6º EE," AVENIDA DOUTOR ENÉAS DE CARVALHO AGUIAR 255, CERQUEIRA CÉSAR, SÃO PAULO-SP",SP,CERQUEIRA CÉSAR,SÃO PAULO,05403-010,"2929 - CENTRAL EQUIPAMENTO MÉDICO - CIEQ 09 PAMB ",27/11/2025,"0,00",65776,"16.000,00",,28/11/2025,,27/11/2027,,,,,PRÓPRIO,ATIVO,MAQUET DO BRASIL EQUIPAMENTOS MÉDICOS  LTDA.,,,42a3229b-442c-478c-b116-149a62c766b2,,,,,,,,,,,,,,,,,,,,,,,CEIC,available,ECEX0096,SERVO,CASSETE EXPIRATÓRIO
ECEX0096,313322,,CASSETE EXPIRATÓRIO,SERVO,MAQUET,NÃO CRÍTICO,,HOSPITAL DAS CLÍNICAS,INSTITUTO CENTRAL - ICHC,IC - CENTRAL DE EQUIPAMENTOS DO INSTITUTO CENTRAL - 6º EE," AVENIDA DOUTOR ENÉAS DE CARVALHO AGUIAR 255, CERQUEIRA CÉSAR, SÃO PAULO-SP",SP,CERQUEIRA CÉSAR,SÃO PAULO,05403-010,"2929 - CENTRAL EQUIPAMENTO MÉDICO - CIEQ 09 PAMB ",27/11/2025,"0,00",65776,"16.000,00",,28/11/2025,,27/11/2027,,,,,PRÓPRIO,ATIVO,MAQUET DO BRASIL EQUIPAMENTOS MÉDICOS  LTDA.,,,872d2f2c-13fd-4067-ac1e-d212f4b63369,,,,,,,,,,,,,,,,,,,,,,,CEIC,available,ECEX0096,SERVO,CASSETE EXPIRATÓRIO
ECEX0097,313323,,CASSETE EXPIRATÓRIO,SERVO,MAQUET,NÃO CRÍTICO,,HOSPITAL DAS CLÍNICAS,INSTITUTO CENTRAL - ICHC,IC - CENTRAL DE EQUIPAMENTOS DO INSTITUTO CENTRAL - 6º EE," AVENIDA DOUTOR ENÉAS DE CARVALHO AGUIAR 255, CERQUEIRA CÉSAR, SÃO PAULO-SP",SP,CERQUEIRA CÉSAR,SÃO PAULO,05403-010,"2929 - CENTRAL EQUIPAMENTO MÉDICO - CIEQ 09 PAMB ",27/11/2025,"0,00",65776,"16.000,00",,28/11/2025,,27/11/2027,,,,,PRÓPRIO,ATIVO,MAQUET DO BRASIL EQUIPAMENTOS MÉDICOS  LTDA.,,,0bb09b19-779d-4982-b3af-c8ec844e1db6,,,,,,,,,,,,,,,,,,,,,,,CEIC,available,ECEX0097,SERVO,CASSETE EXPIRATÓRIO
ECEX0097,313323,,CASSETE EXPIRATÓRIO,SERVO,MAQUET,NÃO CRÍTICO,,HOSPITAL DAS CLÍNICAS,INSTITUTO CENTRAL - ICHC,IC - CENTRAL DE EQUIPAMENTOS DO INSTITUTO CENTRAL - 6º EE," AVENIDA DOUTOR ENÉAS DE CARVALHO AGUIAR 255, CERQUEIRA CÉSAR, SÃO PAULO-SP",SP,CERQUEIRA CÉSAR,SÃO PAULO,05403-010,"2929 - CENTRAL EQUIPAMENTO MÉDICO - CIEQ 09 PAMB ",27/11/2025,"0,00",65776,"16.000,00",,28/11/2025,,27/11/2027,,,,,PRÓPRIO,ATIVO,MAQUET DO BRASIL EQUIPAMENTOS MÉDICOS  LTDA.,,,36f1091a-2124-4fa3-87a7-19a7bd86b023,,,,,,,,,,,,,,,,,,,,,,,CEIC,available,ECEX0097,SERVO,CASSETE EXPIRATÓRIO
ECEX0098,313326,,CASSETE EXPIRATÓRIO,SERVO,MAQUET,NÃO CRÍTICO,,HOSPITAL DAS CLÍNICAS,INSTITUTO CENTRAL - ICHC,IC - CENTRAL DE EQUIPAMENTOS DO INSTITUTO CENTRAL - 6º EE," AVENIDA DOUTOR ENÉAS DE CARVALHO AGUIAR 255, CERQUEIRA CÉSAR, SÃO PAULO-SP",SP,CERQUEIRA CÉSAR,SÃO PAULO,05403-010,"2929 - CENTRAL EQUIPAMENTO MÉDICO - CIEQ 09 PAMB ",27/11/2025,"0,00",65776,"16.000,00",,28/11/2025,,27/11/2027,,,,,PRÓPRIO,ATIVO,MAQUET DO BRASIL EQUIPAMENTOS MÉDICOS  LTDA.,,,1de66d6c-56e7-4954-8c92-67eac986133d,,,,,,,,,,,,,,,,,,,,,,,CEIC,available,ECEX0098,SERVO,CASSETE EXPIRATÓRIO
ECEX0098,313326,,CASSETE EXPIRATÓRIO,SERVO,MAQUET,NÃO CRÍTICO,,HOSPITAL DAS CLÍNICAS,INSTITUTO CENTRAL - ICHC,IC - CENTRAL DE EQUIPAMENTOS DO INSTITUTO CENTRAL - 6º EE," AVENIDA DOUTOR ENÉAS DE CARVALHO AGUIAR 255, CERQUEIRA CÉSAR, SÃO PAULO-SP",SP,CERQUEIRA CÉSAR,SÃO PAULO,05403-010,"2929 - CENTRAL EQUIPAMENTO MÉDICO - CIEQ 09 PAMB ",27/11/2025,"0,00",65776,"16.000,00",,28/11/2025,,27/11/2027,,,,,PRÓPRIO,ATIVO,MAQUET DO BRASIL EQUIPAMENTOS MÉDICOS  LTDA.,,,893fc30b-7b66-4c61-97b7-5b12d16b37c3,,,,,,,,,,,,,,,,,,,,,,,CEIC,available,ECEX0098,SERVO,CASSETE EXPIRATÓRIO
ECEX0099,313327,,CASSETE EXPIRATÓRIO,SERVO,MAQUET,NÃO CRÍTICO,,HOSPITAL DAS CLÍNICAS,INSTITUTO CENTRAL - ICHC,IC - CENTRAL DE EQUIPAMENTOS DO INSTITUTO CENTRAL - 6º EE," AVENIDA DOUTOR ENÉAS DE CARVALHO AGUIAR 255, CERQUEIRA CÉSAR, SÃO PAULO-SP",SP,CERQUEIRA CÉSAR,SÃO PAULO,05403-010,"2929 - CENTRAL EQUIPAMENTO MÉDICO - CIEQ 09 PAMB ",27/11/2025,"0,00",65776,"16.000,00",,28/11/2025,,27/11/2027,,,,,PRÓPRIO,ATIVO,MAQUET DO BRASIL EQUIPAMENTOS MÉDICOS  LTDA.,,,5bae99c3-3f6c-496c-94bb-161eadea803f,,,,,,,,,,,,,,,,,,,,,,,CEIC,available,ECEX0099,SERVO,CASSETE EXPIRATÓRIO
ECEX0099,313327,,CASSETE EXPIRATÓRIO,SERVO,MAQUET,NÃO CRÍTICO,,HOSPITAL DAS CLÍNICAS,INSTITUTO CENTRAL - ICHC,IC - CENTRAL DE EQUIPAMENTOS DO INSTITUTO CENTRAL - 6º EE," AVENIDA DOUTOR ENÉAS DE CARVALHO AGUIAR 255, CERQUEIRA CÉSAR, SÃO PAULO-SP",SP,CERQUEIRA CÉSAR,SÃO PAULO,05403-010,"2929 - CENTRAL EQUIPAMENTO MÉDICO - CIEQ 09 PAMB ",27/11/2025,"0,00",65776,"16.000,00",,28/11/2025,,27/11/2027,,,,,PRÓPRIO,ATIVO,MAQUET DO BRASIL EQUIPAMENTOS MÉDICOS  LTDA.,,,93d597d8-d0d4-41c0-b104-a6bd91d7416b,,,,,,,,,,,,,,,,,,,,,,,CEIC,available,ECEX0099,SERVO,CASSETE EXPIRATÓRIO
ECEX0100,313328,,CASSETE EXPIRATÓRIO,SERVO,MAQUET,NÃO CRÍTICO,,HOSPITAL DAS CLÍNICAS,INSTITUTO CENTRAL - ICHC,IC - CENTRAL DE EQUIPAMENTOS DO INSTITUTO CENTRAL - 6º EE," AVENIDA DOUTOR ENÉAS DE CARVALHO AGUIAR 255, CERQUEIRA CÉSAR, SÃO PAULO-SP",SP,CERQUEIRA CÉSAR,SÃO PAULO,05403-010,"2929 - CENTRAL EQUIPAMENTO MÉDICO - CIEQ 09 PAMB ",27/11/2025,"0,00",65776,"16.000,00",,28/11/2025,,27/11/2027,,,,,PRÓPRIO,ATIVO,MAQUET DO BRASIL EQUIPAMENTOS MÉDICOS  LTDA.,,,2c1323db-5ab4-425e-bb79-ef58ef29ec78,,,,,,,,,,,,,,,,,,,,,,,CEIC,available,ECEX0100,SERVO,CASSETE EXPIRATÓRIO
ECEX0100,313328,,CASSETE EXPIRATÓRIO,SERVO,MAQUET,NÃO CRÍTICO,,HOSPITAL DAS CLÍNICAS,INSTITUTO CENTRAL - ICHC,IC - CENTRAL DE EQUIPAMENTOS DO INSTITUTO CENTRAL - 6º EE," AVENIDA DOUTOR ENÉAS DE CARVALHO AGUIAR 255, CERQUEIRA CÉSAR, SÃO PAULO-SP",SP,CERQUEIRA CÉSAR,SÃO PAULO,05403-010,"2929 - CENTRAL EQUIPAMENTO MÉDICO - CIEQ 09 PAMB ",27/11/2025,"0,00",65776,"16.000,00",,28/11/2025,,27/11/2027,,,,,PRÓPRIO,ATIVO,MAQUET DO BRASIL EQUIPAMENTOS MÉDICOS  LTDA.,,,2c51f5e0-cb3d-47ae-bd0b-8ee3e696d3ed,,,,,,,,,,,,,,,,,,,,,,,CEIC,available,ECEX0100,SERVO,CASSETE EXPIRATÓRIO
ECEX0101,313332,,CASSETE EXPIRATÓRIO,SERVO,MAQUET,NÃO CRÍTICO,,HOSPITAL DAS CLÍNICAS,INSTITUTO CENTRAL - ICHC,IC - CENTRAL DE EQUIPAMENTOS DO INSTITUTO CENTRAL - 6º EE," AVENIDA DOUTOR ENÉAS DE CARVALHO AGUIAR 255, CERQUEIRA CÉSAR, SÃO PAULO-SP",SP,CERQUEIRA CÉSAR,SÃO PAULO,05403-010,"2929 - CENTRAL EQUIPAMENTO MÉDICO - CIEQ 09 PAMB ",27/11/2025,"0,00",65776,"16.000,00",,28/11/2025,,27/11/2027,,,,,PRÓPRIO,ATIVO,MAQUET DO BRASIL EQUIPAMENTOS MÉDICOS  LTDA.,,,a513721b-3ce4-4620-a872-c3bfcc005236,,,,,,,,,,,,,,,,,,,,,,,CEIC,available,ECEX0101,SERVO,CASSETE EXPIRATÓRIO
ECEX0101,313332,,CASSETE EXPIRATÓRIO,SERVO,MAQUET,NÃO CRÍTICO,,HOSPITAL DAS CLÍNICAS,INSTITUTO CENTRAL - ICHC,IC - CENTRAL DE EQUIPAMENTOS DO INSTITUTO CENTRAL - 6º EE," AVENIDA DOUTOR ENÉAS DE CARVALHO AGUIAR 255, CERQUEIRA CÉSAR, SÃO PAULO-SP",SP,CERQUEIRA CÉSAR,SÃO PAULO,05403-010,"2929 - CENTRAL EQUIPAMENTO MÉDICO - CIEQ 09 PAMB ",27/11/2025,"0,00",65776,"16.000,00",,28/11/2025,,27/11/2027,,,,,PRÓPRIO,ATIVO,MAQUET DO BRASIL EQUIPAMENTOS MÉDICOS  LTDA.,,,fc33c357-c5c9-448d-adfc-1895b9e83840,,,,,,,,,,,,,,,,,,,,,,,CEIC,available,ECEX0101,SERVO,CASSETE EXPIRATÓRIO
ECEX0102,313347,,CASSETE EXPIRATÓRIO,SERVO,MAQUET,NÃO CRÍTICO,,HOSPITAL DAS CLÍNICAS,INSTITUTO CENTRAL - ICHC,IC - CENTRAL DE EQUIPAMENTOS DO INSTITUTO CENTRAL - 6º EE," AVENIDA DOUTOR ENÉAS DE CARVALHO AGUIAR 255, CERQUEIRA CÉSAR, SÃO PAULO-SP",SP,CERQUEIRA CÉSAR,SÃO PAULO,05403-010,"2929 - CENTRAL EQUIPAMENTO MÉDICO - CIEQ 09 PAMB ",27/11/2025,"0,00",65776,"16.000,00",,28/11/2025,,27/11/2027,,,,,PRÓPRIO,ATIVO,MAQUET DO BRASIL EQUIPAMENTOS MÉDICOS  LTDA.,,,975a03f3-f822-4e89-94d3-2d4e021a7f08,,,,,,,,,,,,,,,,,,,,,,,CEIC,available,ECEX0102,SERVO,CASSETE EXPIRATÓRIO
ECEX0102,313347,,CASSETE EXPIRATÓRIO,SERVO,MAQUET,NÃO CRÍTICO,,HOSPITAL DAS CLÍNICAS,INSTITUTO CENTRAL - ICHC,IC - CENTRAL DE EQUIPAMENTOS DO INSTITUTO CENTRAL - 6º EE," AVENIDA DOUTOR ENÉAS DE CARVALHO AGUIAR 255, CERQUEIRA CÉSAR, SÃO PAULO-SP",SP,CERQUEIRA CÉSAR,SÃO PAULO,05403-010,"2929 - CENTRAL EQUIPAMENTO MÉDICO - CIEQ 09 PAMB ",27/11/2025,"0,00",65776,"16.000,00",,28/11/2025,,27/11/2027,,,,,PRÓPRIO,ATIVO,MAQUET DO BRASIL EQUIPAMENTOS MÉDICOS  LTDA.,,,1d4cf6bd-0958-4929-a7d8-74024d73e122,,,,,,,,,,,,,,,,,,,,,,,CEIC,available,ECEX0102,SERVO,CASSETE EXPIRATÓRIO
ECEX0103,313348,,CASSETE EXPIRATÓRIO,SERVO,MAQUET,NÃO CRÍTICO,,HOSPITAL DAS CLÍNICAS,INSTITUTO CENTRAL - ICHC,IC - CENTRAL DE EQUIPAMENTOS DO INSTITUTO CENTRAL - 6º EE," AVENIDA DOUTOR ENÉAS DE CARVALHO AGUIAR 255, CERQUEIRA CÉSAR, SÃO PAULO-SP",SP,CERQUEIRA CÉSAR,SÃO PAULO,05403-010,"2929 - CENTRAL EQUIPAMENTO MÉDICO - CIEQ 09 PAMB ",27/11/2025,"0,00",65776,"16.000,00",,28/11/2025,,27/11/2027,,,,,PRÓPRIO,ATIVO,MAQUET DO BRASIL EQUIPAMENTOS MÉDICOS  LTDA.,,,c99ac9c6-3d96-49ec-8e9c-62cc921eafbc,,,,,,,,,,,,,,,,,,,,,,,CEIC,available,ECEX0103,SERVO,CASSETE EXPIRATÓRIO
ECEX0103,313348,,CASSETE EXPIRATÓRIO,SERVO,MAQUET,NÃO CRÍTICO,,HOSPITAL DAS CLÍNICAS,INSTITUTO CENTRAL - ICHC,IC - CENTRAL DE EQUIPAMENTOS DO INSTITUTO CENTRAL - 6º EE," AVENIDA DOUTOR ENÉAS DE CARVALHO AGUIAR 255, CERQUEIRA CÉSAR, SÃO PAULO-SP",SP,CERQUEIRA CÉSAR,SÃO PAULO,05403-010,"2929 - CENTRAL EQUIPAMENTO MÉDICO - CIEQ 09 PAMB ",27/11/2025,"0,00",65776,"16.000,00",,28/11/2025,,27/11/2027,,,,,PRÓPRIO,ATIVO,MAQUET DO BRASIL EQUIPAMENTOS MÉDICOS  LTDA.,,,e10f8112-7a59-4885-b997-7cb419e3de6b,,,,,,,,,,,,,,,,,,,,,,,CEIC,available,ECEX0103,SERVO,CASSETE EXPIRATÓRIO
ECEX0104,313349,,CASSETE EXPIRATÓRIO,SERVO,MAQUET,NÃO CRÍTICO,,HOSPITAL DAS CLÍNICAS,INSTITUTO CENTRAL - ICHC,IC - CENTRAL DE EQUIPAMENTOS DO INSTITUTO CENTRAL - 6º EE," AVENIDA DOUTOR ENÉAS DE CARVALHO AGUIAR 255, CERQUEIRA CÉSAR, SÃO PAULO-SP",SP,CERQUEIRA CÉSAR,SÃO PAULO,05403-010,"2929 - CENTRAL EQUIPAMENTO MÉDICO - CIEQ 09 PAMB ",27/11/2025,"0,00",65776,"16.000,00",,28/11/2025,,27/11/2027,,,,,PRÓPRIO,ATIVO,MAQUET DO BRASIL EQUIPAMENTOS MÉDICOS  LTDA.,,,ba8336f5-1380-4ac3-a6b2-8008af94cb1c,,,,,,,,,,,,,,,,,,,,,,,CEIC,available,ECEX0104,SERVO,CASSETE EXPIRATÓRIO
ECEX0104,313349,,CASSETE EXPIRATÓRIO,SERVO,MAQUET,NÃO CRÍTICO,,HOSPITAL DAS CLÍNICAS,INSTITUTO CENTRAL - ICHC,IC - CENTRAL DE EQUIPAMENTOS DO INSTITUTO CENTRAL - 6º EE," AVENIDA DOUTOR ENÉAS DE CARVALHO AGUIAR 255, CERQUEIRA CÉSAR, SÃO PAULO-SP",SP,CERQUEIRA CÉSAR,SÃO PAULO,05403-010,"2929 - CENTRAL EQUIPAMENTO MÉDICO - CIEQ 09 PAMB ",27/11/2025,"0,00",65776,"16.000,00",,28/11/2025,,27/11/2027,,,,,PRÓPRIO,ATIVO,MAQUET DO BRASIL EQUIPAMENTOS MÉDICOS  LTDA.,,,35958289-0f6b-45fb-8862-316d6a0654a2,,,,,,,,,,,,,,,,,,,,,,,CEIC,available,ECEX0104,SERVO,CASSETE EXPIRATÓRIO
ECEX0105,313350,,CASSETE EXPIRATÓRIO,SERVO,MAQUET,NÃO CRÍTICO,,HOSPITAL DAS CLÍNICAS,INSTITUTO CENTRAL - ICHC,IC - CENTRAL DE EQUIPAMENTOS DO INSTITUTO CENTRAL - 6º EE," AVENIDA DOUTOR ENÉAS DE CARVALHO AGUIAR 255, CERQUEIRA CÉSAR, SÃO PAULO-SP",SP,CERQUEIRA CÉSAR,SÃO PAULO,05403-010,"2929 - CENTRAL EQUIPAMENTO MÉDICO - CIEQ 09 PAMB ",27/11/2025,"0,00",65776,"16.000,00",,28/11/2025,,27/11/2027,,,,,PRÓPRIO,ATIVO,MAQUET DO BRASIL EQUIPAMENTOS MÉDICOS  LTDA.,,,1dc61314-8f14-49a8-a01c-e730039e07c7,,,,,,,,,,,,,,,,,,,,,,,CEIC,available,ECEX0105,SERVO,CASSETE EXPIRATÓRIO
ECEX0105,313350,,CASSETE EXPIRATÓRIO,SERVO,MAQUET,NÃO CRÍTICO,,HOSPITAL DAS CLÍNICAS,INSTITUTO CENTRAL - ICHC,IC - CENTRAL DE EQUIPAMENTOS DO INSTITUTO CENTRAL - 6º EE," AVENIDA DOUTOR ENÉAS DE CARVALHO AGUIAR 255, CERQUEIRA CÉSAR, SÃO PAULO-SP",SP,CERQUEIRA CÉSAR,SÃO PAULO,05403-010,"2929 - CENTRAL EQUIPAMENTO MÉDICO - CIEQ 09 PAMB ",27/11/2025,"0,00",65776,"16.000,00",,28/11/2025,,27/11/2027,,,,,PRÓPRIO,ATIVO,MAQUET DO BRASIL EQUIPAMENTOS MÉDICOS  LTDA.,,,09377a8c-4144-41b0-80cb-f816e889bc7f,,,,,,,,,,,,,,,,,,,,,,,CEIC,available,ECEX0105,SERVO,CASSETE EXPIRATÓRIO
ECEX0106,313351,,CASSETE EXPIRATÓRIO,SERVO,MAQUET,NÃO CRÍTICO,,HOSPITAL DAS CLÍNICAS,INSTITUTO CENTRAL - ICHC,IC - CENTRAL DE EQUIPAMENTOS DO INSTITUTO CENTRAL - 6º EE," AVENIDA DOUTOR ENÉAS DE CARVALHO AGUIAR 255, CERQUEIRA CÉSAR, SÃO PAULO-SP",SP,CERQUEIRA CÉSAR,SÃO PAULO,05403-010,"2929 - CENTRAL EQUIPAMENTO MÉDICO - CIEQ 09 PAMB ",27/11/2025,"0,00",65776,"16.000,00",,28/11/2025,,27/11/2027,,,,,PRÓPRIO,ATIVO,MAQUET DO BRASIL EQUIPAMENTOS MÉDICOS  LTDA.,,,2a6b1dc7-8517-4eb7-b5d9-ce60f99eed0b,,,,,,,,,,,,,,,,,,,,,,,CEIC,available,ECEX0106,SERVO,CASSETE EXPIRATÓRIO
ECEX0106,313351,,CASSETE EXPIRATÓRIO,SERVO,MAQUET,NÃO CRÍTICO,,HOSPITAL DAS CLÍNICAS,INSTITUTO CENTRAL - ICHC,IC - CENTRAL DE EQUIPAMENTOS DO INSTITUTO CENTRAL - 6º EE," AVENIDA DOUTOR ENÉAS DE CARVALHO AGUIAR 255, CERQUEIRA CÉSAR, SÃO PAULO-SP",SP,CERQUEIRA CÉSAR,SÃO PAULO,05403-010,"2929 - CENTRAL EQUIPAMENTO MÉDICO - CIEQ 09 PAMB ",27/11/2025,"0,00",65776,"16.000,00",,28/11/2025,,27/11/2027,,,,,PRÓPRIO,ATIVO,MAQUET DO BRASIL EQUIPAMENTOS MÉDICOS  LTDA.,,,8828cbd4-05d1-436f-a0c0-007f9f355613,,,,,,,,,,,,,,,,,,,,,,,CEIC,available,ECEX0106,SERVO,CASSETE EXPIRATÓRIO
ECEX0107,313354,,CASSETE EXPIRATÓRIO,SERVO,MAQUET,NÃO CRÍTICO,,HOSPITAL DAS CLÍNICAS,INSTITUTO CENTRAL - ICHC,IC - CENTRAL DE EQUIPAMENTOS DO INSTITUTO CENTRAL - 6º EE," AVENIDA DOUTOR ENÉAS DE CARVALHO AGUIAR 255, CERQUEIRA CÉSAR, SÃO PAULO-SP",SP,CERQUEIRA CÉSAR,SÃO PAULO,05403-010,"2929 - CENTRAL EQUIPAMENTO MÉDICO - CIEQ 09 PAMB ",27/11/2025,"0,00",65776,"16.000,00",,28/11/2025,,27/11/2027,,,,,PRÓPRIO,ATIVO,MAQUET DO BRASIL EQUIPAMENTOS MÉDICOS  LTDA.,,,b1f6cf16-5cce-45b1-976d-35d31b4ffc41,,,,,,,,,,,,,,,,,,,,,,,CEIC,available,ECEX0107,SERVO,CASSETE EXPIRATÓRIO
ECEX0107,313354,,CASSETE EXPIRATÓRIO,SERVO,MAQUET,NÃO CRÍTICO,,HOSPITAL DAS CLÍNICAS,INSTITUTO CENTRAL - ICHC,IC - CENTRAL DE EQUIPAMENTOS DO INSTITUTO CENTRAL - 6º EE," AVENIDA DOUTOR ENÉAS DE CARVALHO AGUIAR 255, CERQUEIRA CÉSAR, SÃO PAULO-SP",SP,CERQUEIRA CÉSAR,SÃO PAULO,05403-010,"2929 - CENTRAL EQUIPAMENTO MÉDICO - CIEQ 09 PAMB ",27/11/2025,"0,00",65776,"16.000,00",,28/11/2025,,27/11/2027,,,,,PRÓPRIO,ATIVO,MAQUET DO BRASIL EQUIPAMENTOS MÉDICOS  LTDA.,,,6035e308-0d30-4f6e-9b4d-9a8c3f408eac,,,,,,,,,,,,,,,,,,,,,,,CEIC,available,ECEX0107,SERVO,CASSETE EXPIRATÓRIO
ECEX0108,313355,,CASSETE EXPIRATÓRIO,SERVO,MAQUET,NÃO CRÍTICO,,HOSPITAL DAS CLÍNICAS,INSTITUTO CENTRAL - ICHC,IC - CENTRAL DE EQUIPAMENTOS DO INSTITUTO CENTRAL - 6º EE," AVENIDA DOUTOR ENÉAS DE CARVALHO AGUIAR 255, CERQUEIRA CÉSAR, SÃO PAULO-SP",SP,CERQUEIRA CÉSAR,SÃO PAULO,05403-010,"2929 - CENTRAL EQUIPAMENTO MÉDICO - CIEQ 09 PAMB ",27/11/2025,"0,00",65776,"16.000,00",,28/11/2025,,27/11/2027,,,,,PRÓPRIO,ATIVO,MAQUET DO BRASIL EQUIPAMENTOS MÉDICOS  LTDA.,,,20304a01-e312-43a5-aa5a-568e72c5b7f9,,,,,,,,,,,,,,,,,,,,,,,CEIC,available,ECEX0108,SERVO,CASSETE EXPIRATÓRIO
ECEX0108,313355,,CASSETE EXPIRATÓRIO,SERVO,MAQUET,NÃO CRÍTICO,,HOSPITAL DAS CLÍNICAS,INSTITUTO CENTRAL - ICHC,IC - CENTRAL DE EQUIPAMENTOS DO INSTITUTO CENTRAL - 6º EE," AVENIDA DOUTOR ENÉAS DE CARVALHO AGUIAR 255, CERQUEIRA CÉSAR, SÃO PAULO-SP",SP,CERQUEIRA CÉSAR,SÃO PAULO,05403-010,"2929 - CENTRAL EQUIPAMENTO MÉDICO - CIEQ 09 PAMB ",27/11/2025,"0,00",65776,"16.000,00",,28/11/2025,,27/11/2027,,,,,PRÓPRIO,ATIVO,MAQUET DO BRASIL EQUIPAMENTOS MÉDICOS  LTDA.,,,c00d23f2-8667-49b3-b4a7-bb289ff9ef8b,,,,,,,,,,,,,,,,,,,,,,,CEIC,available,ECEX0108,SERVO,CASSETE EXPIRATÓRIO
ECEX0109,313356,,CASSETE EXPIRATÓRIO,SERVO,MAQUET,NÃO CRÍTICO,,HOSPITAL DAS CLÍNICAS,INSTITUTO CENTRAL - ICHC,IC - CENTRAL DE EQUIPAMENTOS DO INSTITUTO CENTRAL - 6º EE," AVENIDA DOUTOR ENÉAS DE CARVALHO AGUIAR 255, CERQUEIRA CÉSAR, SÃO PAULO-SP",SP,CERQUEIRA CÉSAR,SÃO PAULO,05403-010,"2929 - CENTRAL EQUIPAMENTO MÉDICO - CIEQ 09 PAMB ",27/11/2025,"0,00",65776,"16.000,00",,28/11/2025,,27/11/2027,,,,,PRÓPRIO,ATIVO,MAQUET DO BRASIL EQUIPAMENTOS MÉDICOS  LTDA.,,,45c1c72f-a4e8-4986-90f6-411b66fd8c79,,,,,,,,,,,,,,,,,,,,,,,CEIC,available,ECEX0109,SERVO,CASSETE EXPIRATÓRIO
ECEX0109,313356,,CASSETE EXPIRATÓRIO,SERVO,MAQUET,NÃO CRÍTICO,,HOSPITAL DAS CLÍNICAS,INSTITUTO CENTRAL - ICHC,IC - CENTRAL DE EQUIPAMENTOS DO INSTITUTO CENTRAL - 6º EE," AVENIDA DOUTOR ENÉAS DE CARVALHO AGUIAR 255, CERQUEIRA CÉSAR, SÃO PAULO-SP",SP,CERQUEIRA CÉSAR,SÃO PAULO,05403-010,"2929 - CENTRAL EQUIPAMENTO MÉDICO - CIEQ 09 PAMB ",27/11/2025,"0,00",65776,"16.000,00",,28/11/2025,,27/11/2027,,,,,PRÓPRIO,ATIVO,MAQUET DO BRASIL EQUIPAMENTOS MÉDICOS  LTDA.,,,a28fd143-779c-478e-9420-bf0cfedd85ff,,,,,,,,,,,,,,,,,,,,,,,CEIC,available,ECEX0109,SERVO,CASSETE EXPIRATÓRIO
ECEX0110,313359,,CASSETE EXPIRATÓRIO,SERVO,MAQUET,NÃO CRÍTICO,,HOSPITAL DAS CLÍNICAS,INSTITUTO CENTRAL - ICHC,IC - CENTRAL DE EQUIPAMENTOS DO INSTITUTO CENTRAL - 6º EE," AVENIDA DOUTOR ENÉAS DE CARVALHO AGUIAR 255, CERQUEIRA CÉSAR, SÃO PAULO-SP",SP,CERQUEIRA CÉSAR,SÃO PAULO,05403-010,"2929 - CENTRAL EQUIPAMENTO MÉDICO - CIEQ 09 PAMB ",27/11/2025,"0,00",65776,"16.000,00",,28/11/2025,,27/11/2027,,,,,PRÓPRIO,ATIVO,MAQUET DO BRASIL EQUIPAMENTOS MÉDICOS  LTDA.,,,c5a63a16-c048-4d8a-a269-1b11ef29d8c9,,,,,,,,,,,,,,,,,,,,,,,CEIC,available,ECEX0110,SERVO,CASSETE EXPIRATÓRIO
ECEX0110,313359,,CASSETE EXPIRATÓRIO,SERVO,MAQUET,NÃO CRÍTICO,,HOSPITAL DAS CLÍNICAS,INSTITUTO CENTRAL - ICHC,IC - CENTRAL DE EQUIPAMENTOS DO INSTITUTO CENTRAL - 6º EE," AVENIDA DOUTOR ENÉAS DE CARVALHO AGUIAR 255, CERQUEIRA CÉSAR, SÃO PAULO-SP",SP,CERQUEIRA CÉSAR,SÃO PAULO,05403-010,"2929 - CENTRAL EQUIPAMENTO MÉDICO - CIEQ 09 PAMB ",27/11/2025,"0,00",65776,"16.000,00",,28/11/2025,,27/11/2027,,,,,PRÓPRIO,ATIVO,MAQUET DO BRASIL EQUIPAMENTOS MÉDICOS  LTDA.,,,38c7765a-2fc3-49a0-b604-2c5fcabb75ee,,,,,,,,,,,,,,,,,,,,,,,CEIC,available,ECEX0110,SERVO,CASSETE EXPIRATÓRIO
ECEX0111,313364,,CASSETE EXPIRATÓRIO,SERVO,MAQUET,NÃO CRÍTICO,,HOSPITAL DAS CLÍNICAS,INSTITUTO CENTRAL - ICHC,IC - CENTRAL DE EQUIPAMENTOS DO INSTITUTO CENTRAL - 6º EE," AVENIDA DOUTOR ENÉAS DE CARVALHO AGUIAR 255, CERQUEIRA CÉSAR, SÃO PAULO-SP",SP,CERQUEIRA CÉSAR,SÃO PAULO,05403-010,"2929 - CENTRAL EQUIPAMENTO MÉDICO - CIEQ 09 PAMB ",27/11/2025,"0,00",65776,"16.000,00",,28/11/2025,,27/11/2027,,,,,PRÓPRIO,ATIVO,MAQUET DO BRASIL EQUIPAMENTOS MÉDICOS  LTDA.,,,1a366348-f424-4ac2-91b5-55db3616649a,,,,,,,,,,,,,,,,,,,,,,,CEIC,available,ECEX0111,SERVO,CASSETE EXPIRATÓRIO
ECEX0111,313364,,CASSETE EXPIRATÓRIO,SERVO,MAQUET,NÃO CRÍTICO,,HOSPITAL DAS CLÍNICAS,INSTITUTO CENTRAL - ICHC,IC - CENTRAL DE EQUIPAMENTOS DO INSTITUTO CENTRAL - 6º EE," AVENIDA DOUTOR ENÉAS DE CARVALHO AGUIAR 255, CERQUEIRA CÉSAR, SÃO PAULO-SP",SP,CERQUEIRA CÉSAR,SÃO PAULO,05403-010,"2929 - CENTRAL EQUIPAMENTO MÉDICO - CIEQ 09 PAMB ",27/11/2025,"0,00",65776,"16.000,00",,28/11/2025,,27/11/2027,,,,,PRÓPRIO,ATIVO,MAQUET DO BRASIL EQUIPAMENTOS MÉDICOS  LTDA.,,,680bdbda-40e4-44ac-9279-5c9a1cee499c,,,,,,,,,,,,,,,,,,,,,,,CEIC,available,ECEX0111,SERVO,CASSETE EXPIRATÓRIO
ECEX0112,314154,,CASSETE EXPIRATÓRIO,SERVO,MAQUET,NÃO CRÍTICO,,HOSPITAL DAS CLÍNICAS,INSTITUTO CENTRAL - ICHC,IC - CENTRAL DE EQUIPAMENTOS DO INSTITUTO CENTRAL - 6º EE," AVENIDA DOUTOR ENÉAS DE CARVALHO AGUIAR 255, CERQUEIRA CÉSAR, SÃO PAULO-SP",SP,CERQUEIRA CÉSAR,SÃO PAULO,05403-010,"2929 - CENTRAL EQUIPAMENTO MÉDICO - CIEQ 09 PAMB ",27/11/2025,"0,00",65776,"16.000,00",,28/11/2025,,27/11/2027,,,,,PRÓPRIO,ATIVO,MAQUET DO BRASIL EQUIPAMENTOS MÉDICOS  LTDA.,,,ae45e55d-6a33-4ee4-b69b-8b3c7bcf19c8,,,,,,,,,,,,,,,,,,,,,,,CEIC,available,ECEX0112,SERVO,CASSETE EXPIRATÓRIO
ECEX0112,314154,,CASSETE EXPIRATÓRIO,SERVO,MAQUET,NÃO CRÍTICO,,HOSPITAL DAS CLÍNICAS,INSTITUTO CENTRAL - ICHC,IC - CENTRAL DE EQUIPAMENTOS DO INSTITUTO CENTRAL - 6º EE," AVENIDA DOUTOR ENÉAS DE CARVALHO AGUIAR 255, CERQUEIRA CÉSAR, SÃO PAULO-SP",SP,CERQUEIRA CÉSAR,SÃO PAULO,05403-010,"2929 - CENTRAL EQUIPAMENTO MÉDICO - CIEQ 09 PAMB ",27/11/2025,"0,00",65776,"16.000,00",,28/11/2025,,27/11/2027,,,,,PRÓPRIO,ATIVO,MAQUET DO BRASIL EQUIPAMENTOS MÉDICOS  LTDA.,,,622559a4-1163-40d1-8964-82a1f1275d91,,,,,,,,,,,,,,,,,,,,,,,CEIC,available,ECEX0112,SERVO,CASSETE EXPIRATÓRIO
ECEX0113,314320,,CASSETE EXPIRATÓRIO,SERVO,MAQUET,NÃO CRÍTICO,,HOSPITAL DAS CLÍNICAS,INSTITUTO CENTRAL - ICHC,IC - CENTRAL DE EQUIPAMENTOS DO INSTITUTO CENTRAL - 6º EE," AVENIDA DOUTOR ENÉAS DE CARVALHO AGUIAR 255, CERQUEIRA CÉSAR, SÃO PAULO-SP",SP,CERQUEIRA CÉSAR,SÃO PAULO,05403-010,"2929 - CENTRAL EQUIPAMENTO MÉDICO - CIEQ 09 PAMB ",27/11/2025,"0,00",65776,"16.000,00",,28/11/2025,,27/11/2027,,,,,PRÓPRIO,ATIVO,MAQUET DO BRASIL EQUIPAMENTOS MÉDICOS  LTDA.,,,55bcb1a8-fa2b-43b9-b9d5-a5db82fc6f5b,,,,,,,,,,,,,,,,,,,,,,,CEIC,available,ECEX0113,SERVO,CASSETE EXPIRATÓRIO
ECEX0113,314320,,CASSETE EXPIRATÓRIO,SERVO,MAQUET,NÃO CRÍTICO,,HOSPITAL DAS CLÍNICAS,INSTITUTO CENTRAL - ICHC,IC - CENTRAL DE EQUIPAMENTOS DO INSTITUTO CENTRAL - 6º EE," AVENIDA DOUTOR ENÉAS DE CARVALHO AGUIAR 255, CERQUEIRA CÉSAR, SÃO PAULO-SP",SP,CERQUEIRA CÉSAR,SÃO PAULO,05403-010,"2929 - CENTRAL EQUIPAMENTO MÉDICO - CIEQ 09 PAMB ",27/11/2025,"0,00",65776,"16.000,00",,28/11/2025,,27/11/2027,,,,,PRÓPRIO,ATIVO,MAQUET DO BRASIL EQUIPAMENTOS MÉDICOS  LTDA.,,,cf94f0d0-c3af-4865-a09d-8365a5a7c14b,,,,,,,,,,,,,,,,,,,,,,,CEIC,available,ECEX0113,SERVO,CASSETE EXPIRATÓRIO
ECEX0114,314321,,CASSETE EXPIRATÓRIO,SERVO,MAQUET,NÃO CRÍTICO,,HOSPITAL DAS CLÍNICAS,INSTITUTO CENTRAL - ICHC,IC - CENTRAL DE EQUIPAMENTOS DO INSTITUTO CENTRAL - 6º EE," AVENIDA DOUTOR ENÉAS DE CARVALHO AGUIAR 255, CERQUEIRA CÉSAR, SÃO PAULO-SP",SP,CERQUEIRA CÉSAR,SÃO PAULO,05403-010,"2929 - CENTRAL EQUIPAMENTO MÉDICO - CIEQ 09 PAMB ",27/11/2025,"0,00",65776,"16.000,00",,28/11/2025,,27/11/2027,,,,,PRÓPRIO,ATIVO,MAQUET DO BRASIL EQUIPAMENTOS MÉDICOS  LTDA.,,,11f60f80-4740-4714-8915-aaf0fa148f23,03DN,7,2026-03-29 20:54:23.843+00,true,,,,,false,128512,,2026-04-28 11:50:57.36+00,,,,,,,,,false,2026-03-29 20:55:47.794+00,03DN,in_use,ECEX0114,SERVO,CASSETE EXPIRATÓRIO
ECEX0114,314321,,CASSETE EXPIRATÓRIO,SERVO,MAQUET,NÃO CRÍTICO,,HOSPITAL DAS CLÍNICAS,INSTITUTO CENTRAL - ICHC,IC - CENTRAL DE EQUIPAMENTOS DO INSTITUTO CENTRAL - 6º EE," AVENIDA DOUTOR ENÉAS DE CARVALHO AGUIAR 255, CERQUEIRA CÉSAR, SÃO PAULO-SP",SP,CERQUEIRA CÉSAR,SÃO PAULO,05403-010,"2929 - CENTRAL EQUIPAMENTO MÉDICO - CIEQ 09 PAMB ",27/11/2025,"0,00",65776,"16.000,00",,28/11/2025,,27/11/2027,,,,,PRÓPRIO,ATIVO,MAQUET DO BRASIL EQUIPAMENTOS MÉDICOS  LTDA.,,,27d88339-973f-4f96-a304-7defecc73697,,,,,,,,,,MV4545,Jonas,2026-03-26 18:50:46.84+00,,,,,,,,,,2026-03-29 20:55:48.893+00,CEIC,available,ECEX0114,SERVO,CASSETE EXPIRATÓRIO
ECEX0115,314322,,CASSETE EXPIRATÓRIO,SERVO,MAQUET,NÃO CRÍTICO,,HOSPITAL DAS CLÍNICAS,INSTITUTO CENTRAL - ICHC,IC - CENTRAL DE EQUIPAMENTOS DO INSTITUTO CENTRAL - 6º EE," AVENIDA DOUTOR ENÉAS DE CARVALHO AGUIAR 255, CERQUEIRA CÉSAR, SÃO PAULO-SP",SP,CERQUEIRA CÉSAR,SÃO PAULO,05403-010,"2929 - CENTRAL EQUIPAMENTO MÉDICO - CIEQ 09 PAMB ",27/11/2025,"0,00",65776,"16.000,00",,28/11/2025,,27/11/2027,,,,,PRÓPRIO,ATIVO,MAQUET DO BRASIL EQUIPAMENTOS MÉDICOS  LTDA.,,,890e3c44-4c84-4fda-8ea4-6f482a4e9269,,,,,,,,,,,,,,,,,,,,,,,CEIC,available,ECEX0115,SERVO,CASSETE EXPIRATÓRIO
ECEX0115,314322,,CASSETE EXPIRATÓRIO,SERVO,MAQUET,NÃO CRÍTICO,,HOSPITAL DAS CLÍNICAS,INSTITUTO CENTRAL - ICHC,IC - CENTRAL DE EQUIPAMENTOS DO INSTITUTO CENTRAL - 6º EE," AVENIDA DOUTOR ENÉAS DE CARVALHO AGUIAR 255, CERQUEIRA CÉSAR, SÃO PAULO-SP",SP,CERQUEIRA CÉSAR,SÃO PAULO,05403-010,"2929 - CENTRAL EQUIPAMENTO MÉDICO - CIEQ 09 PAMB ",27/11/2025,"0,00",65776,"16.000,00",,28/11/2025,,27/11/2027,,,,,PRÓPRIO,ATIVO,MAQUET DO BRASIL EQUIPAMENTOS MÉDICOS  LTDA.,,,5e173ee3-2704-4c34-a1d7-5f6a55468fe3,,,,,,,,,,,,,,,,,,,,,,,CEIC,available,ECEX0115,SERVO,CASSETE EXPIRATÓRIO
ECEX0116,314323,,CASSETE EXPIRATÓRIO,SERVO,MAQUET,NÃO CRÍTICO,,HOSPITAL DAS CLÍNICAS,INSTITUTO CENTRAL - ICHC,IC - CENTRAL DE EQUIPAMENTOS DO INSTITUTO CENTRAL - 6º EE," AVENIDA DOUTOR ENÉAS DE CARVALHO AGUIAR 255, CERQUEIRA CÉSAR, SÃO PAULO-SP",SP,CERQUEIRA CÉSAR,SÃO PAULO,05403-010,"2929 - CENTRAL EQUIPAMENTO MÉDICO - CIEQ 09 PAMB ",27/11/2025,"0,00",65776,"16.000,00",,28/11/2025,,27/11/2027,,,,,PRÓPRIO,ATIVO,MAQUET DO BRASIL EQUIPAMENTOS MÉDICOS  LTDA.,,,ecb0c0ee-797d-47be-a2ee-027415233a54,,,,,,,,,,,,,,,,,,,,,,,CEIC,available,ECEX0116,SERVO,CASSETE EXPIRATÓRIO
ECEX0116,314323,,CASSETE EXPIRATÓRIO,SERVO,MAQUET,NÃO CRÍTICO,,HOSPITAL DAS CLÍNICAS,INSTITUTO CENTRAL - ICHC,IC - CENTRAL DE EQUIPAMENTOS DO INSTITUTO CENTRAL - 6º EE," AVENIDA DOUTOR ENÉAS DE CARVALHO AGUIAR 255, CERQUEIRA CÉSAR, SÃO PAULO-SP",SP,CERQUEIRA CÉSAR,SÃO PAULO,05403-010,"2929 - CENTRAL EQUIPAMENTO MÉDICO - CIEQ 09 PAMB ",27/11/2025,"0,00",65776,"16.000,00",,28/11/2025,,27/11/2027,,,,,PRÓPRIO,ATIVO,MAQUET DO BRASIL EQUIPAMENTOS MÉDICOS  LTDA.,,,3341ac5e-c3f3-4a8d-a65e-56f613a66fc3,,,,,,,,,,,,,,,,,,,,,,,CEIC,available,ECEX0116,SERVO,CASSETE EXPIRATÓRIO
ECTV0079,V1903586SX,,COMPRESSOR PARA TERAPIA VASCULAR,KENDALL SCD 700,COVIDIEN,SEMI-CRÍTICO,MÉDIA,HOSPITAL DAS CLÍNICAS,INSTITUTO CENTRAL - ICHC,IC - CENTRAL DE EQUIPAMENTOS DO INSTITUTO CENTRAL - 6º EE," AVENIDA DOUTOR ENÉAS DE CARVALHO AGUIAR 255, CERQUEIRA CÉSAR, SÃO PAULO-SP",SP,CERQUEIRA CÉSAR,SÃO PAULO,05403-010,"2929 - CENTRAL EQUIPAMENTO MÉDICO - CIEQ 09 PAMB ",13/09/2019,"2.041,20",NF 6861,"0,00",18/01/2019,13/12/2019,,,,,81356119001,,COMODATO - CARDINAL,ATIVO,CARDINAL HEALTH,,,62bbc88a-93fd-4366-a6c1-e9b3c6ecb068,,,,,,,,,,,,,,,,,,,,,,,CEIC,available,ECTV0079,KENDALL SCD 700,COMPRESSOR PARA TERAPIA VASCULAR
ECTV0080,V1903592SX,,COMPRESSOR PARA TERAPIA VASCULAR,KENDALL SCD 700,COVIDIEN,SEMI-CRÍTICO,MÉDIA,HOSPITAL DAS CLÍNICAS,INSTITUTO CENTRAL - ICHC,IC - CENTRAL DE EQUIPAMENTOS DO INSTITUTO CENTRAL - 6º EE," AVENIDA DOUTOR ENÉAS DE CARVALHO AGUIAR 255, CERQUEIRA CÉSAR, SÃO PAULO-SP",SP,CERQUEIRA CÉSAR,SÃO PAULO,05403-010,"2929 - CENTRAL EQUIPAMENTO MÉDICO - CIEQ 09 PAMB ",13/09/2019,"2.041,20",NF 6861,"0,00",18/01/2019,13/12/2019,,,,,81356119001,,COMODATO - CARDINAL,ATIVO,CARDINAL HEALTH,,,9dbda269-a4f5-41be-b93e-67e3b9645e37,,,,,,,,,,,,,,,,,,,,,,,CEIC,available,ECTV0080,KENDALL SCD 700,COMPRESSOR PARA TERAPIA VASCULAR
ECTV0081,V1903598SX,,COMPRESSOR PARA TERAPIA VASCULAR,KENDALL SCD 700,COVIDIEN,SEMI-CRÍTICO,MÉDIA,HOSPITAL DAS CLÍNICAS,INSTITUTO CENTRAL - ICHC,IC - CENTRAL DE EQUIPAMENTOS DO INSTITUTO CENTRAL - 6º EE," AVENIDA DOUTOR ENÉAS DE CARVALHO AGUIAR 255, CERQUEIRA CÉSAR, SÃO PAULO-SP",SP,CERQUEIRA CÉSAR,SÃO PAULO,05403-010,"2929 - CENTRAL EQUIPAMENTO MÉDICO - CIEQ 09 PAMB ",13/09/2019,"2.041,20",NF 6861,"0,00",18/01/2019,13/12/2019,,,,,81356119001,,COMODATO - CARDINAL,ATIVO,CARDINAL HEALTH,,,9565eadc-75a3-4614-9540-345c14775ab5,,,,,,,,,,,,,,,,,,,,,,,CEIC,available,ECTV0081,KENDALL SCD 700,COMPRESSOR PARA TERAPIA VASCULAR
ECTV0082,V1903606SX,,COMPRESSOR PARA TERAPIA VASCULAR,KENDALL SCD 700,COVIDIEN,SEMI-CRÍTICO,MÉDIA,HOSPITAL DAS CLÍNICAS,INSTITUTO CENTRAL - ICHC,IC - CENTRAL DE EQUIPAMENTOS DO INSTITUTO CENTRAL - 6º EE," AVENIDA DOUTOR ENÉAS DE CARVALHO AGUIAR 255, CERQUEIRA CÉSAR, SÃO PAULO-SP",SP,CERQUEIRA CÉSAR,SÃO PAULO,05403-010,"2929 - CENTRAL EQUIPAMENTO MÉDICO - CIEQ 09 PAMB ",13/09/2019,"2.041,20",NF 6861,"0,00",18/01/2019,13/12/2019,,,,,81356119001,,COMODATO - CARDINAL,ATIVO,CARDINAL HEALTH,,,be0a53bf-ac11-4706-9375-c2b4c349f5b3,,,,,,,,,,,,,,,,,,,,,,,CEIC,available,ECTV0082,KENDALL SCD 700,COMPRESSOR PARA TERAPIA VASCULAR
ECTV0083,V1903619SX,,COMPRESSOR PARA TERAPIA VASCULAR,KENDALL SCD 700,COVIDIEN,SEMI-CRÍTICO,MÉDIA,HOSPITAL DAS CLÍNICAS,INSTITUTO CENTRAL - ICHC,IC - CENTRAL DE EQUIPAMENTOS DO INSTITUTO CENTRAL - 6º EE," AVENIDA DOUTOR ENÉAS DE CARVALHO AGUIAR 255, CERQUEIRA CÉSAR, SÃO PAULO-SP",SP,CERQUEIRA CÉSAR,SÃO PAULO,05403-010,"2929 - CENTRAL EQUIPAMENTO MÉDICO - CIEQ 09 PAMB ",13/09/2019,"2.041,20",NF 6861,"0,00",18/01/2019,13/12/2019,,,,,81356119001,,COMODATO - CARDINAL,ATIVO,CARDINAL HEALTH,,,91735090-fba0-4dbc-86a7-2d37ac58c56d,,,,,,,,,,,,,,,,,,,,,,,CEIC,available,ECTV0083,KENDALL SCD 700,COMPRESSOR PARA TERAPIA VASCULAR
ECTV0084,V1903646SX,,COMPRESSOR PARA TERAPIA VASCULAR,KENDALL SCD 700,COVIDIEN,SEMI-CRÍTICO,MÉDIA,HOSPITAL DAS CLÍNICAS,INSTITUTO CENTRAL - ICHC,IC - CENTRAL DE EQUIPAMENTOS DO INSTITUTO CENTRAL - 6º EE," AVENIDA DOUTOR ENÉAS DE CARVALHO AGUIAR 255, CERQUEIRA CÉSAR, SÃO PAULO-SP",SP,CERQUEIRA CÉSAR,SÃO PAULO,05403-010,"2929 - CENTRAL EQUIPAMENTO MÉDICO - CIEQ 09 PAMB ",13/09/2019,"2.041,20",NF 6861,"0,00",18/01/2019,13/12/2019,,,,,81356119001,,COMODATO - CARDINAL,ATIVO,CARDINAL HEALTH,,,8a9066c2-0491-4218-99fb-d69f08d5ba0d,,,,,,,,,,,,,,,,,,,,,,,CEIC,available,ECTV0084,KENDALL SCD 700,COMPRESSOR PARA TERAPIA VASCULAR
ECTV0085,V1903652SX,,COMPRESSOR PARA TERAPIA VASCULAR,KENDALL SCD 700,COVIDIEN,SEMI-CRÍTICO,MÉDIA,HOSPITAL DAS CLÍNICAS,INSTITUTO CENTRAL - ICHC,IC - CENTRAL DE EQUIPAMENTOS DO INSTITUTO CENTRAL - 6º EE," AVENIDA DOUTOR ENÉAS DE CARVALHO AGUIAR 255, CERQUEIRA CÉSAR, SÃO PAULO-SP",SP,CERQUEIRA CÉSAR,SÃO PAULO,05403-010,"2929 - CENTRAL EQUIPAMENTO MÉDICO - CIEQ 09 PAMB ",13/09/2019,"2.041,20",NF 6861,"0,00",18/01/2019,13/12/2019,,,,,81356119001,,COMODATO - CARDINAL,ATIVO,CARDINAL HEALTH,,,01eabeb5-418c-4d3a-9418-761b57dc4a16,,3,,,,,,,false,123,joao,2026-04-14 12:19:02.997+00,,,,,,,,,true,,03DN,in_use,ECTV0085,KENDALL SCD 700,COMPRESSOR PARA TERAPIA VASCULAR
ECTV0086,V1903699SX,,COMPRESSOR PARA TERAPIA VASCULAR,KENDALL SCD 700,COVIDIEN,SEMI-CRÍTICO,MÉDIA,HOSPITAL DAS CLÍNICAS,INSTITUTO CENTRAL - ICHC,IC - CENTRAL DE EQUIPAMENTOS DO INSTITUTO CENTRAL - 6º EE," AVENIDA DOUTOR ENÉAS DE CARVALHO AGUIAR 255, CERQUEIRA CÉSAR, SÃO PAULO-SP",SP,CERQUEIRA CÉSAR,SÃO PAULO,05403-010,"2929 - CENTRAL EQUIPAMENTO MÉDICO - CIEQ 09 PAMB ",13/09/2019,"2.041,20",NF 6861,"0,00",18/01/2019,13/12/2019,,,,,81356119001,,COMODATO - CARDINAL,ATIVO,CARDINAL HEALTH,,,f8496656-46b7-4aab-9b88-d0b72945215e,,,,,,,,,,,,,,,,,,,,,,,CEIC,available,ECTV0086,KENDALL SCD 700,COMPRESSOR PARA TERAPIA VASCULAR
ECTV0087,V1903722SX,,COMPRESSOR PARA TERAPIA VASCULAR,KENDALL SCD 700,COVIDIEN,SEMI-CRÍTICO,MÉDIA,HOSPITAL DAS CLÍNICAS,INSTITUTO CENTRAL - ICHC,IC - CENTRAL DE EQUIPAMENTOS DO INSTITUTO CENTRAL - 6º EE," AVENIDA DOUTOR ENÉAS DE CARVALHO AGUIAR 255, CERQUEIRA CÉSAR, SÃO PAULO-SP",SP,CERQUEIRA CÉSAR,SÃO PAULO,05403-010,"2929 - CENTRAL EQUIPAMENTO MÉDICO - CIEQ 09 PAMB ",13/09/2019,"2.041,20",NF 6861,"0,00",18/01/2019,13/12/2019,,,,,81356119001,,COMODATO - CARDINAL,ATIVO,CARDINAL HEALTH,,,0640a85b-2248-4cef-afa1-e615b97666ef,,,,,,,,,,,,,,,,,,,,,,,CEIC,available,ECTV0087,KENDALL SCD 700,COMPRESSOR PARA TERAPIA VASCULAR
ECTV0088,V1903737SX,,COMPRESSOR PARA TERAPIA VASCULAR,KENDALL SCD 700,COVIDIEN,SEMI-CRÍTICO,MÉDIA,HOSPITAL DAS CLÍNICAS,INSTITUTO CENTRAL - ICHC,IC - CENTRAL DE EQUIPAMENTOS DO INSTITUTO CENTRAL - 6º EE," AVENIDA DOUTOR ENÉAS DE CARVALHO AGUIAR 255, CERQUEIRA CÉSAR, SÃO PAULO-SP",SP,CERQUEIRA CÉSAR,SÃO PAULO,05403-010,"2929 - CENTRAL EQUIPAMENTO MÉDICO - CIEQ 09 PAMB ",13/09/2019,"2.041,20",NF 6861,"0,00",18/01/2019,13/12/2019,,,,,81356119001,,COMODATO - CARDINAL,ATIVO,CARDINAL HEALTH,,,36492f8b-a6a2-49ba-a6ec-092516befe25,,07,,true,,,,,false,mv45963,ela,2026-04-14 21:20:05.759+00,,false,,false,,,,,false,2026-03-29 21:21:07.695+00,04GN,in_use,ECTV0088,KENDALL SCD 700,COMPRESSOR PARA TERAPIA VASCULAR
ECTV0089,V1903738SX,,COMPRESSOR PARA TERAPIA VASCULAR,KENDALL SCD 700,COVIDIEN,SEMI-CRÍTICO,MÉDIA,HOSPITAL DAS CLÍNICAS,INSTITUTO CENTRAL - ICHC,IC - CENTRAL DE EQUIPAMENTOS DO INSTITUTO CENTRAL - 6º EE," AVENIDA DOUTOR ENÉAS DE CARVALHO AGUIAR 255, CERQUEIRA CÉSAR, SÃO PAULO-SP",SP,CERQUEIRA CÉSAR,SÃO PAULO,05403-010,"2929 - CENTRAL EQUIPAMENTO MÉDICO - CIEQ 09 PAMB ",13/09/2019,"2.041,20",NF 6861,"0,00",18/01/2019,13/12/2019,,,,,81356119001,,COMODATO - CARDINAL,ATIVO,CARDINAL HEALTH,,,a22ade40-fc18-44a2-9acf-6cff9efca2e7,,,,,,,,,,,,,,,,,,,,,,,CEIC,available,ECTV0089,KENDALL SCD 700,COMPRESSOR PARA TERAPIA VASCULAR
ECTV0090,V1903739SX,,COMPRESSOR PARA TERAPIA VASCULAR,KENDALL SCD 700,COVIDIEN,SEMI-CRÍTICO,MÉDIA,HOSPITAL DAS CLÍNICAS,INSTITUTO CENTRAL - ICHC,IC - CENTRAL DE EQUIPAMENTOS DO INSTITUTO CENTRAL - 6º EE," AVENIDA DOUTOR ENÉAS DE CARVALHO AGUIAR 255, CERQUEIRA CÉSAR, SÃO PAULO-SP",SP,CERQUEIRA CÉSAR,SÃO PAULO,05403-010,"2929 - CENTRAL EQUIPAMENTO MÉDICO - CIEQ 09 PAMB ",13/09/2019,"2.041,20",NF 6861,"0,00",18/01/2019,13/12/2019,,,,,81356119001,,COMODATO - CARDINAL,ATIVO,CARDINAL HEALTH,,,4ee1e732-00c5-4eed-8709-38ae18776cbf,,,,,,,,,,,,,,,,,,,,,,,CEIC,available,ECTV0090,KENDALL SCD 700,COMPRESSOR PARA TERAPIA VASCULAR
ECTV0091,V1903744SX,,COMPRESSOR PARA TERAPIA VASCULAR,KENDALL SCD 700,COVIDIEN,SEMI-CRÍTICO,MÉDIA,HOSPITAL DAS CLÍNICAS,INSTITUTO CENTRAL - ICHC,IC - CENTRAL DE EQUIPAMENTOS DO INSTITUTO CENTRAL - 6º EE," AVENIDA DOUTOR ENÉAS DE CARVALHO AGUIAR 255, CERQUEIRA CÉSAR, SÃO PAULO-SP",SP,CERQUEIRA CÉSAR,SÃO PAULO,05403-010,"2929 - CENTRAL EQUIPAMENTO MÉDICO - CIEQ 09 PAMB ",13/09/2019,"2.041,20",NF 6861,"0,00",18/01/2019,13/12/2019,,,,,81356119001,,COMODATO - CARDINAL,ATIVO,CARDINAL HEALTH,,,08855c5c-9fbe-4949-b943-6c7cf8fa59ac,,,,,,,,,,,,,,,,,,,,,,,CEIC,available,ECTV0091,KENDALL SCD 700,COMPRESSOR PARA TERAPIA VASCULAR
ECTV0092,V1903762SX,,COMPRESSOR PARA TERAPIA VASCULAR,KENDALL SCD 700,COVIDIEN,SEMI-CRÍTICO,MÉDIA,HOSPITAL DAS CLÍNICAS,INSTITUTO CENTRAL - ICHC,IC - CENTRAL DE EQUIPAMENTOS DO INSTITUTO CENTRAL - 6º EE," AVENIDA DOUTOR ENÉAS DE CARVALHO AGUIAR 255, CERQUEIRA CÉSAR, SÃO PAULO-SP",SP,CERQUEIRA CÉSAR,SÃO PAULO,05403-010,"2929 - CENTRAL EQUIPAMENTO MÉDICO - CIEQ 09 PAMB ",13/09/2019,"2.041,20",NF 6861,"0,00",18/01/2019,13/12/2019,,,,,81356119001,,COMODATO - CARDINAL,ATIVO,CARDINAL HEALTH,,,df80e2f5-e27f-4de3-b727-474748302d19,,,,,,,,,,,,,,,,,,,,,,,CEIC,available,ECTV0092,KENDALL SCD 700,COMPRESSOR PARA TERAPIA VASCULAR
ECTV0093,V1903763SX,,COMPRESSOR PARA TERAPIA VASCULAR,KENDALL SCD 700,COVIDIEN,SEMI-CRÍTICO,MÉDIA,HOSPITAL DAS CLÍNICAS,INSTITUTO CENTRAL - ICHC,IC - CENTRAL DE EQUIPAMENTOS DO INSTITUTO CENTRAL - 6º EE," AVENIDA DOUTOR ENÉAS DE CARVALHO AGUIAR 255, CERQUEIRA CÉSAR, SÃO PAULO-SP",SP,CERQUEIRA CÉSAR,SÃO PAULO,05403-010,"2929 - CENTRAL EQUIPAMENTO MÉDICO - CIEQ 09 PAMB ",13/09/2019,"2.041,20",NF 6861,"0,00",18/01/2019,13/12/2019,,,,,81356119001,,COMODATO - CARDINAL,ATIVO,CARDINAL HEALTH,,,9e5ae3e3-e1c8-4989-90a4-5582a108f1b7,,,,,,,,,,,,,,,,,,,,,,,CEIC,available,ECTV0093,KENDALL SCD 700,COMPRESSOR PARA TERAPIA VASCULAR
ECTV0094,V1903808SX,,COMPRESSOR PARA TERAPIA VASCULAR,KENDALL SCD 700,COVIDIEN,SEMI-CRÍTICO,MÉDIA,HOSPITAL DAS CLÍNICAS,INSTITUTO CENTRAL - ICHC,IC - CENTRAL DE EQUIPAMENTOS DO INSTITUTO CENTRAL - 6º EE," AVENIDA DOUTOR ENÉAS DE CARVALHO AGUIAR 255, CERQUEIRA CÉSAR, SÃO PAULO-SP",SP,CERQUEIRA CÉSAR,SÃO PAULO,05403-010,"2929 - CENTRAL EQUIPAMENTO MÉDICO - CIEQ 09 PAMB ",13/09/2019,"2.041,20",NF 6861,"0,00",18/01/2019,13/12/2019,,,,,81356119001,,COMODATO - CARDINAL,ATIVO,CARDINAL HEALTH,,,3e9ec4c4-9130-4fe4-bfdb-f14bfb45303e,,,,,,,,,,,,,,,,,,,,,,,CEIC,available,ECTV0094,KENDALL SCD 700,COMPRESSOR PARA TERAPIA VASCULAR
ECTV0095,V1903820SX,,COMPRESSOR PARA TERAPIA VASCULAR,KENDALL SCD 700,COVIDIEN,SEMI-CRÍTICO,MÉDIA,HOSPITAL DAS CLÍNICAS,INSTITUTO CENTRAL - ICHC,IC - CENTRAL DE EQUIPAMENTOS DO INSTITUTO CENTRAL - 6º EE," AVENIDA DOUTOR ENÉAS DE CARVALHO AGUIAR 255, CERQUEIRA CÉSAR, SÃO PAULO-SP",SP,CERQUEIRA CÉSAR,SÃO PAULO,05403-010,"2929 - CENTRAL EQUIPAMENTO MÉDICO - CIEQ 09 PAMB ",13/09/2019,"2.041,20",NF 6861,"0,00",18/01/2019,13/12/2019,,,,,81356119001,,COMODATO - CARDINAL,ATIVO,CARDINAL HEALTH,,,e7ef7b3d-661e-4a42-9ca9-f3f711836c28,,,,,,,,,,,,,,,,,,,,,,,CEIC,available,ECTV0095,KENDALL SCD 700,COMPRESSOR PARA TERAPIA VASCULAR
ECTV0096,V1903890SX,,COMPRESSOR PARA TERAPIA VASCULAR,KENDALL SCD 700,COVIDIEN,SEMI-CRÍTICO,MÉDIA,HOSPITAL DAS CLÍNICAS,INSTITUTO CENTRAL - ICHC,IC - CENTRAL DE EQUIPAMENTOS DO INSTITUTO CENTRAL - 6º EE," AVENIDA DOUTOR ENÉAS DE CARVALHO AGUIAR 255, CERQUEIRA CÉSAR, SÃO PAULO-SP",SP,CERQUEIRA CÉSAR,SÃO PAULO,05403-010,"2929 - CENTRAL EQUIPAMENTO MÉDICO - CIEQ 09 PAMB ",13/09/2019,"2.041,20",NF 6861,"0,00",18/01/2019,13/12/2019,,,,,81356119001,,COMODATO - CARDINAL,ATIVO,CARDINAL HEALTH,,,a8f44f0a-4ad4-466d-ba3d-eb788f5e4444,,,,,,,,,,,,,,,,,,,,,,,CEIC,available,ECTV0096,KENDALL SCD 700,COMPRESSOR PARA TERAPIA VASCULAR
ECTV0097,V1903896SX,,COMPRESSOR PARA TERAPIA VASCULAR,KENDALL SCD 700,COVIDIEN,SEMI-CRÍTICO,MÉDIA,HOSPITAL DAS CLÍNICAS,INSTITUTO CENTRAL - ICHC,IC - CENTRAL DE EQUIPAMENTOS DO INSTITUTO CENTRAL - 6º EE," AVENIDA DOUTOR ENÉAS DE CARVALHO AGUIAR 255, CERQUEIRA CÉSAR, SÃO PAULO-SP",SP,CERQUEIRA CÉSAR,SÃO PAULO,05403-010,"2929 - CENTRAL EQUIPAMENTO MÉDICO - CIEQ 09 PAMB ",13/09/2019,"2.041,20",NF 6861,"0,00",18/01/2019,13/12/2019,,,,,81356119001,,COMODATO - CARDINAL,ATIVO,CARDINAL HEALTH,,,477b6341-8545-49b8-849c-46be84817c05,,,,,,,,,,,,,,,,,,,,,,,CEIC,available,ECTV0097,KENDALL SCD 700,COMPRESSOR PARA TERAPIA VASCULAR
ECTV0098,V1903905SX,,COMPRESSOR PARA TERAPIA VASCULAR,KENDALL SCD 700,COVIDIEN,SEMI-CRÍTICO,MÉDIA,HOSPITAL DAS CLÍNICAS,INSTITUTO CENTRAL - ICHC,IC - CENTRAL DE EQUIPAMENTOS DO INSTITUTO CENTRAL - 6º EE," AVENIDA DOUTOR ENÉAS DE CARVALHO AGUIAR 255, CERQUEIRA CÉSAR, SÃO PAULO-SP",SP,CERQUEIRA CÉSAR,SÃO PAULO,05403-010,"2929 - CENTRAL EQUIPAMENTO MÉDICO - CIEQ 09 PAMB ",13/09/2019,"2.041,20",NF 6861,"0,00",18/01/2019,13/12/2019,,,,,81356119001,,COMODATO - CARDINAL,ATIVO,CARDINAL HEALTH,,,2f978e34-d279-404b-9b2c-aae48b56cabc,,,,,,,,,,,,,,,,,,,,,,,CEIC,available,ECTV0098,KENDALL SCD 700,COMPRESSOR PARA TERAPIA VASCULAR
ECTV0099,V1903907SX,,COMPRESSOR PARA TERAPIA VASCULAR,KENDALL SCD 700,COVIDIEN,SEMI-CRÍTICO,MÉDIA,HOSPITAL DAS CLÍNICAS,INSTITUTO CENTRAL - ICHC,IC - CENTRAL DE EQUIPAMENTOS DO INSTITUTO CENTRAL - 6º EE," AVENIDA DOUTOR ENÉAS DE CARVALHO AGUIAR 255, CERQUEIRA CÉSAR, SÃO PAULO-SP",SP,CERQUEIRA CÉSAR,SÃO PAULO,05403-010,"2929 - CENTRAL EQUIPAMENTO MÉDICO - CIEQ 09 PAMB ",13/09/2019,"2.041,20",NF 6861,"0,00",18/01/2019,13/12/2019,,,,,81356119001,,COMODATO - CARDINAL,ATIVO,CARDINAL HEALTH,,,5c83360a-fa5e-4a82-afb3-357a159ffd05,03DN,,2026-04-10 00:59:04.613+00,true,,,,,false,mv458963,ela,2026-04-14 21:20:54.437+00,,,,,,,,,false,2026-04-10 01:00:16.219+00,Centro Cirúrgico,in_use,ECTV0099,KENDALL SCD 700,COMPRESSOR PARA TERAPIA VASCULAR
ECTV0100,V1903913SX,,COMPRESSOR PARA TERAPIA VASCULAR,KENDALL SCD 700,COVIDIEN,SEMI-CRÍTICO,MÉDIA,HOSPITAL DAS CLÍNICAS,INSTITUTO CENTRAL - ICHC,IC - CENTRAL DE EQUIPAMENTOS DO INSTITUTO CENTRAL - 6º EE," AVENIDA DOUTOR ENÉAS DE CARVALHO AGUIAR 255, CERQUEIRA CÉSAR, SÃO PAULO-SP",SP,CERQUEIRA CÉSAR,SÃO PAULO,05403-010,"2929 - CENTRAL EQUIPAMENTO MÉDICO - CIEQ 09 PAMB ",13/09/2019,"2.041,20",NF 6861,"0,00",18/01/2019,13/12/2019,,,,,81356119001,,COMODATO - CARDINAL,ATIVO,CARDINAL HEALTH,,,b3ba38ea-e5b1-493f-9444-e03756678316,,,,,,,,,,,,,,,,,,true,2026-04-28 11:49:21.687+00,2026-04-28 11:50:14.14+00,,,Ag. Preventiva,preventive,ECTV0100,KENDALL SCD 700,COMPRESSOR PARA TERAPIA VASCULAR
ECTV0101,V1903922SX,,COMPRESSOR PARA TERAPIA VASCULAR,KENDALL SCD 700,COVIDIEN,SEMI-CRÍTICO,MÉDIA,HOSPITAL DAS CLÍNICAS,INSTITUTO CENTRAL - ICHC,IC - CENTRAL DE EQUIPAMENTOS DO INSTITUTO CENTRAL - 6º EE," AVENIDA DOUTOR ENÉAS DE CARVALHO AGUIAR 255, CERQUEIRA CÉSAR, SÃO PAULO-SP",SP,CERQUEIRA CÉSAR,SÃO PAULO,05403-010,"2929 - CENTRAL EQUIPAMENTO MÉDICO - CIEQ 09 PAMB ",13/09/2019,"2.041,20",NF 6861,"0,00",18/01/2019,13/12/2019,,12/12/2020,,,81356119001,,COMODATO - CARDINAL,ATIVO,CARDINAL HEALTH,,,89a429da-57c9-45f3-9172-772fbe81bcfb,,,,,,,,,,,,,,,,,,,,,,,CEIC,available,ECTV0101,KENDALL SCD 700,COMPRESSOR PARA TERAPIA VASCULAR
ECTV0102,V1903923SX,,COMPRESSOR PARA TERAPIA VASCULAR,KENDALL SCD 700,COVIDIEN,SEMI-CRÍTICO,MÉDIA,HOSPITAL DAS CLÍNICAS,INSTITUTO CENTRAL - ICHC,IC - CENTRAL DE EQUIPAMENTOS DO INSTITUTO CENTRAL - 6º EE," AVENIDA DOUTOR ENÉAS DE CARVALHO AGUIAR 255, CERQUEIRA CÉSAR, SÃO PAULO-SP",SP,CERQUEIRA CÉSAR,SÃO PAULO,05403-010,"2929 - CENTRAL EQUIPAMENTO MÉDICO - CIEQ 09 PAMB ",13/09/2019,"2.041,20",NF 6861,"0,00",18/01/2019,13/12/2019,,,,,81356119001,,COMODATO - CARDINAL,ATIVO,CARDINAL HEALTH,,,2b9c6441-ceaa-4693-8ce9-a34ae43b8dc4,,,,,,,,,,,,,,,,,,,,,,,CEIC,available,ECTV0102,KENDALL SCD 700,COMPRESSOR PARA TERAPIA VASCULAR
ECTV0103,V1903924SX,,COMPRESSOR PARA TERAPIA VASCULAR,KENDALL SCD 700,COVIDIEN,SEMI-CRÍTICO,MÉDIA,HOSPITAL DAS CLÍNICAS,INSTITUTO CENTRAL - ICHC,IC - CENTRAL DE EQUIPAMENTOS DO INSTITUTO CENTRAL - 6º EE," AVENIDA DOUTOR ENÉAS DE CARVALHO AGUIAR 255, CERQUEIRA CÉSAR, SÃO PAULO-SP",SP,CERQUEIRA CÉSAR,SÃO PAULO,05403-010,"2929 - CENTRAL EQUIPAMENTO MÉDICO - CIEQ 09 PAMB ",13/09/2019,"2.041,20",NF 6861,"0,00",18/01/2019,13/12/2019,,,,,81356119001,,COMODATO - CARDINAL,ATIVO,CARDINAL HEALTH,,,326cc77f-0528-419f-aa2e-0166f46dcb5c,,,,,,,,,,,,,,,,,,,,,,,CEIC,available,ECTV0103,KENDALL SCD 700,COMPRESSOR PARA TERAPIA VASCULAR
ECTV0105,V1903926SX,,COMPRESSOR PARA TERAPIA VASCULAR,KENDALL SCD 700,COVIDIEN,SEMI-CRÍTICO,MÉDIA,HOSPITAL DAS CLÍNICAS,INSTITUTO CENTRAL - ICHC,IC - CENTRAL DE EQUIPAMENTOS DO INSTITUTO CENTRAL - 6º EE," AVENIDA DOUTOR ENÉAS DE CARVALHO AGUIAR 255, CERQUEIRA CÉSAR, SÃO PAULO-SP",SP,CERQUEIRA CÉSAR,SÃO PAULO,05403-010,"2929 - CENTRAL EQUIPAMENTO MÉDICO - CIEQ 09 PAMB ",13/09/2019,"2.041,20",NF 6861,"0,00",18/01/2019,13/12/2019,,,,,81356119001,,COMODATO - CARDINAL,ATIVO,CARDINAL HEALTH,,,a11a331a-4e21-4a18-b48c-fa80468e0c70,,,,,,,,,,,,,,,,,,,,,,,CEIC,available,ECTV0105,KENDALL SCD 700,COMPRESSOR PARA TERAPIA VASCULAR
ECTV0106,V1903928SX,,COMPRESSOR PARA TERAPIA VASCULAR,KENDALL SCD 700,COVIDIEN,SEMI-CRÍTICO,MÉDIA,HOSPITAL DAS CLÍNICAS,INSTITUTO CENTRAL - ICHC,IC - CENTRAL DE EQUIPAMENTOS DO INSTITUTO CENTRAL - 6º EE," AVENIDA DOUTOR ENÉAS DE CARVALHO AGUIAR 255, CERQUEIRA CÉSAR, SÃO PAULO-SP",SP,CERQUEIRA CÉSAR,SÃO PAULO,05403-010,"2929 - CENTRAL EQUIPAMENTO MÉDICO - CIEQ 09 PAMB ",13/09/2019,"2.041,20",NF 6861,"0,00",18/01/2019,13/12/2019,,,,,81356119001,,COMODATO - CARDINAL,ATIVO,CARDINAL HEALTH,,,7fe46b3b-1937-48a9-ab3a-82b93c8d8326,,,,,,,,,,,,,,,,,,,,,,,CEIC,available,ECTV0106,KENDALL SCD 700,COMPRESSOR PARA TERAPIA VASCULAR
ECTV0108,V1903933SX,,COMPRESSOR PARA TERAPIA VASCULAR,KENDALL SCD 700,COVIDIEN,SEMI-CRÍTICO,MÉDIA,HOSPITAL DAS CLÍNICAS,INSTITUTO CENTRAL - ICHC,IC - CENTRAL DE EQUIPAMENTOS DO INSTITUTO CENTRAL - 6º EE," AVENIDA DOUTOR ENÉAS DE CARVALHO AGUIAR 255, CERQUEIRA CÉSAR, SÃO PAULO-SP",SP,CERQUEIRA CÉSAR,SÃO PAULO,05403-010,"2929 - CENTRAL EQUIPAMENTO MÉDICO - CIEQ 09 PAMB ",13/09/2019,"2.041,20",NF 6861,"0,00",18/01/2019,13/12/2019,,,,,81356119001,,COMODATO - CARDINAL,ATIVO,CARDINAL HEALTH,,,998fc56a-c0bd-45d0-bf37-1634760b70fd,,,,,,,,,,,,,,,,,,,,,,,CEIC,available,ECTV0108,KENDALL SCD 700,COMPRESSOR PARA TERAPIA VASCULAR
ECTV0109,V1903935SX,,COMPRESSOR PARA TERAPIA VASCULAR,KENDALL SCD 700,COVIDIEN,SEMI-CRÍTICO,MÉDIA,HOSPITAL DAS CLÍNICAS,INSTITUTO CENTRAL - ICHC,IC - CENTRAL DE EQUIPAMENTOS DO INSTITUTO CENTRAL - 6º EE," AVENIDA DOUTOR ENÉAS DE CARVALHO AGUIAR 255, CERQUEIRA CÉSAR, SÃO PAULO-SP",SP,CERQUEIRA CÉSAR,SÃO PAULO,05403-010,"2929 - CENTRAL EQUIPAMENTO MÉDICO - CIEQ 09 PAMB ",13/09/2019,"2.041,20",NF 6861,"0,00",18/01/2019,13/12/2019,,,,,81356119001,,COMODATO - CARDINAL,ATIVO,CARDINAL HEALTH,,,8d1a8c8a-bbca-4307-8d82-14a4ed000f5a,,,,,,,,,,,,,,,,,,,,,,,CEIC,available,ECTV0109,KENDALL SCD 700,COMPRESSOR PARA TERAPIA VASCULAR
ECTV0110,V1903938SX,,COMPRESSOR PARA TERAPIA VASCULAR,KENDALL SCD 700,COVIDIEN,SEMI-CRÍTICO,MÉDIA,HOSPITAL DAS CLÍNICAS,INSTITUTO CENTRAL - ICHC,IC - CENTRAL DE EQUIPAMENTOS DO INSTITUTO CENTRAL - 6º EE," AVENIDA DOUTOR ENÉAS DE CARVALHO AGUIAR 255, CERQUEIRA CÉSAR, SÃO PAULO-SP",SP,CERQUEIRA CÉSAR,SÃO PAULO,05403-010,"2929 - CENTRAL EQUIPAMENTO MÉDICO - CIEQ 09 PAMB ",13/09/2019,"2.041,20",NF 6861,"0,00",18/01/2019,13/12/2019,,,,,81356119001,,COMODATO - CARDINAL,ATIVO,CARDINAL HEALTH,,,6b04cbd8-21f0-4efd-a75a-fa3cf1e65c59,,,,,,,,,,,,,,,,,,,,,,,CEIC,available,ECTV0110,KENDALL SCD 700,COMPRESSOR PARA TERAPIA VASCULAR
ECTV0111,V1903939SX,,COMPRESSOR PARA TERAPIA VASCULAR,KENDALL SCD 700,COVIDIEN,SEMI-CRÍTICO,MÉDIA,HOSPITAL DAS CLÍNICAS,INSTITUTO CENTRAL - ICHC,IC - CENTRAL DE EQUIPAMENTOS DO INSTITUTO CENTRAL - 6º EE," AVENIDA DOUTOR ENÉAS DE CARVALHO AGUIAR 255, CERQUEIRA CÉSAR, SÃO PAULO-SP",SP,CERQUEIRA CÉSAR,SÃO PAULO,05403-010,"2929 - CENTRAL EQUIPAMENTO MÉDICO - CIEQ 09 PAMB ",13/09/2019,"2.041,20",NF 6861,"0,00",18/01/2019,13/12/2019,,,,,81356119001,,COMODATO - CARDINAL,ATIVO,CARDINAL HEALTH,,,32280efc-09b5-4984-97f0-795cb2d01faf,,,,,,,,,,,,,,,,,,,,,,,CEIC,available,ECTV0111,KENDALL SCD 700,COMPRESSOR PARA TERAPIA VASCULAR
ECTV0113,V1903943SX,,COMPRESSOR PARA TERAPIA VASCULAR,KENDALL SCD 700,COVIDIEN,SEMI-CRÍTICO,MÉDIA,HOSPITAL DAS CLÍNICAS,INSTITUTO CENTRAL - ICHC,IC - CENTRAL DE EQUIPAMENTOS DO INSTITUTO CENTRAL - 6º EE," AVENIDA DOUTOR ENÉAS DE CARVALHO AGUIAR 255, CERQUEIRA CÉSAR, SÃO PAULO-SP",SP,CERQUEIRA CÉSAR,SÃO PAULO,05403-010,"2929 - CENTRAL EQUIPAMENTO MÉDICO - CIEQ 09 PAMB ",13/09/2019,"2.041,20",NF 6861,"0,00",18/01/2019,13/12/2019,,,,,81356119001,,COMODATO - CARDINAL,ATIVO,CARDINAL HEALTH,,,c03c7b5a-ee81-41ea-90b8-3c229114aab2,,,,,,,,,,,,,,,,,,,,,,,CEIC,available,ECTV0113,KENDALL SCD 700,COMPRESSOR PARA TERAPIA VASCULAR
ECTV0114,V1903945SX,,COMPRESSOR PARA TERAPIA VASCULAR,KENDALL SCD 700,COVIDIEN,SEMI-CRÍTICO,MÉDIA,HOSPITAL DAS CLÍNICAS,INSTITUTO CENTRAL - ICHC,IC - CENTRAL DE EQUIPAMENTOS DO INSTITUTO CENTRAL - 6º EE," AVENIDA DOUTOR ENÉAS DE CARVALHO AGUIAR 255, CERQUEIRA CÉSAR, SÃO PAULO-SP",SP,CERQUEIRA CÉSAR,SÃO PAULO,05403-010,"2929 - CENTRAL EQUIPAMENTO MÉDICO - CIEQ 09 PAMB ",13/09/2019,"2.041,20",NF 6861,"0,00",18/01/2019,13/12/2019,,,,,81356119001,,COMODATO - CARDINAL,ATIVO,CARDINAL HEALTH,,,d078431d-bb77-4924-8891-2c2b9bbcf0f3,,,,,,,,,,,,,,,,,,,,,,,CEIC,available,ECTV0114,KENDALL SCD 700,COMPRESSOR PARA TERAPIA VASCULAR
ECTV0115,V1903946SX,,COMPRESSOR PARA TERAPIA VASCULAR,KENDALL SCD 700,COVIDIEN,SEMI-CRÍTICO,MÉDIA,HOSPITAL DAS CLÍNICAS,INSTITUTO CENTRAL - ICHC,IC - CENTRAL DE EQUIPAMENTOS DO INSTITUTO CENTRAL - 6º EE," AVENIDA DOUTOR ENÉAS DE CARVALHO AGUIAR 255, CERQUEIRA CÉSAR, SÃO PAULO-SP",SP,CERQUEIRA CÉSAR,SÃO PAULO,05403-010,"2929 - CENTRAL EQUIPAMENTO MÉDICO - CIEQ 09 PAMB ",13/09/2019,"2.041,20",NF 6861,"0,00",18/01/2019,13/12/2019,,,,,81356119001,,COMODATO - CARDINAL,ATIVO,CARDINAL HEALTH,,,04414dbc-bbbe-40b4-ad94-69ab9b0286cd,,,,,,,,,,,,,,,,,,,,,,,CEIC,available,ECTV0115,KENDALL SCD 700,COMPRESSOR PARA TERAPIA VASCULAR
ECTV0116,V1903947SX,,COMPRESSOR PARA TERAPIA VASCULAR,KENDALL SCD 700,COVIDIEN,SEMI-CRÍTICO,MÉDIA,HOSPITAL DAS CLÍNICAS,INSTITUTO CENTRAL - ICHC,IC - CENTRAL DE EQUIPAMENTOS DO INSTITUTO CENTRAL - 6º EE," AVENIDA DOUTOR ENÉAS DE CARVALHO AGUIAR 255, CERQUEIRA CÉSAR, SÃO PAULO-SP",SP,CERQUEIRA CÉSAR,SÃO PAULO,05403-010,"2929 - CENTRAL EQUIPAMENTO MÉDICO - CIEQ 09 PAMB ",13/09/2019,"2.041,20",NF 6861,"0,00",18/01/2019,13/12/2019,,,,,81356119001,,COMODATO - CARDINAL,ATIVO,CARDINAL HEALTH,,,72bca010-538e-4a8f-b743-4234984f91a5,,,,,,,,,,,,,,,,,,,,,,,CEIC,available,ECTV0116,KENDALL SCD 700,COMPRESSOR PARA TERAPIA VASCULAR
ECTV0117,V1903948SX,,COMPRESSOR PARA TERAPIA VASCULAR,KENDALL SCD 700,COVIDIEN,SEMI-CRÍTICO,MÉDIA,HOSPITAL DAS CLÍNICAS,INSTITUTO CENTRAL - ICHC,IC - CENTRAL DE EQUIPAMENTOS DO INSTITUTO CENTRAL - 6º EE," AVENIDA DOUTOR ENÉAS DE CARVALHO AGUIAR 255, CERQUEIRA CÉSAR, SÃO PAULO-SP",SP,CERQUEIRA CÉSAR,SÃO PAULO,05403-010,"2929 - CENTRAL EQUIPAMENTO MÉDICO - CIEQ 09 PAMB ",13/09/2019,"2.041,20",NF 6861,"0,00",18/01/2019,13/12/2019,,,,,81356119001,,COMODATO - CARDINAL,ATIVO,CARDINAL HEALTH,,,ae0aab5b-5ec7-4557-b04e-5d921dc28cbd,,,,,,,,,,,,,,,,,,,,,,,CEIC,available,ECTV0117,KENDALL SCD 700,COMPRESSOR PARA TERAPIA VASCULAR
ECTV0119,V1903950SX,,COMPRESSOR PARA TERAPIA VASCULAR,KENDALL SCD 700,COVIDIEN,SEMI-CRÍTICO,MÉDIA,HOSPITAL DAS CLÍNICAS,INSTITUTO CENTRAL - ICHC,IC - CENTRAL DE EQUIPAMENTOS DO INSTITUTO CENTRAL - 6º EE," AVENIDA DOUTOR ENÉAS DE CARVALHO AGUIAR 255, CERQUEIRA CÉSAR, SÃO PAULO-SP",SP,CERQUEIRA CÉSAR,SÃO PAULO,05403-010,"2929 - CENTRAL EQUIPAMENTO MÉDICO - CIEQ 09 PAMB ",13/09/2019,"2.041,20",NF 6861,"0,00",18/01/2019,13/12/2019,,,,,81356119001,,COMODATO - CARDINAL,ATIVO,CARDINAL HEALTH,,,d315946c-7e4a-4575-8769-92f56cd88096,,,,,,,,,,,,,,,,,,,,,,,CEIC,available,ECTV0119,KENDALL SCD 700,COMPRESSOR PARA TERAPIA VASCULAR
ECTV0120,V1903951SX,,COMPRESSOR PARA TERAPIA VASCULAR,KENDALL SCD 700,COVIDIEN,SEMI-CRÍTICO,MÉDIA,HOSPITAL DAS CLÍNICAS,INSTITUTO CENTRAL - ICHC,IC - CENTRAL DE EQUIPAMENTOS DO INSTITUTO CENTRAL - 6º EE," AVENIDA DOUTOR ENÉAS DE CARVALHO AGUIAR 255, CERQUEIRA CÉSAR, SÃO PAULO-SP",SP,CERQUEIRA CÉSAR,SÃO PAULO,05403-010,"2929 - CENTRAL EQUIPAMENTO MÉDICO - CIEQ 09 PAMB ",13/09/2019,"2.041,20",NF 6861,"0,00",18/01/2019,13/12/2019,,,,,81356119001,,COMODATO - CARDINAL,ATIVO,CARDINAL HEALTH,,,8aaf2d96-ae67-47c2-8f55-001404f53e98,,,,,,,,,,,,,,,,,,,,,,,CEIC,available,ECTV0120,KENDALL SCD 700,COMPRESSOR PARA TERAPIA VASCULAR
ECTV0121,V1903952SX,,COMPRESSOR PARA TERAPIA VASCULAR,KENDALL SCD 700,COVIDIEN,SEMI-CRÍTICO,MÉDIA,HOSPITAL DAS CLÍNICAS,INSTITUTO CENTRAL - ICHC,IC - CENTRAL DE EQUIPAMENTOS DO INSTITUTO CENTRAL - 6º EE," AVENIDA DOUTOR ENÉAS DE CARVALHO AGUIAR 255, CERQUEIRA CÉSAR, SÃO PAULO-SP",SP,CERQUEIRA CÉSAR,SÃO PAULO,05403-010,"2929 - CENTRAL EQUIPAMENTO MÉDICO - CIEQ 09 PAMB ",13/09/2019,"2.041,20",NF 6861,"0,00",18/01/2019,13/12/2019,,,,,81356119001,,COMODATO - CARDINAL,ATIVO,CARDINAL HEALTH,,,e9d2f0e2-2b8c-43ea-91f7-858547feec78,,,,,,,,,,,,,,,,,,,,,,,CEIC,available,ECTV0121,KENDALL SCD 700,COMPRESSOR PARA TERAPIA VASCULAR
ECTV0122,V1903953SX,,COMPRESSOR PARA TERAPIA VASCULAR,KENDALL SCD 700,COVIDIEN,SEMI-CRÍTICO,MÉDIA,HOSPITAL DAS CLÍNICAS,INSTITUTO CENTRAL - ICHC,IC - CENTRAL DE EQUIPAMENTOS DO INSTITUTO CENTRAL - 6º EE," AVENIDA DOUTOR ENÉAS DE CARVALHO AGUIAR 255, CERQUEIRA CÉSAR, SÃO PAULO-SP",SP,CERQUEIRA CÉSAR,SÃO PAULO,05403-010,"2929 - CENTRAL EQUIPAMENTO MÉDICO - CIEQ 09 PAMB ",13/09/2019,"2.041,20",NF 6861,"0,00",18/01/2019,13/12/2019,,,,,81356119001,,COMODATO - CARDINAL,ATIVO,CARDINAL HEALTH,,,f3403f84-01ed-4447-b7d5-84c8bf41706e,,,,,,,,,,,,,,,,,,,,,,,CEIC,available,ECTV0122,KENDALL SCD 700,COMPRESSOR PARA TERAPIA VASCULAR
ECTV0124,V1903970SX,,COMPRESSOR PARA TERAPIA VASCULAR,KENDALL SCD 700,COVIDIEN,SEMI-CRÍTICO,MÉDIA,HOSPITAL DAS CLÍNICAS,INSTITUTO CENTRAL - ICHC,IC - CENTRAL DE EQUIPAMENTOS DO INSTITUTO CENTRAL - 6º EE," AVENIDA DOUTOR ENÉAS DE CARVALHO AGUIAR 255, CERQUEIRA CÉSAR, SÃO PAULO-SP",SP,CERQUEIRA CÉSAR,SÃO PAULO,05403-010,"2929 - CENTRAL EQUIPAMENTO MÉDICO - CIEQ 09 PAMB ",13/09/2019,"2.041,20",NF 6861,"0,00",18/01/2019,13/12/2019,,,,,81356119001,,COMODATO - CARDINAL,ATIVO,CARDINAL HEALTH,,,c92d9a0d-8bc1-42c6-ab09-6029301929da,,,,,,,,,,,,,,,,,,,,,,,CEIC,available,ECTV0124,KENDALL SCD 700,COMPRESSOR PARA TERAPIA VASCULAR
ECTV0126,V1903978SX,,COMPRESSOR PARA TERAPIA VASCULAR,KENDALL SCD 700,COVIDIEN,SEMI-CRÍTICO,MÉDIA,HOSPITAL DAS CLÍNICAS,INSTITUTO CENTRAL - ICHC,IC - CENTRAL DE EQUIPAMENTOS DO INSTITUTO CENTRAL - 6º EE," AVENIDA DOUTOR ENÉAS DE CARVALHO AGUIAR 255, CERQUEIRA CÉSAR, SÃO PAULO-SP",SP,CERQUEIRA CÉSAR,SÃO PAULO,05403-010,"2929 - CENTRAL EQUIPAMENTO MÉDICO - CIEQ 09 PAMB ",13/09/2019,"2.041,20",NF 6861,"0,00",18/01/2019,13/12/2019,,,,,81356119001,,COMODATO - CARDINAL,ATIVO,CARDINAL HEALTH,,,78f25728-59b5-4d98-bc88-39683c346188,,,,,,,,,,,,,,,,,,,,,,,CEIC,available,ECTV0126,KENDALL SCD 700,COMPRESSOR PARA TERAPIA VASCULAR
ECTV0127,V1903980SX,,COMPRESSOR PARA TERAPIA VASCULAR,KENDALL SCD 700,COVIDIEN,SEMI-CRÍTICO,MÉDIA,HOSPITAL DAS CLÍNICAS,INSTITUTO CENTRAL - ICHC,IC - CENTRAL DE EQUIPAMENTOS DO INSTITUTO CENTRAL - 6º EE," AVENIDA DOUTOR ENÉAS DE CARVALHO AGUIAR 255, CERQUEIRA CÉSAR, SÃO PAULO-SP",SP,CERQUEIRA CÉSAR,SÃO PAULO,05403-010,"2929 - CENTRAL EQUIPAMENTO MÉDICO - CIEQ 09 PAMB ",13/09/2019,"2.041,20",NF 6861,"0,00",18/01/2019,13/12/2019,,,,,81356119001,,COMODATO - CARDINAL,ATIVO,CARDINAL HEALTH,,,cec8a31b-3980-4025-bad3-6e5a99f7d894,03DN,07,2026-04-10 00:35:52.159+00,true,,,,,false,12536,ela,2026-04-14 21:20:11.431+00,,,,,,,,,false,2026-04-10 00:36:05.465+00,03DS,in_use,ECTV0127,KENDALL SCD 700,COMPRESSOR PARA TERAPIA VASCULAR
ECTV0128,V1903981SX,,COMPRESSOR PARA TERAPIA VASCULAR,KENDALL SCD 700,COVIDIEN,SEMI-CRÍTICO,MÉDIA,HOSPITAL DAS CLÍNICAS,INSTITUTO CENTRAL - ICHC,IC - CENTRAL DE EQUIPAMENTOS DO INSTITUTO CENTRAL - 6º EE," AVENIDA DOUTOR ENÉAS DE CARVALHO AGUIAR 255, CERQUEIRA CÉSAR, SÃO PAULO-SP",SP,CERQUEIRA CÉSAR,SÃO PAULO,05403-010,"2929 - CENTRAL EQUIPAMENTO MÉDICO - CIEQ 09 PAMB ",13/09/2019,"2.041,20",NF 6861,"0,00",18/01/2019,13/12/2019,,,,,81356119001,,COMODATO - CARDINAL,ATIVO,CARDINAL HEALTH,,,5a6282dc-536d-440e-ae50-b8d7e098937c,,,,,,,,,,,,,,,,,,,,,,,CEIC,available,ECTV0128,KENDALL SCD 700,COMPRESSOR PARA TERAPIA VASCULAR
ECTV0131,V1903986SX,,COMPRESSOR PARA TERAPIA VASCULAR,KENDALL SCD 700,COVIDIEN,SEMI-CRÍTICO,MÉDIA,HOSPITAL DAS CLÍNICAS,INSTITUTO CENTRAL - ICHC,IC - CENTRAL DE EQUIPAMENTOS DO INSTITUTO CENTRAL - 6º EE," AVENIDA DOUTOR ENÉAS DE CARVALHO AGUIAR 255, CERQUEIRA CÉSAR, SÃO PAULO-SP",SP,CERQUEIRA CÉSAR,SÃO PAULO,05403-010,"2929 - CENTRAL EQUIPAMENTO MÉDICO - CIEQ 09 PAMB ",13/09/2019,"2.041,20",NF 6861,"0,00",18/01/2019,11/10/2019,,,,,81356119001,,COMODATO - CARDINAL,ATIVO,CARDINAL HEALTH,,,0bef61a2-228d-4e85-a85b-062c0490c68d,,,,,,,,,,,,,,,,,,,,,,,CEIC,available,ECTV0131,KENDALL SCD 700,COMPRESSOR PARA TERAPIA VASCULAR
ECTV0132,V1903988SX,,COMPRESSOR PARA TERAPIA VASCULAR,KENDALL SCD 700,COVIDIEN,SEMI-CRÍTICO,MÉDIA,HOSPITAL DAS CLÍNICAS,INSTITUTO CENTRAL - ICHC,IC - CENTRAL DE EQUIPAMENTOS DO INSTITUTO CENTRAL - 6º EE," AVENIDA DOUTOR ENÉAS DE CARVALHO AGUIAR 255, CERQUEIRA CÉSAR, SÃO PAULO-SP",SP,CERQUEIRA CÉSAR,SÃO PAULO,05403-010,"2929 - CENTRAL EQUIPAMENTO MÉDICO - CIEQ 09 PAMB ",13/09/2019,"2.041,20",NF 6861,"0,00",18/01/2019,11/10/2019,,,,,81356119001,,COMODATO - CARDINAL,ATIVO,CARDINAL HEALTH,,,938361ad-c86e-4efa-9e44-42a2602cbddb,,,,,,,,,,,,,,,,,,,,,,,CEIC,available,ECTV0132,KENDALL SCD 700,COMPRESSOR PARA TERAPIA VASCULAR
ECTV0133,V1903990SX,,COMPRESSOR PARA TERAPIA VASCULAR,KENDALL SCD 700,COVIDIEN,SEMI-CRÍTICO,MÉDIA,HOSPITAL DAS CLÍNICAS,INSTITUTO CENTRAL - ICHC,IC - CENTRAL DE EQUIPAMENTOS DO INSTITUTO CENTRAL - 6º EE," AVENIDA DOUTOR ENÉAS DE CARVALHO AGUIAR 255, CERQUEIRA CÉSAR, SÃO PAULO-SP",SP,CERQUEIRA CÉSAR,SÃO PAULO,05403-010,"2929 - CENTRAL EQUIPAMENTO MÉDICO - CIEQ 09 PAMB ",13/09/2019,"2.041,20",NF 6861,"0,00",18/01/2019,11/10/2019,,,,,81356119001,,COMODATO - CARDINAL,ATIVO,CARDINAL HEALTH,,,34a24c7d-9fa5-48cb-b86d-bc9820386580,,,,,,,,,,,,,,,,,,,,,,,CEIC,available,ECTV0133,KENDALL SCD 700,COMPRESSOR PARA TERAPIA VASCULAR
ECTV0134,V1903994SX,,COMPRESSOR PARA TERAPIA VASCULAR,KENDALL SCD 700,COVIDIEN,SEMI-CRÍTICO,MÉDIA,HOSPITAL DAS CLÍNICAS,INSTITUTO CENTRAL - ICHC,IC - CENTRAL DE EQUIPAMENTOS DO INSTITUTO CENTRAL - 6º EE," AVENIDA DOUTOR ENÉAS DE CARVALHO AGUIAR 255, CERQUEIRA CÉSAR, SÃO PAULO-SP",SP,CERQUEIRA CÉSAR,SÃO PAULO,05403-010,"2929 - CENTRAL EQUIPAMENTO MÉDICO - CIEQ 09 PAMB ",13/09/2019,"2.041,20",NF 6861,"0,00",18/01/2019,11/10/2019,,,,,81356119001,,COMODATO - CARDINAL,ATIVO,CARDINAL HEALTH,,,67057589-243d-4954-aa9c-90d322aa28d3,,,,,,,,,,,,,,,,,,,,,,,CEIC,available,ECTV0134,KENDALL SCD 700,COMPRESSOR PARA TERAPIA VASCULAR
ECTV0135,V1903996SX,,COMPRESSOR PARA TERAPIA VASCULAR,KENDALL SCD 700,COVIDIEN,SEMI-CRÍTICO,MÉDIA,HOSPITAL DAS CLÍNICAS,INSTITUTO CENTRAL - ICHC,IC - CENTRAL DE EQUIPAMENTOS DO INSTITUTO CENTRAL - 6º EE," AVENIDA DOUTOR ENÉAS DE CARVALHO AGUIAR 255, CERQUEIRA CÉSAR, SÃO PAULO-SP",SP,CERQUEIRA CÉSAR,SÃO PAULO,05403-010,"2929 - CENTRAL EQUIPAMENTO MÉDICO - CIEQ 09 PAMB ",13/09/2019,"2.041,20",NF 6861,"0,00",18/01/2019,11/10/2019,,,,,81356119001,,COMODATO - CARDINAL,ATIVO,CARDINAL HEALTH,,,54d9c777-6295-4880-b560-43e2c2ee257c,,,,,,,,,,,,,,,,,,,,,,,CEIC,available,ECTV0135,KENDALL SCD 700,COMPRESSOR PARA TERAPIA VASCULAR
ECTV0136,V1903997SX,,COMPRESSOR PARA TERAPIA VASCULAR,KENDALL SCD 700,COVIDIEN,SEMI-CRÍTICO,MÉDIA,HOSPITAL DAS CLÍNICAS,INSTITUTO CENTRAL - ICHC,IC - CENTRAL DE EQUIPAMENTOS DO INSTITUTO CENTRAL - 6º EE," AVENIDA DOUTOR ENÉAS DE CARVALHO AGUIAR 255, CERQUEIRA CÉSAR, SÃO PAULO-SP",SP,CERQUEIRA CÉSAR,SÃO PAULO,05403-010,"2929 - CENTRAL EQUIPAMENTO MÉDICO - CIEQ 09 PAMB ",13/09/2019,"2.041,20",NF 6861,"0,00",18/01/2019,11/10/2019,,,,,81356119001,,COMODATO - CARDINAL,ATIVO,CARDINAL HEALTH,,,7d919cd3-107e-45f8-a991-37cd3683e5d7,,,,,,,,,,,,,,,,,,,,,,,CEIC,available,ECTV0136,KENDALL SCD 700,COMPRESSOR PARA TERAPIA VASCULAR
ECTV0137,V1904014SX,,COMPRESSOR PARA TERAPIA VASCULAR,KENDALL SCD 700,COVIDIEN,SEMI-CRÍTICO,MÉDIA,HOSPITAL DAS CLÍNICAS,INSTITUTO CENTRAL - ICHC,IC - CENTRAL DE EQUIPAMENTOS DO INSTITUTO CENTRAL - 6º EE," AVENIDA DOUTOR ENÉAS DE CARVALHO AGUIAR 255, CERQUEIRA CÉSAR, SÃO PAULO-SP",SP,CERQUEIRA CÉSAR,SÃO PAULO,05403-010,"2929 - CENTRAL EQUIPAMENTO MÉDICO - CIEQ 09 PAMB ",13/09/2019,"2.041,20",NF 6861,"0,00",18/01/2019,11/10/2019,,,,,81356119001,,COMODATO - CARDINAL,ATIVO,CARDINAL HEALTH,,,7c1f51cf-366f-479e-9de1-6d180180a56b,,,,,,,,,,,,,,,,,,,,,,,CEIC,available,ECTV0137,KENDALL SCD 700,COMPRESSOR PARA TERAPIA VASCULAR
ECTV0138,V1904015SX,,COMPRESSOR PARA TERAPIA VASCULAR,KENDALL SCD 700,COVIDIEN,SEMI-CRÍTICO,MÉDIA,HOSPITAL DAS CLÍNICAS,INSTITUTO CENTRAL - ICHC,IC - CENTRAL DE EQUIPAMENTOS DO INSTITUTO CENTRAL - 6º EE," AVENIDA DOUTOR ENÉAS DE CARVALHO AGUIAR 255, CERQUEIRA CÉSAR, SÃO PAULO-SP",SP,CERQUEIRA CÉSAR,SÃO PAULO,05403-010,"2929 - CENTRAL EQUIPAMENTO MÉDICO - CIEQ 09 PAMB ",13/09/2019,"2.041,20",NF 6861,"0,00",18/01/2019,11/10/2019,,,,,81356119001,,COMODATO - CARDINAL,ATIVO,CARDINAL HEALTH,,,b62e2e05-683e-4906-9983-f614761407b5,,,,,,,,,,,,,,,,,,,,,,,CEIC,available,ECTV0138,KENDALL SCD 700,COMPRESSOR PARA TERAPIA VASCULAR
ECTV0139,V1904016SX,,COMPRESSOR PARA TERAPIA VASCULAR,KENDALL SCD 700,COVIDIEN,SEMI-CRÍTICO,MÉDIA,HOSPITAL DAS CLÍNICAS,INSTITUTO CENTRAL - ICHC,IC - CENTRAL DE EQUIPAMENTOS DO INSTITUTO CENTRAL - 6º EE," AVENIDA DOUTOR ENÉAS DE CARVALHO AGUIAR 255, CERQUEIRA CÉSAR, SÃO PAULO-SP",SP,CERQUEIRA CÉSAR,SÃO PAULO,05403-010,"2929 - CENTRAL EQUIPAMENTO MÉDICO - CIEQ 09 PAMB ",13/09/2019,"2.041,20",NF 6861,"0,00",18/01/2019,11/10/2019,,,,,81356119001,,COMODATO - CARDINAL,ATIVO,CARDINAL HEALTH,,,a91b8223-e9f7-44ae-960f-af5370215b09,,,,,,,,,,,,,,,,,,,,,,,CEIC,available,ECTV0139,KENDALL SCD 700,COMPRESSOR PARA TERAPIA VASCULAR
ECTV0140,V1904020SX,,COMPRESSOR PARA TERAPIA VASCULAR,KENDALL SCD 700,COVIDIEN,SEMI-CRÍTICO,MÉDIA,HOSPITAL DAS CLÍNICAS,INSTITUTO CENTRAL - ICHC,IC - CENTRAL DE EQUIPAMENTOS DO INSTITUTO CENTRAL - 6º EE," AVENIDA DOUTOR ENÉAS DE CARVALHO AGUIAR 255, CERQUEIRA CÉSAR, SÃO PAULO-SP",SP,CERQUEIRA CÉSAR,SÃO PAULO,05403-010,"2929 - CENTRAL EQUIPAMENTO MÉDICO - CIEQ 09 PAMB ",13/09/2019,"2.041,20",NF 6861,"0,00",18/01/2019,11/10/2019,,,,,81356119001,,COMODATO - CARDINAL,ATIVO,CARDINAL HEALTH,,,293d4463-6c60-4f64-aa0e-55aa74d853a2,,,,,,,,,,,,,,,,,,,,,,,CEIC,available,ECTV0140,KENDALL SCD 700,COMPRESSOR PARA TERAPIA VASCULAR
ECTV0141,V1904026SX,,COMPRESSOR PARA TERAPIA VASCULAR,KENDALL SCD 700,COVIDIEN,SEMI-CRÍTICO,MÉDIA,HOSPITAL DAS CLÍNICAS,INSTITUTO CENTRAL - ICHC,IC - CENTRAL DE EQUIPAMENTOS DO INSTITUTO CENTRAL - 6º EE," AVENIDA DOUTOR ENÉAS DE CARVALHO AGUIAR 255, CERQUEIRA CÉSAR, SÃO PAULO-SP",SP,CERQUEIRA CÉSAR,SÃO PAULO,05403-010,"2929 - CENTRAL EQUIPAMENTO MÉDICO - CIEQ 09 PAMB ",13/09/2019,"2.041,20",NF 6861,"0,00",18/01/2019,11/10/2019,,,,,81356119001,,COMODATO - CARDINAL,ATIVO,CARDINAL HEALTH,,,700ffcd2-19e6-4989-9a53-ba5daab2359a,,,,,,,,,,,,,,,,,,,,,,,CEIC,available,ECTV0141,KENDALL SCD 700,COMPRESSOR PARA TERAPIA VASCULAR
ECTV0142,V1904027SX,,COMPRESSOR PARA TERAPIA VASCULAR,KENDALL SCD 700,COVIDIEN,SEMI-CRÍTICO,MÉDIA,HOSPITAL DAS CLÍNICAS,INSTITUTO CENTRAL - ICHC,IC - CENTRAL DE EQUIPAMENTOS DO INSTITUTO CENTRAL - 6º EE," AVENIDA DOUTOR ENÉAS DE CARVALHO AGUIAR 255, CERQUEIRA CÉSAR, SÃO PAULO-SP",SP,CERQUEIRA CÉSAR,SÃO PAULO,05403-010,"2929 - CENTRAL EQUIPAMENTO MÉDICO - CIEQ 09 PAMB ",13/09/2019,"2.041,20",NF 6861,"0,00",18/01/2019,11/10/2019,,,,,81356119001,,COMODATO - CARDINAL,ATIVO,CARDINAL HEALTH,,,fc480deb-7164-42f2-b854-dfdcf0633f77,,,,,,,,,,,,,,,,,,,,,,,CEIC,available,ECTV0142,KENDALL SCD 700,COMPRESSOR PARA TERAPIA VASCULAR
ECTV0143,V1904031SX,,COMPRESSOR PARA TERAPIA VASCULAR,KENDALL SCD 700,COVIDIEN,SEMI-CRÍTICO,MÉDIA,HOSPITAL DAS CLÍNICAS,INSTITUTO CENTRAL - ICHC,IC - CENTRAL DE EQUIPAMENTOS DO INSTITUTO CENTRAL - 6º EE," AVENIDA DOUTOR ENÉAS DE CARVALHO AGUIAR 255, CERQUEIRA CÉSAR, SÃO PAULO-SP",SP,CERQUEIRA CÉSAR,SÃO PAULO,05403-010,"2929 - CENTRAL EQUIPAMENTO MÉDICO - CIEQ 09 PAMB ",13/09/2019,"2.041,20",NF 6861,"0,00",18/01/2019,11/10/2019,,,,,81356119001,,COMODATO - CARDINAL,ATIVO,CARDINAL HEALTH,,,027b3ef9-d351-402e-9aa8-30739d42e20a,,,,,,,,,,,,,,,,,,,,,,,CEIC,available,ECTV0143,KENDALL SCD 700,COMPRESSOR PARA TERAPIA VASCULAR
ECTV0145,V1904034SX,,COMPRESSOR PARA TERAPIA VASCULAR,KENDALL SCD 700,COVIDIEN,SEMI-CRÍTICO,MÉDIA,HOSPITAL DAS CLÍNICAS,INSTITUTO CENTRAL - ICHC,IC - CENTRAL DE EQUIPAMENTOS DO INSTITUTO CENTRAL - 6º EE," AVENIDA DOUTOR ENÉAS DE CARVALHO AGUIAR 255, CERQUEIRA CÉSAR, SÃO PAULO-SP",SP,CERQUEIRA CÉSAR,SÃO PAULO,05403-010,"2929 - CENTRAL EQUIPAMENTO MÉDICO - CIEQ 09 PAMB ",13/09/2019,"2.041,20",NF 6861,"0,00",18/01/2019,11/10/2019,,,,,81356119001,,COMODATO - CARDINAL,ATIVO,CARDINAL HEALTH,,,3515103a-cc2f-4c3f-9d6f-05b94e5e0044,,,,,,,,,,,,,,,,,,,,,,,CEIC,available,ECTV0145,KENDALL SCD 700,COMPRESSOR PARA TERAPIA VASCULAR
ECTV0146,V1904035SX,,COMPRESSOR PARA TERAPIA VASCULAR,KENDALL SCD 700,COVIDIEN,SEMI-CRÍTICO,MÉDIA,HOSPITAL DAS CLÍNICAS,INSTITUTO CENTRAL - ICHC,IC - CENTRAL DE EQUIPAMENTOS DO INSTITUTO CENTRAL - 6º EE," AVENIDA DOUTOR ENÉAS DE CARVALHO AGUIAR 255, CERQUEIRA CÉSAR, SÃO PAULO-SP",SP,CERQUEIRA CÉSAR,SÃO PAULO,05403-010,"2929 - CENTRAL EQUIPAMENTO MÉDICO - CIEQ 09 PAMB ",13/09/2019,"2.041,20",NF 6861,"0,00",18/01/2019,11/10/2019,,,,,81356119001,,COMODATO - CARDINAL,ATIVO,CARDINAL HEALTH,,,67e8cc69-3e16-410a-bc9e-88ee225e3d51,,5,,,,,,,,458512,Maria Betânea,2026-04-28 19:55:33.873+00,,,,,,,,,false,,ENF. RETAG EMERG CLINICA,in_use,ECTV0146,KENDALL SCD 700,COMPRESSOR PARA TERAPIA VASCULAR
ECTV0147,V1904042SX,,COMPRESSOR PARA TERAPIA VASCULAR,KENDALL SCD 700,COVIDIEN,SEMI-CRÍTICO,MÉDIA,HOSPITAL DAS CLÍNICAS,INSTITUTO CENTRAL - ICHC,IC - CENTRAL DE EQUIPAMENTOS DO INSTITUTO CENTRAL - 6º EE," AVENIDA DOUTOR ENÉAS DE CARVALHO AGUIAR 255, CERQUEIRA CÉSAR, SÃO PAULO-SP",SP,CERQUEIRA CÉSAR,SÃO PAULO,05403-010,"2929 - CENTRAL EQUIPAMENTO MÉDICO - CIEQ 09 PAMB ",13/09/2019,"2.041,20",NF 6861,"0,00",18/01/2019,11/10/2019,,,,,81356119001,,COMODATO - CARDINAL,ATIVO,CARDINAL HEALTH,,,acb35c02-46fa-481a-8536-0880c1023a5d,,,,,,,,,,,,,,,,,,,,,,,CEIC,available,ECTV0147,KENDALL SCD 700,COMPRESSOR PARA TERAPIA VASCULAR
ECTV0148,V1904043SX,,COMPRESSOR PARA TERAPIA VASCULAR,KENDALL SCD 700,COVIDIEN,SEMI-CRÍTICO,MÉDIA,HOSPITAL DAS CLÍNICAS,INSTITUTO CENTRAL - ICHC,IC - CENTRAL DE EQUIPAMENTOS DO INSTITUTO CENTRAL - 6º EE," AVENIDA DOUTOR ENÉAS DE CARVALHO AGUIAR 255, CERQUEIRA CÉSAR, SÃO PAULO-SP",SP,CERQUEIRA CÉSAR,SÃO PAULO,05403-010,"2929 - CENTRAL EQUIPAMENTO MÉDICO - CIEQ 09 PAMB ",13/09/2019,"2.041,20",NF 6861,"0,00",18/01/2019,11/10/2019,,,,,81356119001,,COMODATO - CARDINAL,ATIVO,CARDINAL HEALTH,,,d557f46f-9873-4b48-b444-5cf670b839a7,,,,,,,,,,,,,,,,,,,,,,,CEIC,available,ECTV0148,KENDALL SCD 700,COMPRESSOR PARA TERAPIA VASCULAR
ECTV0155,V1606336SX,,COMPRESSOR PARA TERAPIA VASCULAR,SCD 700,COVIDIEN,SEMI-CRÍTICO,MÉDIA,HOSPITAL DAS CLÍNICAS,INSTITUTO CENTRAL - ICHC,IC - CENTRAL DE EQUIPAMENTOS DO INSTITUTO CENTRAL - 6º EE," AVENIDA DOUTOR ENÉAS DE CARVALHO AGUIAR 255, CERQUEIRA CÉSAR, SÃO PAULO-SP",SP,CERQUEIRA CÉSAR,SÃO PAULO,05403-010,"2929 - CENTRAL EQUIPAMENTO MÉDICO - CIEQ 09 PAMB ",,"2.041,20",,"2.041,20",,08/03/2022,,,,,81356112338,,COMODATO - CARDINAL,ATIVO,,,,2927c396-df67-4068-bb95-38df9fa937ff,,,,,,,,,,,,,,,,,,,,,,,CEIC,available,ECTV0155,SCD 700,COMPRESSOR PARA TERAPIA VASCULAR
ECTV0163,V2105730SX,,COMPRESSOR PARA TERAPIA VASCULAR,KENDALL SCD 700,COVIDIEN,SEMI-CRÍTICO,,HOSPITAL DAS CLÍNICAS,INSTITUTO CENTRAL - ICHC,IC - CENTRAL DE EQUIPAMENTOS DO INSTITUTO CENTRAL - 6º EE," AVENIDA DOUTOR ENÉAS DE CARVALHO AGUIAR 255, CERQUEIRA CÉSAR, SÃO PAULO-SP",SP,CERQUEIRA CÉSAR,SÃO PAULO,05403-010,"2929 - CENTRAL EQUIPAMENTO MÉDICO - CIEQ 09 PAMB ",,"2.041,20",,"0,00",,10/02/2023,,,,,81356119001,,COMODATO - CARDINAL,ATIVO,CARDINAL HEALTH,,,5ae0aa3e-1f0c-4fa1-b9b1-bbafb3f7580b,,,,,,,,,,,,,,,,,,,,,,,CEIC,available,ECTV0163,KENDALL SCD 700,COMPRESSOR PARA TERAPIA VASCULAR
ECTV0164,V2105734SX,,COMPRESSOR PARA TERAPIA VASCULAR,KENDALL SCD 700,COVIDIEN,SEMI-CRÍTICO,,HOSPITAL DAS CLÍNICAS,INSTITUTO CENTRAL - ICHC,IC - CENTRAL DE EQUIPAMENTOS DO INSTITUTO CENTRAL - 6º EE," AVENIDA DOUTOR ENÉAS DE CARVALHO AGUIAR 255, CERQUEIRA CÉSAR, SÃO PAULO-SP",SP,CERQUEIRA CÉSAR,SÃO PAULO,05403-010,"2929 - CENTRAL EQUIPAMENTO MÉDICO - CIEQ 09 PAMB ",,"2.041,20",,"0,00",,10/02/2023,,,,,81356119001,,COMODATO - CARDINAL,ATIVO,CARDINAL HEALTH,EQUIPAMENTO ENTREGUE A CIEQ COMO O SISTEMA DE TRAVA DE SEGURANÇA PARA AVALIAÇÃO CIEQ /SCIH,,6153f8ef-8cd1-4e76-bf00-2ce2afd9cf9d,,,,,,,,,,,,,,,,,,,,,,,CEIC,available,ECTV0164,KENDALL SCD 700,COMPRESSOR PARA TERAPIA VASCULAR
ECTV0165,V2105715SX,,COMPRESSOR PARA TERAPIA VASCULAR,KENDALL SCD 700,COVIDIEN,SEMI-CRÍTICO,,HOSPITAL DAS CLÍNICAS,INSTITUTO CENTRAL - ICHC,IC - CENTRAL DE EQUIPAMENTOS DO INSTITUTO CENTRAL - 6º EE," AVENIDA DOUTOR ENÉAS DE CARVALHO AGUIAR 255, CERQUEIRA CÉSAR, SÃO PAULO-SP",SP,CERQUEIRA CÉSAR,SÃO PAULO,05403-010,"2929 - CENTRAL EQUIPAMENTO MÉDICO - CIEQ 09 PAMB ",,"2.041,20",,"0,00",,10/02/2023,,,,,81356119001,,COMODATO - CARDINAL,ATIVO,CARDINAL HEALTH,,,a75f9f92-20e7-4675-b5b7-a7261e3af355,,,,,,,,,,,,,,,,,,,,,,,CEIC,available,ECTV0165,KENDALL SCD 700,COMPRESSOR PARA TERAPIA VASCULAR
ECTV0166,V2105716SX,,COMPRESSOR PARA TERAPIA VASCULAR,KENDALL SCD 700,COVIDIEN,SEMI-CRÍTICO,,HOSPITAL DAS CLÍNICAS,INSTITUTO CENTRAL - ICHC,IC - CENTRAL DE EQUIPAMENTOS DO INSTITUTO CENTRAL - 6º EE," AVENIDA DOUTOR ENÉAS DE CARVALHO AGUIAR 255, CERQUEIRA CÉSAR, SÃO PAULO-SP",SP,CERQUEIRA CÉSAR,SÃO PAULO,05403-010,"2929 - CENTRAL EQUIPAMENTO MÉDICO - CIEQ 09 PAMB ",,"2.041,20",,"0,00",,10/02/2023,,,,,81356119001,,COMODATO - CARDINAL,ATIVO,CARDINAL HEALTH,,,ff0458cd-ce86-45cc-90fb-080e7fb30e3c,,,,,,,,,,,,,,,,,,,,,,,CEIC,available,ECTV0166,KENDALL SCD 700,COMPRESSOR PARA TERAPIA VASCULAR
ECTV0168,V1610160SX,,COMPRESSOR PARA TERAPIA VASCULAR,KENDALL SCD 700,COVIDIEN,SEMI-CRÍTICO,,HOSPITAL DAS CLÍNICAS,INSTITUTO CENTRAL - ICHC,IC - CENTRAL DE EQUIPAMENTOS DO INSTITUTO CENTRAL - 6º EE," AVENIDA DOUTOR ENÉAS DE CARVALHO AGUIAR 255, CERQUEIRA CÉSAR, SÃO PAULO-SP",SP,CERQUEIRA CÉSAR,SÃO PAULO,05403-010,"2929 - CENTRAL EQUIPAMENTO MÉDICO - CIEQ 09 PAMB ",23/02/2026,"2.041,20",,"2.041,20",14/04/2016,23/02/2026,,23/02/2026,,,81356119001,,COMODATO - CARDINAL,ATIVO,,,,6ed50094-7b36-45bc-bc42-3025e17e2ddc,,,,,,,,,,mv45263,ela,2026-04-14 21:20:20.247+00,,,,,,,,,false,,Centro Cirúrgico,in_use,ECTV0168,KENDALL SCD 700,COMPRESSOR PARA TERAPIA VASCULAR
ECUF0017,,,CUFÔMETRO,SEM MODELO,VBM,SEMI-CRÍTICO,MÉDIA,HOSPITAL DAS CLÍNICAS,INSTITUTO CENTRAL - ICHC,IC - CENTRAL DE EQUIPAMENTOS DO INSTITUTO CENTRAL - 6º EE," AVENIDA DOUTOR ENÉAS DE CARVALHO AGUIAR 255, CERQUEIRA CÉSAR, SÃO PAULO-SP",SP,CERQUEIRA CÉSAR,SÃO PAULO,05403-010,"2929 - CENTRAL EQUIPAMENTO MÉDICO - CIEQ 09 PAMB ",,"677,00",,"677,00",,11/04/2016,,,,,,,PRÓPRIO,ATIVO,,ADQUIRIDO ATRAVÉS DA FFM  PELA CIEQ,,bbc73e94-7185-4392-ab66-9c528d7a50a5,,,,,,,,,,,,,,,,,,,,,,,CEIC,available,ECUF0017,SEM MODELO,CUFÔMETRO
ECUF0041,2088133,FFM67471,CUFÔMETRO,SEM MODELO,CELMAT,SEMI-CRÍTICO,MÉDIA,HOSPITAL DAS CLÍNICAS,INSTITUTO CENTRAL - ICHC,IC - CENTRAL DE EQUIPAMENTOS DO INSTITUTO CENTRAL - 6º EE," AVENIDA DOUTOR ENÉAS DE CARVALHO AGUIAR 255, CERQUEIRA CÉSAR, SÃO PAULO-SP",SP,CERQUEIRA CÉSAR,SÃO PAULO,05403-010,"2929 - CENTRAL EQUIPAMENTO MÉDICO - CIEQ 09 PAMB ",06/04/2021,"677,00",28.611,"677,00",,08/04/2021,,08/04/2022,,,,,PRÓPRIO,ATIVO,CELMAT - CELSO LOPES MARTINS EIRELI,,,f36071e4-a57a-46a2-9226-9fb2bd16bafd,,,,,,,,,,,,,,,,,,,,,,,CEIC,available,ECUF0041,SEM MODELO,CUFÔMETRO
ECUF0042,2088140,FFM67472,CUFÔMETRO,SEM MODELO,CELMAT,SEMI-CRÍTICO,MÉDIA,HOSPITAL DAS CLÍNICAS,INSTITUTO CENTRAL - ICHC,IC - CENTRAL DE EQUIPAMENTOS DO INSTITUTO CENTRAL - 6º EE," AVENIDA DOUTOR ENÉAS DE CARVALHO AGUIAR 255, CERQUEIRA CÉSAR, SÃO PAULO-SP",SP,CERQUEIRA CÉSAR,SÃO PAULO,05403-010,"2929 - CENTRAL EQUIPAMENTO MÉDICO - CIEQ 09 PAMB ",06/04/2021,"677,00",28.611,"677,00",,08/04/2021,,08/04/2022,,,,,PRÓPRIO,ATIVO,CELMAT - CELSO LOPES MARTINS EIRELI,,,f2632c4e-887c-4a24-9ed9-c5f5332b242f,,,,,,,,,,,,,,,,,,,,,,,CEIC,available,ECUF0042,SEM MODELO,CUFÔMETRO
ECUF0043,2088142,FFM67473,CUFÔMETRO,SEM MODELO,CELMAT,SEMI-CRÍTICO,MÉDIA,HOSPITAL DAS CLÍNICAS,INSTITUTO CENTRAL - ICHC,IC - CENTRAL DE EQUIPAMENTOS DO INSTITUTO CENTRAL - 6º EE," AVENIDA DOUTOR ENÉAS DE CARVALHO AGUIAR 255, CERQUEIRA CÉSAR, SÃO PAULO-SP",SP,CERQUEIRA CÉSAR,SÃO PAULO,05403-010,"2929 - CENTRAL EQUIPAMENTO MÉDICO - CIEQ 09 PAMB ",06/04/2021,"677,00",28.611,"677,00",,08/04/2021,,08/04/2022,,,,,PRÓPRIO,ATIVO,CELMAT - CELSO LOPES MARTINS EIRELI,,,dd66b711-391d-43bc-808e-091d0f64a73f,,,,,,,,,,,,,,,,,,,,,,,CEIC,available,ECUF0043,SEM MODELO,CUFÔMETRO
ECUF0044,2088137,FMM67474,CUFÔMETRO,SEM MODELO,CELMAT,SEMI-CRÍTICO,MÉDIA,HOSPITAL DAS CLÍNICAS,INSTITUTO CENTRAL - ICHC,IC - CENTRAL DE EQUIPAMENTOS DO INSTITUTO CENTRAL - 6º EE," AVENIDA DOUTOR ENÉAS DE CARVALHO AGUIAR 255, CERQUEIRA CÉSAR, SÃO PAULO-SP",SP,CERQUEIRA CÉSAR,SÃO PAULO,05403-010,"2929 - CENTRAL EQUIPAMENTO MÉDICO - CIEQ 09 PAMB ",06/04/2021,"677,00",28.611,"677,00",,08/04/2021,,08/04/2022,,,,,PRÓPRIO,ATIVO,CELMAT - CELSO LOPES MARTINS EIRELI,,,f95f6454-8862-434e-aef1-c880d1502553,,,,,,,,,,,,,,,,,,,,,,,CEIC,available,ECUF0044,SEM MODELO,CUFÔMETRO
ECUF0046,2088136,FMM67476,CUFÔMETRO,SEM MODELO,CELMAT,SEMI-CRÍTICO,MÉDIA,HOSPITAL DAS CLÍNICAS,INSTITUTO CENTRAL - ICHC,IC - CENTRAL DE EQUIPAMENTOS DO INSTITUTO CENTRAL - 6º EE," AVENIDA DOUTOR ENÉAS DE CARVALHO AGUIAR 255, CERQUEIRA CÉSAR, SÃO PAULO-SP",SP,CERQUEIRA CÉSAR,SÃO PAULO,05403-010,"2929 - CENTRAL EQUIPAMENTO MÉDICO - CIEQ 09 PAMB ",06/04/2021,"677,00",28.611,"677,00",,08/04/2021,,08/04/2022,,,,,PRÓPRIO,ATIVO,CELMAT - CELSO LOPES MARTINS EIRELI,,,cdcf550e-2a89-4c12-a150-a29b714e1742,,,,,,,,,,,,,,,,,,,,,,,CEIC,available,ECUF0046,SEM MODELO,CUFÔMETRO
ECUF0048,2088143,FMM67478,CUFÔMETRO,SEM MODELO,CELMAT,SEMI-CRÍTICO,MÉDIA,HOSPITAL DAS CLÍNICAS,INSTITUTO CENTRAL - ICHC,IC - CENTRAL DE EQUIPAMENTOS DO INSTITUTO CENTRAL - 6º EE," AVENIDA DOUTOR ENÉAS DE CARVALHO AGUIAR 255, CERQUEIRA CÉSAR, SÃO PAULO-SP",SP,CERQUEIRA CÉSAR,SÃO PAULO,05403-010,"2929 - CENTRAL EQUIPAMENTO MÉDICO - CIEQ 09 PAMB ",06/04/2021,"677,00",28.611,"677,00",,08/04/2021,,08/04/2022,,,,,PRÓPRIO,ATIVO,CELMAT - CELSO LOPES MARTINS EIRELI,,,7218f13d-4328-4974-833d-385ef8f4afca,,,,,,,,,,,,,,,,,,,,,,,CEIC,available,ECUF0048,SEM MODELO,CUFÔMETRO
ECUF0049,2088130,FMM67479,CUFÔMETRO,SEM MODELO,CELMAT,SEMI-CRÍTICO,MÉDIA,HOSPITAL DAS CLÍNICAS,INSTITUTO CENTRAL - ICHC,IC - CENTRAL DE EQUIPAMENTOS DO INSTITUTO CENTRAL - 6º EE," AVENIDA DOUTOR ENÉAS DE CARVALHO AGUIAR 255, CERQUEIRA CÉSAR, SÃO PAULO-SP",SP,CERQUEIRA CÉSAR,SÃO PAULO,05403-010,"2929 - CENTRAL EQUIPAMENTO MÉDICO - CIEQ 09 PAMB ",06/04/2021,"677,00",28.611,"677,00",,08/04/2021,,08/04/2022,,,,,PRÓPRIO,ATIVO,CELMAT - CELSO LOPES MARTINS EIRELI,,,668ce65d-b70a-4d55-96e7-6df52a2731e2,03DN,,2026-03-29 20:53:04.869+00,true,,,,,false,,,,,,,,,,,,true,2026-03-29 20:55:54.907+00,CEIC,available,ECUF0049,SEM MODELO,CUFÔMETRO
ECUF0050,2088128,FMM67480,CUFÔMETRO,SEM MODELO,CELMAT,SEMI-CRÍTICO,MÉDIA,HOSPITAL DAS CLÍNICAS,INSTITUTO CENTRAL - ICHC,IC - CENTRAL DE EQUIPAMENTOS DO INSTITUTO CENTRAL - 6º EE," AVENIDA DOUTOR ENÉAS DE CARVALHO AGUIAR 255, CERQUEIRA CÉSAR, SÃO PAULO-SP",SP,CERQUEIRA CÉSAR,SÃO PAULO,05403-010,"2929 - CENTRAL EQUIPAMENTO MÉDICO - CIEQ 09 PAMB ",06/04/2021,"677,00",28.611,"677,00",,08/04/2021,,08/04/2022,,,,,PRÓPRIO,ATIVO,CELMAT - CELSO LOPES MARTINS EIRELI,,,2941d7be-edd2-4471-8bb3-2d9a419a2f83,,,,,,,,,,,,,,,,,,,,,,,CEIC,available,ECUF0050,SEM MODELO,CUFÔMETRO
ECUF0051,2088118,FMM67481,CUFÔMETRO,SEM MODELO,CELMAT,SEMI-CRÍTICO,MÉDIA,HOSPITAL DAS CLÍNICAS,INSTITUTO CENTRAL - ICHC,IC - CENTRAL DE EQUIPAMENTOS DO INSTITUTO CENTRAL - 6º EE," AVENIDA DOUTOR ENÉAS DE CARVALHO AGUIAR 255, CERQUEIRA CÉSAR, SÃO PAULO-SP",SP,CERQUEIRA CÉSAR,SÃO PAULO,05403-010,"2929 - CENTRAL EQUIPAMENTO MÉDICO - CIEQ 09 PAMB ",06/04/2021,"677,00",28.611,"677,00",,08/04/2021,,08/04/2022,,,,,PRÓPRIO,ATIVO,CELMAT - CELSO LOPES MARTINS EIRELI,,,c3210332-e332-40f3-a57d-486982a01c2d,,,,,,,,,,,,,,,,,,,,,,,CEIC,available,ECUF0051,SEM MODELO,CUFÔMETRO
ECUF0052,2088064,FMM67482,CUFÔMETRO,SEM MODELO,CELMAT,SEMI-CRÍTICO,MÉDIA,HOSPITAL DAS CLÍNICAS,INSTITUTO CENTRAL - ICHC,IC - CENTRAL DE EQUIPAMENTOS DO INSTITUTO CENTRAL - 6º EE," AVENIDA DOUTOR ENÉAS DE CARVALHO AGUIAR 255, CERQUEIRA CÉSAR, SÃO PAULO-SP",SP,CERQUEIRA CÉSAR,SÃO PAULO,05403-010,"2929 - CENTRAL EQUIPAMENTO MÉDICO - CIEQ 09 PAMB ",06/04/2021,"677,00",28.611,"677,00",,08/04/2021,,08/04/2022,,,,,PRÓPRIO,ATIVO,CELMAT - CELSO LOPES MARTINS EIRELI,,,1953abe6-6f02-46e0-919c-cc30f2fee84b,,,,,,,,,,,,,,,,,,,,,,,CEIC,available,ECUF0052,SEM MODELO,CUFÔMETRO
ECUF0053,2088138,FMM67483,CUFÔMETRO,SEM MODELO,CELMAT,SEMI-CRÍTICO,MÉDIA,HOSPITAL DAS CLÍNICAS,INSTITUTO CENTRAL - ICHC,IC - CENTRAL DE EQUIPAMENTOS DO INSTITUTO CENTRAL - 6º EE," AVENIDA DOUTOR ENÉAS DE CARVALHO AGUIAR 255, CERQUEIRA CÉSAR, SÃO PAULO-SP",SP,CERQUEIRA CÉSAR,SÃO PAULO,05403-010,"2929 - CENTRAL EQUIPAMENTO MÉDICO - CIEQ 09 PAMB ",06/04/2021,"677,00",28.611,"677,00",,08/04/2021,,08/04/2022,,,,,PRÓPRIO,ATIVO,CELMAT - CELSO LOPES MARTINS EIRELI,,,20cd3c64-1a7d-4d00-ae60-4146539f8b05,,,,,,,,,,,,,,,,,,,,,,,CEIC,available,ECUF0053,SEM MODELO,CUFÔMETRO
ECUF0054,2088129,FMM67484,CUFÔMETRO,SEM MODELO,CELMAT,SEMI-CRÍTICO,MÉDIA,HOSPITAL DAS CLÍNICAS,INSTITUTO CENTRAL - ICHC,IC - CENTRAL DE EQUIPAMENTOS DO INSTITUTO CENTRAL - 6º EE," AVENIDA DOUTOR ENÉAS DE CARVALHO AGUIAR 255, CERQUEIRA CÉSAR, SÃO PAULO-SP",SP,CERQUEIRA CÉSAR,SÃO PAULO,05403-010,"2929 - CENTRAL EQUIPAMENTO MÉDICO - CIEQ 09 PAMB ",06/04/2021,"677,00",28.611,"677,00",,08/04/2021,,08/04/2022,,,,,PRÓPRIO,ATIVO,CELMAT - CELSO LOPES MARTINS EIRELI,,,b0d8e6ec-a094-4901-bbca-3da8f5429662,,,,,,,,,,,,,,,,,,,,,,,CEIC,available,ECUF0054,SEM MODELO,CUFÔMETRO
ECUF0055,2088119,FMM67485,CUFÔMETRO,SEM MODELO,CELMAT,SEMI-CRÍTICO,MÉDIA,HOSPITAL DAS CLÍNICAS,INSTITUTO CENTRAL - ICHC,IC - CENTRAL DE EQUIPAMENTOS DO INSTITUTO CENTRAL - 6º EE," AVENIDA DOUTOR ENÉAS DE CARVALHO AGUIAR 255, CERQUEIRA CÉSAR, SÃO PAULO-SP",SP,CERQUEIRA CÉSAR,SÃO PAULO,05403-010,"2929 - CENTRAL EQUIPAMENTO MÉDICO - CIEQ 09 PAMB ",06/04/2021,"677,00",28.611,"677,00",,08/04/2021,,08/04/2022,,,,,PRÓPRIO,ATIVO,CELMAT - CELSO LOPES MARTINS EIRELI,,,73b34535-fd65-4830-9298-d1abca5d99f7,,,,,,,,,,,,,,,,,,,,,,,CEIC,available,ECUF0055,SEM MODELO,CUFÔMETRO
ECUF0056,2088131,FMM67486,CUFÔMETRO,SEM MODELO,CELMAT,SEMI-CRÍTICO,MÉDIA,HOSPITAL DAS CLÍNICAS,INSTITUTO CENTRAL - ICHC,IC - CENTRAL DE EQUIPAMENTOS DO INSTITUTO CENTRAL - 6º EE," AVENIDA DOUTOR ENÉAS DE CARVALHO AGUIAR 255, CERQUEIRA CÉSAR, SÃO PAULO-SP",SP,CERQUEIRA CÉSAR,SÃO PAULO,05403-010,"2929 - CENTRAL EQUIPAMENTO MÉDICO - CIEQ 09 PAMB ",06/04/2021,"677,00",28.611,"677,00",,08/04/2021,,08/04/2022,,,,,PRÓPRIO,ATIVO,CELMAT - CELSO LOPES MARTINS EIRELI,,,fdcbafba-7bf5-4246-89a3-2989daed6967,,,,,,,,,,,,,,,,,,,,,,,CEIC,available,ECUF0056,SEM MODELO,CUFÔMETRO
ECUF0058,2088156,FMM67488,CUFÔMETRO,SEM MODELO,CELMAT,SEMI-CRÍTICO,MÉDIA,HOSPITAL DAS CLÍNICAS,INSTITUTO CENTRAL - ICHC,IC - CENTRAL DE EQUIPAMENTOS DO INSTITUTO CENTRAL - 6º EE," AVENIDA DOUTOR ENÉAS DE CARVALHO AGUIAR 255, CERQUEIRA CÉSAR, SÃO PAULO-SP",SP,CERQUEIRA CÉSAR,SÃO PAULO,05403-010,"2929 - CENTRAL EQUIPAMENTO MÉDICO - CIEQ 09 PAMB ",06/04/2021,"677,00",28.611,"677,00",,08/04/2021,,08/04/2022,,,,,PRÓPRIO,ATIVO,CELMAT - CELSO LOPES MARTINS EIRELI,,,cba1a482-7045-4ccb-b1e6-63c6fa63b2e6,,,,,,,,,,,,,,,,,,,,,,,CEIC,available,ECUF0058,SEM MODELO,CUFÔMETRO
ECUF0059,2088066,FMM67489,CUFÔMETRO,SEM MODELO,CELMAT,SEMI-CRÍTICO,MÉDIA,HOSPITAL DAS CLÍNICAS,INSTITUTO CENTRAL - ICHC,IC - CENTRAL DE EQUIPAMENTOS DO INSTITUTO CENTRAL - 6º EE," AVENIDA DOUTOR ENÉAS DE CARVALHO AGUIAR 255, CERQUEIRA CÉSAR, SÃO PAULO-SP",SP,CERQUEIRA CÉSAR,SÃO PAULO,05403-010,"2929 - CENTRAL EQUIPAMENTO MÉDICO - CIEQ 09 PAMB ",06/04/2021,"677,00",28.611,"677,00",,08/04/2021,,08/04/2022,,,,,PRÓPRIO,ATIVO,CELMAT - CELSO LOPES MARTINS EIRELI,,,605c8b46-eb6c-4627-aba5-66dd41cb0757,,,,,,,,,,,,,,,,,,,,,,,CEIC,available,ECUF0059,SEM MODELO,CUFÔMETRO
ECUF0063,2123315,FFM68241,CUFÔMETRO,SEM MODELO,VBM,SEMI-CRÍTICO,MÉDIA,HOSPITAL DAS CLÍNICAS,INSTITUTO CENTRAL - ICHC,IC - CENTRAL DE EQUIPAMENTOS DO INSTITUTO CENTRAL - 6º EE," AVENIDA DOUTOR ENÉAS DE CARVALHO AGUIAR 255, CERQUEIRA CÉSAR, SÃO PAULO-SP",SP,CERQUEIRA CÉSAR,SÃO PAULO,05403-010,"2929 - CENTRAL EQUIPAMENTO MÉDICO - CIEQ 09 PAMB ",01/09/2021,"677,00",30.193,"677,00",,01/09/2021,,01/09/2022,,,,,PRÓPRIO,ATIVO,CELMAT - CELSO LOPES MARTINS EIRELI,,,9211b000-b180-45da-a8de-e6cf77cd057f,,,,,,,,,,,,,,,,,,,,,,,CEIC,available,ECUF0063,SEM MODELO,CUFÔMETRO
ECUF0064,2123520,FFM68242,CUFÔMETRO,SEM MODELO,VBM,SEMI-CRÍTICO,MÉDIA,HOSPITAL DAS CLÍNICAS,INSTITUTO CENTRAL - ICHC,IC - CENTRAL DE EQUIPAMENTOS DO INSTITUTO CENTRAL - 6º EE," AVENIDA DOUTOR ENÉAS DE CARVALHO AGUIAR 255, CERQUEIRA CÉSAR, SÃO PAULO-SP",SP,CERQUEIRA CÉSAR,SÃO PAULO,05403-010,"2929 - CENTRAL EQUIPAMENTO MÉDICO - CIEQ 09 PAMB ",01/09/2021,"677,00",30.193,"677,00",,01/09/2021,,01/09/2022,,,,,PRÓPRIO,ATIVO,CELMAT - CELSO LOPES MARTINS EIRELI,,,16372a61-33f6-4a62-bad3-35cbc291ff1d,,,,,,,,,,,,,,,,,,,,,,,CEIC,available,ECUF0064,SEM MODELO,CUFÔMETRO
EETV0228,220017057,,EQUIPAMENTO DE TERAPIA À VÁCUO,VIVANOTEC PRO,HARTMANN BACE HEALTHCARE,NÃO CRÍTICO,BAIXA,HOSPITAL DAS CLÍNICAS,INSTITUTO CENTRAL - ICHC,IC - CENTRAL DE EQUIPAMENTOS DO INSTITUTO CENTRAL - 6º EE," AVENIDA DOUTOR ENÉAS DE CARVALHO AGUIAR 255, CERQUEIRA CÉSAR, SÃO PAULO-SP",SP,CERQUEIRA CÉSAR,SÃO PAULO,05403-010,"2929 - CENTRAL EQUIPAMENTO MÉDICO - CIEQ 09 PAMB ",27/10/2020,"8.000,00",000129723,"0,00",,28/10/2020,,,,,80170319044,,COMODATO - HARTMANN BACE HEALTHCARE,ATIVO,,NÚMERO DE SÉRIE DA FONTE: 2042-01911,,e4bab243-9b1e-472e-8099-598678e2b746,,,,,,,,,,,,,,,,,,,,,,,CEIC,available,EETV0228,VIVANOTEC PRO,EQUIPAMENTO DE TERAPIA À VÁCUO
EETV0228,220017057,,EQUIPAMENTO DE TERAPIA À VÁCUO,VIVANOTEC PRO,HARTMANN BACE HEALTHCARE,NÃO CRÍTICO,BAIXA,HOSPITAL DAS CLÍNICAS,INSTITUTO CENTRAL - ICHC,IC - CENTRAL DE EQUIPAMENTOS DO INSTITUTO CENTRAL - 6º EE," AVENIDA DOUTOR ENÉAS DE CARVALHO AGUIAR 255, CERQUEIRA CÉSAR, SÃO PAULO-SP",SP,CERQUEIRA CÉSAR,SÃO PAULO,05403-010,"2929 - CENTRAL EQUIPAMENTO MÉDICO - CIEQ 09 PAMB ",27/10/2020,"8.000,00",000129723,"0,00",,28/10/2020,,,,,80170319044,,COMODATO - HARTMANN BACE HEALTHCARE,ATIVO,,NÚMERO DE SÉRIE DA FONTE: 2042-01911,,e9b198cc-ef1e-45f1-9322-b397930d38fb,,,,,,,,,,,,,,,,,,,,,,,CEIC,available,EETV0228,VIVANOTEC PRO,EQUIPAMENTO DE TERAPIA À VÁCUO
EETV0235,220017061,,EQUIPAMENTO DE TERAPIA À VÁCUO,VIVANOTEC PRO,HARTMANN BACE HEALTHCARE,NÃO CRÍTICO,BAIXA,HOSPITAL DAS CLÍNICAS,INSTITUTO CENTRAL - ICHC,IC - CENTRAL DE EQUIPAMENTOS DO INSTITUTO CENTRAL - 6º EE," AVENIDA DOUTOR ENÉAS DE CARVALHO AGUIAR 255, CERQUEIRA CÉSAR, SÃO PAULO-SP",SP,CERQUEIRA CÉSAR,SÃO PAULO,05403-010,"2929 - CENTRAL EQUIPAMENTO MÉDICO - CIEQ 09 PAMB ",27/10/2020,"8.000,00",000129723,"0,00",,28/10/2020,,,,,80170319044,,COMODATO - HARTMANN BACE HEALTHCARE,ATIVO,,NÚMERO DE SÉRIE DA FONTE: 1922-00772,,0f6af444-dca3-49eb-a0a0-0d14112625c5,,,,,,,,,,,,,,,,,,,,,,,CEIC,available,EETV0235,VIVANOTEC PRO,EQUIPAMENTO DE TERAPIA À VÁCUO
EETV0235,220017061,,EQUIPAMENTO DE TERAPIA À VÁCUO,VIVANOTEC PRO,HARTMANN BACE HEALTHCARE,NÃO CRÍTICO,BAIXA,HOSPITAL DAS CLÍNICAS,INSTITUTO CENTRAL - ICHC,IC - CENTRAL DE EQUIPAMENTOS DO INSTITUTO CENTRAL - 6º EE," AVENIDA DOUTOR ENÉAS DE CARVALHO AGUIAR 255, CERQUEIRA CÉSAR, SÃO PAULO-SP",SP,CERQUEIRA CÉSAR,SÃO PAULO,05403-010,"2929 - CENTRAL EQUIPAMENTO MÉDICO - CIEQ 09 PAMB ",27/10/2020,"8.000,00",000129723,"0,00",,28/10/2020,,,,,80170319044,,COMODATO - HARTMANN BACE HEALTHCARE,ATIVO,,NÚMERO DE SÉRIE DA FONTE: 1922-00772,,2dc521a2-1b97-4511-bc59-fa4ad33af8cb,,,,,,,,,,,,,,,,,,,,,,,CEIC,available,EETV0235,VIVANOTEC PRO,EQUIPAMENTO DE TERAPIA À VÁCUO
EETV0243,220018087,,EQUIPAMENTO DE TERAPIA À VÁCUO,VIVANOTEC PRO,HARTMANN BACE HEALTHCARE,NÃO CRÍTICO,BAIXA,HOSPITAL DAS CLÍNICAS,INSTITUTO CENTRAL - ICHC,IC - CENTRAL DE EQUIPAMENTOS DO INSTITUTO CENTRAL - 6º EE," AVENIDA DOUTOR ENÉAS DE CARVALHO AGUIAR 255, CERQUEIRA CÉSAR, SÃO PAULO-SP",SP,CERQUEIRA CÉSAR,SÃO PAULO,05403-010,"2929 - CENTRAL EQUIPAMENTO MÉDICO - CIEQ 09 PAMB ",05/02/2021,"8.000,00",000134286,"0,00",,08/02/2021,,,,,80170319044,,COMODATO - HARTMANN BACE HEALTHCARE,ATIVO,,NÚMERO DE SÉRIE DA FONTE: 2025-01613,,cf358123-0a7c-4cf9-a427-a9477880b144,,,,,,,,,,,,,,,,,,,,,,,CEIC,available,EETV0243,VIVANOTEC PRO,EQUIPAMENTO DE TERAPIA À VÁCUO
EETV0243,220018087,,EQUIPAMENTO DE TERAPIA À VÁCUO,VIVANOTEC PRO,HARTMANN BACE HEALTHCARE,NÃO CRÍTICO,BAIXA,HOSPITAL DAS CLÍNICAS,INSTITUTO CENTRAL - ICHC,IC - CENTRAL DE EQUIPAMENTOS DO INSTITUTO CENTRAL - 6º EE," AVENIDA DOUTOR ENÉAS DE CARVALHO AGUIAR 255, CERQUEIRA CÉSAR, SÃO PAULO-SP",SP,CERQUEIRA CÉSAR,SÃO PAULO,05403-010,"2929 - CENTRAL EQUIPAMENTO MÉDICO - CIEQ 09 PAMB ",05/02/2021,"8.000,00",000134286,"0,00",,08/02/2021,,,,,80170319044,,COMODATO - HARTMANN BACE HEALTHCARE,ATIVO,,NÚMERO DE SÉRIE DA FONTE: 2025-01613,,b93df77a-d599-4c08-a383-eef5ecc5e69d,,,,,,,,,,,,,,,,,,,,,,,CEIC,available,EETV0243,VIVANOTEC PRO,EQUIPAMENTO DE TERAPIA À VÁCUO
EETV0255,221018783,,EQUIPAMENTO DE TERAPIA À VÁCUO,VIVANOTEC PRO,HARTMANN BACE HEALTHCARE,NÃO CRÍTICO,BAIXA,HOSPITAL DAS CLÍNICAS,INSTITUTO CENTRAL - ICHC,IC - CENTRAL DE EQUIPAMENTOS DO INSTITUTO CENTRAL - 6º EE," AVENIDA DOUTOR ENÉAS DE CARVALHO AGUIAR 255, CERQUEIRA CÉSAR, SÃO PAULO-SP",SP,CERQUEIRA CÉSAR,SÃO PAULO,05403-010,"2929 - CENTRAL EQUIPAMENTO MÉDICO - CIEQ 09 PAMB ",,"8.000,00",,"0,00",,10/08/2021,,,,,80170319044,,COMODATO - BACE,ATIVO,BACE,"ACOMPANHA FONTE Nº DE SÉRIE: 2042-01501
EQUIPAMENTO COM PREVENTIVA A CADA 3 ANOS.",,295ba68b-d0af-4458-b4cd-7a925cc9c07d,,,,,,,,,,,,,,,,,,,,,,,CEIC,available,EETV0255,VIVANOTEC PRO,EQUIPAMENTO DE TERAPIA À VÁCUO
EETV0255,221018783,,EQUIPAMENTO DE TERAPIA À VÁCUO,VIVANOTEC PRO,HARTMANN BACE HEALTHCARE,NÃO CRÍTICO,BAIXA,HOSPITAL DAS CLÍNICAS,INSTITUTO CENTRAL - ICHC,IC - CENTRAL DE EQUIPAMENTOS DO INSTITUTO CENTRAL - 6º EE," AVENIDA DOUTOR ENÉAS DE CARVALHO AGUIAR 255, CERQUEIRA CÉSAR, SÃO PAULO-SP",SP,CERQUEIRA CÉSAR,SÃO PAULO,05403-010,"2929 - CENTRAL EQUIPAMENTO MÉDICO - CIEQ 09 PAMB ",,"8.000,00",,"0,00",,10/08/2021,,,,,80170319044,,COMODATO - BACE,ATIVO,BACE,"ACOMPANHA FONTE Nº DE SÉRIE: 2042-01501
EQUIPAMENTO COM PREVENTIVA A CADA 3 ANOS.",,9779d978-e908-4e6d-ab9b-439aedac5575,,,,,,,,,,,,,,,,,,,,,,,CEIC,available,EETV0255,VIVANOTEC PRO,EQUIPAMENTO DE TERAPIA À VÁCUO
EETV0267,221019007,,EQUIPAMENTO DE TERAPIA À VÁCUO,VIVANOTEC PRO,HARTMANN BACE HEALTHCARE,NÃO CRÍTICO,BAIXA,HOSPITAL DAS CLÍNICAS,INSTITUTO CENTRAL - ICHC,IC - CENTRAL DE EQUIPAMENTOS DO INSTITUTO CENTRAL - 6º EE," AVENIDA DOUTOR ENÉAS DE CARVALHO AGUIAR 255, CERQUEIRA CÉSAR, SÃO PAULO-SP",SP,CERQUEIRA CÉSAR,SÃO PAULO,05403-010,"2929 - CENTRAL EQUIPAMENTO MÉDICO - CIEQ 09 PAMB ",,"8.000,00",000.147.617,"0,00",,16/12/2021,,,,,80170319044,,COMODATO - HARTMANN - BACE,ATIVO,BACE,"ACOMPANHA FONTE Nº DE SÉRIE: 2042-01015
EQUIPAMENTO COM PREVENTIVA A CADA 3 ANOS.",,11b96fd5-a701-4988-8076-5006f163feda,,,,,,,,,,,,,,,,,,,,,,,CEIC,available,EETV0267,VIVANOTEC PRO,EQUIPAMENTO DE TERAPIA À VÁCUO
EETV0267,221019007,,EQUIPAMENTO DE TERAPIA À VÁCUO,VIVANOTEC PRO,HARTMANN BACE HEALTHCARE,NÃO CRÍTICO,BAIXA,HOSPITAL DAS CLÍNICAS,INSTITUTO CENTRAL - ICHC,IC - CENTRAL DE EQUIPAMENTOS DO INSTITUTO CENTRAL - 6º EE," AVENIDA DOUTOR ENÉAS DE CARVALHO AGUIAR 255, CERQUEIRA CÉSAR, SÃO PAULO-SP",SP,CERQUEIRA CÉSAR,SÃO PAULO,05403-010,"2929 - CENTRAL EQUIPAMENTO MÉDICO - CIEQ 09 PAMB ",,"8.000,00",000.147.617,"0,00",,16/12/2021,,,,,80170319044,,COMODATO - HARTMANN - BACE,ATIVO,BACE,"ACOMPANHA FONTE Nº DE SÉRIE: 2042-01015
EQUIPAMENTO COM PREVENTIVA A CADA 3 ANOS.",,0f42b10c-56c3-48be-8bc9-158eda76896c,,,,,,,,,,,,,,,,,,,,,,,CEIC,available,EETV0267,VIVANOTEC PRO,EQUIPAMENTO DE TERAPIA À VÁCUO
EETV0274,221018984,,EQUIPAMENTO DE TERAPIA À VÁCUO,VIVANOTEC PRO,HARTMANN BACE HEALTHCARE,NÃO CRÍTICO,BAIXA,HOSPITAL DAS CLÍNICAS,INSTITUTO CENTRAL - ICHC,IC - CENTRAL DE EQUIPAMENTOS DO INSTITUTO CENTRAL - 6º EE," AVENIDA DOUTOR ENÉAS DE CARVALHO AGUIAR 255, CERQUEIRA CÉSAR, SÃO PAULO-SP",SP,CERQUEIRA CÉSAR,SÃO PAULO,05403-010,"2929 - CENTRAL EQUIPAMENTO MÉDICO - CIEQ 09 PAMB ",,"8.000,00",,"0,00",,30/06/2022,,,,,80170319044,,COMODATO - HARTMANN,ATIVO,,"FONTE: Nº2042-00947

EQUIPAMENTO COM PREVENTIVA A CADA 3 ANOS.",,f1b7fb0e-a837-4e4e-a1ee-07db0691bee0,,,,,,,,,,,,,,,,,,,,,,,CEIC,available,EETV0274,VIVANOTEC PRO,EQUIPAMENTO DE TERAPIA À VÁCUO
EETV0274,221018984,,EQUIPAMENTO DE TERAPIA À VÁCUO,VIVANOTEC PRO,HARTMANN BACE HEALTHCARE,NÃO CRÍTICO,BAIXA,HOSPITAL DAS CLÍNICAS,INSTITUTO CENTRAL - ICHC,IC - CENTRAL DE EQUIPAMENTOS DO INSTITUTO CENTRAL - 6º EE," AVENIDA DOUTOR ENÉAS DE CARVALHO AGUIAR 255, CERQUEIRA CÉSAR, SÃO PAULO-SP",SP,CERQUEIRA CÉSAR,SÃO PAULO,05403-010,"2929 - CENTRAL EQUIPAMENTO MÉDICO - CIEQ 09 PAMB ",,"8.000,00",,"0,00",,30/06/2022,,,,,80170319044,,COMODATO - HARTMANN,ATIVO,,"FONTE: Nº2042-00947

EQUIPAMENTO COM PREVENTIVA A CADA 3 ANOS.",,3fce8c27-8f78-4dbb-beb4-28b2646abedf,,,,,,,,,,,,,,,,,,,,,,,CEIC,available,EETV0274,VIVANOTEC PRO,EQUIPAMENTO DE TERAPIA À VÁCUO
EETV0327,GAAC11909,,EQUIPAMENTO DE TERAPIA À VÁCUO,ULTA,KCI,NÃO CRÍTICO,,HOSPITAL DAS CLÍNICAS,INSTITUTO CENTRAL - ICHC,IC - CENTRAL DE EQUIPAMENTOS DO INSTITUTO CENTRAL - 6º EE," AVENIDA DOUTOR ENÉAS DE CARVALHO AGUIAR 255, CERQUEIRA CÉSAR, SÃO PAULO-SP",SP,CERQUEIRA CÉSAR,SÃO PAULO,05403-010,"2929 - CENTRAL EQUIPAMENTO MÉDICO - CIEQ 09 PAMB ",,"20.000,00",282224,"0,00",,07/08/2024,,,,,80624960003,,COMODATO - KCI,ATIVO,KCI DO BRASIL,19/08/2024 - EQUIPAMENTO ENTREGUE AO SEP PARA UTILIZAÇÃO NO TREINAMENTO,,ba231f76-d918-421e-9c50-a27831fa0fe9,,,,,,,,,,,,,,,,,,,,,,,CEIC,available,EETV0327,ULTA,EQUIPAMENTO DE TERAPIA À VÁCUO
EETV0327,GAAC11909,,EQUIPAMENTO DE TERAPIA À VÁCUO,ULTA,KCI,NÃO CRÍTICO,,HOSPITAL DAS CLÍNICAS,INSTITUTO CENTRAL - ICHC,IC - CENTRAL DE EQUIPAMENTOS DO INSTITUTO CENTRAL - 6º EE," AVENIDA DOUTOR ENÉAS DE CARVALHO AGUIAR 255, CERQUEIRA CÉSAR, SÃO PAULO-SP",SP,CERQUEIRA CÉSAR,SÃO PAULO,05403-010,"2929 - CENTRAL EQUIPAMENTO MÉDICO - CIEQ 09 PAMB ",,"20.000,00",282224,"0,00",,07/08/2024,,,,,80624960003,,COMODATO - KCI,ATIVO,KCI DO BRASIL,19/08/2024 - EQUIPAMENTO ENTREGUE AO SEP PARA UTILIZAÇÃO NO TREINAMENTO,,f6405666-d3ff-4407-ab8e-5fe3c23cf0b9,,,,,,,,,,,,,,,,,,,,,,,CEIC,available,EETV0327,ULTA,EQUIPAMENTO DE TERAPIA À VÁCUO
EETV0328,GAAC19314,,EQUIPAMENTO DE TERAPIA À VÁCUO,ULTA,KCI,NÃO CRÍTICO,,HOSPITAL DAS CLÍNICAS,INSTITUTO CENTRAL - ICHC,IC - CENTRAL DE EQUIPAMENTOS DO INSTITUTO CENTRAL - 6º EE," AVENIDA DOUTOR ENÉAS DE CARVALHO AGUIAR 255, CERQUEIRA CÉSAR, SÃO PAULO-SP",SP,CERQUEIRA CÉSAR,SÃO PAULO,05403-010,"2929 - CENTRAL EQUIPAMENTO MÉDICO - CIEQ 09 PAMB ",,"20.000,00",282224,"0,00",,07/08/2024,,,,,80624960003,,COMODATO - KCI,ATIVO,KCI DO BRASIL,,,4c4eae9d-e806-4738-8ddb-0d0f46bd77a8,,,,,,,,,,,,,,,,,,,,,,,CEIC,available,EETV0328,ULTA,EQUIPAMENTO DE TERAPIA À VÁCUO
EETV0328,GAAC19314,,EQUIPAMENTO DE TERAPIA À VÁCUO,ULTA,KCI,NÃO CRÍTICO,,HOSPITAL DAS CLÍNICAS,INSTITUTO CENTRAL - ICHC,IC - CENTRAL DE EQUIPAMENTOS DO INSTITUTO CENTRAL - 6º EE," AVENIDA DOUTOR ENÉAS DE CARVALHO AGUIAR 255, CERQUEIRA CÉSAR, SÃO PAULO-SP",SP,CERQUEIRA CÉSAR,SÃO PAULO,05403-010,"2929 - CENTRAL EQUIPAMENTO MÉDICO - CIEQ 09 PAMB ",,"20.000,00",282224,"0,00",,07/08/2024,,,,,80624960003,,COMODATO - KCI,ATIVO,KCI DO BRASIL,,,1ffa3f07-37ef-4ed9-a9e6-552e31075f5e,,,,,,,,,,,,,,,,,,,,,,,CEIC,available,EETV0328,ULTA,EQUIPAMENTO DE TERAPIA À VÁCUO
EETV0331,GAAC21307,,EQUIPAMENTO DE TERAPIA À VÁCUO,ULTA,KCI,NÃO CRÍTICO,,HOSPITAL DAS CLÍNICAS,INSTITUTO CENTRAL - ICHC,IC - CENTRAL DE EQUIPAMENTOS DO INSTITUTO CENTRAL - 6º EE," AVENIDA DOUTOR ENÉAS DE CARVALHO AGUIAR 255, CERQUEIRA CÉSAR, SÃO PAULO-SP",SP,CERQUEIRA CÉSAR,SÃO PAULO,05403-010,"2929 - CENTRAL EQUIPAMENTO MÉDICO - CIEQ 09 PAMB ",,"20.000,00",282224,"0,00",,07/08/2024,,,,,80624960003,,COMODATO - KCI,ATIVO,KCI DO BRASIL,,,e2d47885-3826-49c7-8d56-61b35701d0da,,,,,,,,,,,,,,,,,,,,,,,CEIC,available,EETV0331,ULTA,EQUIPAMENTO DE TERAPIA À VÁCUO
EETV0331,GAAC21307,,EQUIPAMENTO DE TERAPIA À VÁCUO,ULTA,KCI,NÃO CRÍTICO,,HOSPITAL DAS CLÍNICAS,INSTITUTO CENTRAL - ICHC,IC - CENTRAL DE EQUIPAMENTOS DO INSTITUTO CENTRAL - 6º EE," AVENIDA DOUTOR ENÉAS DE CARVALHO AGUIAR 255, CERQUEIRA CÉSAR, SÃO PAULO-SP",SP,CERQUEIRA CÉSAR,SÃO PAULO,05403-010,"2929 - CENTRAL EQUIPAMENTO MÉDICO - CIEQ 09 PAMB ",,"20.000,00",282224,"0,00",,07/08/2024,,,,,80624960003,,COMODATO - KCI,ATIVO,KCI DO BRASIL,,,22b2d8f6-d678-4215-8862-65710b38f729,,,,,,,,,,,,,,,,,,,,,,,CEIC,available,EETV0331,ULTA,EQUIPAMENTO DE TERAPIA À VÁCUO
EETV0332,GAAC21308,,EQUIPAMENTO DE TERAPIA À VÁCUO,ULTA,KCI,NÃO CRÍTICO,,HOSPITAL DAS CLÍNICAS,INSTITUTO CENTRAL - ICHC,IC - CENTRAL DE EQUIPAMENTOS DO INSTITUTO CENTRAL - 6º EE," AVENIDA DOUTOR ENÉAS DE CARVALHO AGUIAR 255, CERQUEIRA CÉSAR, SÃO PAULO-SP",SP,CERQUEIRA CÉSAR,SÃO PAULO,05403-010,"2929 - CENTRAL EQUIPAMENTO MÉDICO - CIEQ 09 PAMB ",,"20.000,00",282224,"0,00",,07/08/2024,,,,,80624960003,,COMODATO - KCI,ATIVO,KCI DO BRASIL,,,1d726d86-bd23-4f18-afbb-76f5e3cd7928,,,,,,,,,,,,,,,,,,,,,,,CEIC,available,EETV0332,ULTA,EQUIPAMENTO DE TERAPIA À VÁCUO
EETV0332,GAAC21308,,EQUIPAMENTO DE TERAPIA À VÁCUO,ULTA,KCI,NÃO CRÍTICO,,HOSPITAL DAS CLÍNICAS,INSTITUTO CENTRAL - ICHC,IC - CENTRAL DE EQUIPAMENTOS DO INSTITUTO CENTRAL - 6º EE," AVENIDA DOUTOR ENÉAS DE CARVALHO AGUIAR 255, CERQUEIRA CÉSAR, SÃO PAULO-SP",SP,CERQUEIRA CÉSAR,SÃO PAULO,05403-010,"2929 - CENTRAL EQUIPAMENTO MÉDICO - CIEQ 09 PAMB ",,"20.000,00",282224,"0,00",,07/08/2024,,,,,80624960003,,COMODATO - KCI,ATIVO,KCI DO BRASIL,,,db71755b-2229-4f02-9d9d-f80e142cf5ad,,,,,,,,,,,,,,,,,,,,,,,CEIC,available,EETV0332,ULTA,EQUIPAMENTO DE TERAPIA À VÁCUO
EETV0333,GAAC22441,,EQUIPAMENTO DE TERAPIA À VÁCUO,ULTA,KCI,NÃO CRÍTICO,,HOSPITAL DAS CLÍNICAS,INSTITUTO CENTRAL - ICHC,IC - CENTRAL DE EQUIPAMENTOS DO INSTITUTO CENTRAL - 6º EE," AVENIDA DOUTOR ENÉAS DE CARVALHO AGUIAR 255, CERQUEIRA CÉSAR, SÃO PAULO-SP",SP,CERQUEIRA CÉSAR,SÃO PAULO,05403-010,"2929 - CENTRAL EQUIPAMENTO MÉDICO - CIEQ 09 PAMB ",,"20.000,00",282224,"0,00",,07/08/2024,,,,,80624960003,,COMODATO - KCI,ATIVO,KCI DO BRASIL,,,3f8a1546-4d27-46ea-a4be-f27c78830cbc,,,,,,,,,,,,,,,,,,,,,,,CEIC,available,EETV0333,ULTA,EQUIPAMENTO DE TERAPIA À VÁCUO
EETV0333,GAAC22441,,EQUIPAMENTO DE TERAPIA À VÁCUO,ULTA,KCI,NÃO CRÍTICO,,HOSPITAL DAS CLÍNICAS,INSTITUTO CENTRAL - ICHC,IC - CENTRAL DE EQUIPAMENTOS DO INSTITUTO CENTRAL - 6º EE," AVENIDA DOUTOR ENÉAS DE CARVALHO AGUIAR 255, CERQUEIRA CÉSAR, SÃO PAULO-SP",SP,CERQUEIRA CÉSAR,SÃO PAULO,05403-010,"2929 - CENTRAL EQUIPAMENTO MÉDICO - CIEQ 09 PAMB ",,"20.000,00",282224,"0,00",,07/08/2024,,,,,80624960003,,COMODATO - KCI,ATIVO,KCI DO BRASIL,,,8b9fe127-dcfb-4c23-b989-91d2309b239f,,,,,,,,,,,,,,,,,,,,,,,CEIC,available,EETV0333,ULTA,EQUIPAMENTO DE TERAPIA À VÁCUO
EETV0334,GAAC23265,,EQUIPAMENTO DE TERAPIA À VÁCUO,ULTA,KCI,NÃO CRÍTICO,,HOSPITAL DAS CLÍNICAS,INSTITUTO CENTRAL - ICHC,IC - CENTRAL DE EQUIPAMENTOS DO INSTITUTO CENTRAL - 6º EE," AVENIDA DOUTOR ENÉAS DE CARVALHO AGUIAR 255, CERQUEIRA CÉSAR, SÃO PAULO-SP",SP,CERQUEIRA CÉSAR,SÃO PAULO,05403-010,"2929 - CENTRAL EQUIPAMENTO MÉDICO - CIEQ 09 PAMB ",,"20.000,00",282224,"0,00",,07/08/2024,,,,,80624960003,,COMODATO - KCI,ATIVO,KCI DO BRASIL,,,8528a643-0e5c-4a23-b59f-367a38eba2c7,,,,,,,,,,,,,,,,,,,,,,,CEIC,available,EETV0334,ULTA,EQUIPAMENTO DE TERAPIA À VÁCUO
EETV0334,GAAC23265,,EQUIPAMENTO DE TERAPIA À VÁCUO,ULTA,KCI,NÃO CRÍTICO,,HOSPITAL DAS CLÍNICAS,INSTITUTO CENTRAL - ICHC,IC - CENTRAL DE EQUIPAMENTOS DO INSTITUTO CENTRAL - 6º EE," AVENIDA DOUTOR ENÉAS DE CARVALHO AGUIAR 255, CERQUEIRA CÉSAR, SÃO PAULO-SP",SP,CERQUEIRA CÉSAR,SÃO PAULO,05403-010,"2929 - CENTRAL EQUIPAMENTO MÉDICO - CIEQ 09 PAMB ",,"20.000,00",282224,"0,00",,07/08/2024,,,,,80624960003,,COMODATO - KCI,ATIVO,KCI DO BRASIL,,,9d483a97-89b1-49be-8de8-d0e640fdae29,,,,,,,,,,,,,,,,,,,,,,,CEIC,available,EETV0334,ULTA,EQUIPAMENTO DE TERAPIA À VÁCUO
EETV0335,GAAC23288,,EQUIPAMENTO DE TERAPIA À VÁCUO,ULTA,KCI,NÃO CRÍTICO,,HOSPITAL DAS CLÍNICAS,INSTITUTO CENTRAL - ICHC,IC - CENTRAL DE EQUIPAMENTOS DO INSTITUTO CENTRAL - 6º EE," AVENIDA DOUTOR ENÉAS DE CARVALHO AGUIAR 255, CERQUEIRA CÉSAR, SÃO PAULO-SP",SP,CERQUEIRA CÉSAR,SÃO PAULO,05403-010,"2929 - CENTRAL EQUIPAMENTO MÉDICO - CIEQ 09 PAMB ",,"20.000,00",282224,"0,00",,07/08/2024,,,,,80624960003,,COMODATO - KCI,ATIVO,KCI DO BRASIL,,,3ecbec43-1fc2-4cdc-b715-09479f4d7b54,,,,,,,,,,,,,,,,,,,,,,,CEIC,available,EETV0335,ULTA,EQUIPAMENTO DE TERAPIA À VÁCUO
EETV0335,GAAC23288,,EQUIPAMENTO DE TERAPIA À VÁCUO,ULTA,KCI,NÃO CRÍTICO,,HOSPITAL DAS CLÍNICAS,INSTITUTO CENTRAL - ICHC,IC - CENTRAL DE EQUIPAMENTOS DO INSTITUTO CENTRAL - 6º EE," AVENIDA DOUTOR ENÉAS DE CARVALHO AGUIAR 255, CERQUEIRA CÉSAR, SÃO PAULO-SP",SP,CERQUEIRA CÉSAR,SÃO PAULO,05403-010,"2929 - CENTRAL EQUIPAMENTO MÉDICO - CIEQ 09 PAMB ",,"20.000,00",282224,"0,00",,07/08/2024,,,,,80624960003,,COMODATO - KCI,ATIVO,KCI DO BRASIL,,,3723b8ee-e118-4713-9ff6-f81d5f398e46,,,,,,,,,,,,,,,,,,,,,,,CEIC,available,EETV0335,ULTA,EQUIPAMENTO DE TERAPIA À VÁCUO
EETV0336,GAAC23292,,EQUIPAMENTO DE TERAPIA À VÁCUO,ULTA,KCI,NÃO CRÍTICO,,HOSPITAL DAS CLÍNICAS,INSTITUTO CENTRAL - ICHC,IC - CENTRAL DE EQUIPAMENTOS DO INSTITUTO CENTRAL - 6º EE," AVENIDA DOUTOR ENÉAS DE CARVALHO AGUIAR 255, CERQUEIRA CÉSAR, SÃO PAULO-SP",SP,CERQUEIRA CÉSAR,SÃO PAULO,05403-010,"2929 - CENTRAL EQUIPAMENTO MÉDICO - CIEQ 09 PAMB ",,"20.000,00",282224,"0,00",,07/08/2024,,,,,80624960003,,COMODATO - KCI,ATIVO,KCI DO BRASIL,,,a13682e4-4cb2-40a8-b58a-bd10cfa2ea23,,,,,,,,,,,,,,,,,,,,,,,CEIC,available,EETV0336,ULTA,EQUIPAMENTO DE TERAPIA À VÁCUO
EETV0336,GAAC23292,,EQUIPAMENTO DE TERAPIA À VÁCUO,ULTA,KCI,NÃO CRÍTICO,,HOSPITAL DAS CLÍNICAS,INSTITUTO CENTRAL - ICHC,IC - CENTRAL DE EQUIPAMENTOS DO INSTITUTO CENTRAL - 6º EE," AVENIDA DOUTOR ENÉAS DE CARVALHO AGUIAR 255, CERQUEIRA CÉSAR, SÃO PAULO-SP",SP,CERQUEIRA CÉSAR,SÃO PAULO,05403-010,"2929 - CENTRAL EQUIPAMENTO MÉDICO - CIEQ 09 PAMB ",,"20.000,00",282224,"0,00",,07/08/2024,,,,,80624960003,,COMODATO - KCI,ATIVO,KCI DO BRASIL,,,ff4a2067-edc3-467b-8af4-23cd54bf5a74,,,,,,,,,,,,,,,,,,,,,,,CEIC,available,EETV0336,ULTA,EQUIPAMENTO DE TERAPIA À VÁCUO
EETV0337,GAAC23294,,EQUIPAMENTO DE TERAPIA À VÁCUO,ULTA,KCI,NÃO CRÍTICO,,HOSPITAL DAS CLÍNICAS,INSTITUTO CENTRAL - ICHC,IC - CENTRAL DE EQUIPAMENTOS DO INSTITUTO CENTRAL - 6º EE," AVENIDA DOUTOR ENÉAS DE CARVALHO AGUIAR 255, CERQUEIRA CÉSAR, SÃO PAULO-SP",SP,CERQUEIRA CÉSAR,SÃO PAULO,05403-010,"2929 - CENTRAL EQUIPAMENTO MÉDICO - CIEQ 09 PAMB ",,"20.000,00",282224,"0,00",,07/08/2024,,,,,80624960003,,COMODATO - KCI,ATIVO,KCI DO BRASIL,,,5857d680-5d8a-48d6-b702-4d042155009c,,,,,,,,,,,,,,,,,,,,,,,CEIC,available,EETV0337,ULTA,EQUIPAMENTO DE TERAPIA À VÁCUO
EETV0337,GAAC23294,,EQUIPAMENTO DE TERAPIA À VÁCUO,ULTA,KCI,NÃO CRÍTICO,,HOSPITAL DAS CLÍNICAS,INSTITUTO CENTRAL - ICHC,IC - CENTRAL DE EQUIPAMENTOS DO INSTITUTO CENTRAL - 6º EE," AVENIDA DOUTOR ENÉAS DE CARVALHO AGUIAR 255, CERQUEIRA CÉSAR, SÃO PAULO-SP",SP,CERQUEIRA CÉSAR,SÃO PAULO,05403-010,"2929 - CENTRAL EQUIPAMENTO MÉDICO - CIEQ 09 PAMB ",,"20.000,00",282224,"0,00",,07/08/2024,,,,,80624960003,,COMODATO - KCI,ATIVO,KCI DO BRASIL,,,e958965a-a850-435f-88b9-bfd01c7ad6d1,,,,,,,,,,,,,,,,,,,,,,,CEIC,available,EETV0337,ULTA,EQUIPAMENTO DE TERAPIA À VÁCUO
EETV0338,GAAC23313,,EQUIPAMENTO DE TERAPIA À VÁCUO,ULTA,KCI,NÃO CRÍTICO,,HOSPITAL DAS CLÍNICAS,INSTITUTO CENTRAL - ICHC,IC - CENTRAL DE EQUIPAMENTOS DO INSTITUTO CENTRAL - 6º EE," AVENIDA DOUTOR ENÉAS DE CARVALHO AGUIAR 255, CERQUEIRA CÉSAR, SÃO PAULO-SP",SP,CERQUEIRA CÉSAR,SÃO PAULO,05403-010,"2929 - CENTRAL EQUIPAMENTO MÉDICO - CIEQ 09 PAMB ",,"20.000,00",282224,"0,00",,07/08/2024,,,,,80624960003,,COMODATO - KCI,ATIVO,KCI DO BRASIL,,,a2fe1acc-f590-4e10-9fdd-4aff6dcfef36,,,,,,,,,,,,,,,,,,,,,,,CEIC,available,EETV0338,ULTA,EQUIPAMENTO DE TERAPIA À VÁCUO
EETV0338,GAAC23313,,EQUIPAMENTO DE TERAPIA À VÁCUO,ULTA,KCI,NÃO CRÍTICO,,HOSPITAL DAS CLÍNICAS,INSTITUTO CENTRAL - ICHC,IC - CENTRAL DE EQUIPAMENTOS DO INSTITUTO CENTRAL - 6º EE," AVENIDA DOUTOR ENÉAS DE CARVALHO AGUIAR 255, CERQUEIRA CÉSAR, SÃO PAULO-SP",SP,CERQUEIRA CÉSAR,SÃO PAULO,05403-010,"2929 - CENTRAL EQUIPAMENTO MÉDICO - CIEQ 09 PAMB ",,"20.000,00",282224,"0,00",,07/08/2024,,,,,80624960003,,COMODATO - KCI,ATIVO,KCI DO BRASIL,,,179553bf-fb2a-45a0-bbfd-8417a75a7e88,,,,,,,,,,,,,,,,,,,,,,,CEIC,available,EETV0338,ULTA,EQUIPAMENTO DE TERAPIA À VÁCUO
EETV0339,GAAC23338,,EQUIPAMENTO DE TERAPIA À VÁCUO,ULTA,KCI,NÃO CRÍTICO,,HOSPITAL DAS CLÍNICAS,INSTITUTO CENTRAL - ICHC,IC - CENTRAL DE EQUIPAMENTOS DO INSTITUTO CENTRAL - 6º EE," AVENIDA DOUTOR ENÉAS DE CARVALHO AGUIAR 255, CERQUEIRA CÉSAR, SÃO PAULO-SP",SP,CERQUEIRA CÉSAR,SÃO PAULO,05403-010,"2929 - CENTRAL EQUIPAMENTO MÉDICO - CIEQ 09 PAMB ",,"20.000,00",282224,"0,00",,07/08/2024,,,,,80624960003,,COMODATO - KCI,ATIVO,KCI DO BRASIL,,,a09bc195-d341-42c9-9141-94fe753f191d,,,,,,,,,,,,,,,,,,,,,,,CEIC,available,EETV0339,ULTA,EQUIPAMENTO DE TERAPIA À VÁCUO
EETV0339,GAAC23338,,EQUIPAMENTO DE TERAPIA À VÁCUO,ULTA,KCI,NÃO CRÍTICO,,HOSPITAL DAS CLÍNICAS,INSTITUTO CENTRAL - ICHC,IC - CENTRAL DE EQUIPAMENTOS DO INSTITUTO CENTRAL - 6º EE," AVENIDA DOUTOR ENÉAS DE CARVALHO AGUIAR 255, CERQUEIRA CÉSAR, SÃO PAULO-SP",SP,CERQUEIRA CÉSAR,SÃO PAULO,05403-010,"2929 - CENTRAL EQUIPAMENTO MÉDICO - CIEQ 09 PAMB ",,"20.000,00",282224,"0,00",,07/08/2024,,,,,80624960003,,COMODATO - KCI,ATIVO,KCI DO BRASIL,,,7ac638bd-43ca-4540-bae5-1f30ee19a8c1,,,,,,,,,,,,,,,,,,,,,,,CEIC,available,EETV0339,ULTA,EQUIPAMENTO DE TERAPIA À VÁCUO
EETV0340,VFVS01436,,EQUIPAMENTO DE TERAPIA À VÁCUO,ULTA,KCI,NÃO CRÍTICO,,HOSPITAL DAS CLÍNICAS,INSTITUTO CENTRAL - ICHC,IC - CENTRAL DE EQUIPAMENTOS DO INSTITUTO CENTRAL - 6º EE," AVENIDA DOUTOR ENÉAS DE CARVALHO AGUIAR 255, CERQUEIRA CÉSAR, SÃO PAULO-SP",SP,CERQUEIRA CÉSAR,SÃO PAULO,05403-010,"2929 - CENTRAL EQUIPAMENTO MÉDICO - CIEQ 09 PAMB ",,"20.000,00",282224,"0,00",,07/08/2024,,,,,80624960003,,COMODATO - KCI,ATIVO,KCI DO BRASIL,,,f3ffee8f-97d4-42db-ac05-5789082c5f74,,,,,,,,,,,,,,,,,,,,,,,CEIC,available,EETV0340,ULTA,EQUIPAMENTO DE TERAPIA À VÁCUO
EETV0340,VFVS01436,,EQUIPAMENTO DE TERAPIA À VÁCUO,ULTA,KCI,NÃO CRÍTICO,,HOSPITAL DAS CLÍNICAS,INSTITUTO CENTRAL - ICHC,IC - CENTRAL DE EQUIPAMENTOS DO INSTITUTO CENTRAL - 6º EE," AVENIDA DOUTOR ENÉAS DE CARVALHO AGUIAR 255, CERQUEIRA CÉSAR, SÃO PAULO-SP",SP,CERQUEIRA CÉSAR,SÃO PAULO,05403-010,"2929 - CENTRAL EQUIPAMENTO MÉDICO - CIEQ 09 PAMB ",,"20.000,00",282224,"0,00",,07/08/2024,,,,,80624960003,,COMODATO - KCI,ATIVO,KCI DO BRASIL,,,e9d37f37-64f6-4ee5-860b-6f547e10c2ef,,,,,,,,,,,,,,,,,,,,,,,CEIC,available,EETV0340,ULTA,EQUIPAMENTO DE TERAPIA À VÁCUO
EETV0341,VFVS01455,,EQUIPAMENTO DE TERAPIA À VÁCUO,ULTA,KCI,NÃO CRÍTICO,,HOSPITAL DAS CLÍNICAS,INSTITUTO CENTRAL - ICHC,IC - CENTRAL DE EQUIPAMENTOS DO INSTITUTO CENTRAL - 6º EE," AVENIDA DOUTOR ENÉAS DE CARVALHO AGUIAR 255, CERQUEIRA CÉSAR, SÃO PAULO-SP",SP,CERQUEIRA CÉSAR,SÃO PAULO,05403-010,"2929 - CENTRAL EQUIPAMENTO MÉDICO - CIEQ 09 PAMB ",,"20.000,00",282224,"0,00",,07/08/2024,,,,,80624960003,,COMODATO - KCI,ATIVO,KCI DO BRASIL,,,bed74acf-c1e4-4f0d-ab7a-9609266168c0,CEIC,5,2026-04-10 01:01:33.495+00,true,,,,,false,1234,"ANA ",2026-04-28 12:21:27.086+00,,,,,,,,,false,2026-04-10 01:01:40.521+00,04CC,in_use,EETV0341,ULTA,EQUIPAMENTO DE TERAPIA À VÁCUO
EETV0341,VFVS01455,,EQUIPAMENTO DE TERAPIA À VÁCUO,ULTA,KCI,NÃO CRÍTICO,,HOSPITAL DAS CLÍNICAS,INSTITUTO CENTRAL - ICHC,IC - CENTRAL DE EQUIPAMENTOS DO INSTITUTO CENTRAL - 6º EE," AVENIDA DOUTOR ENÉAS DE CARVALHO AGUIAR 255, CERQUEIRA CÉSAR, SÃO PAULO-SP",SP,CERQUEIRA CÉSAR,SÃO PAULO,05403-010,"2929 - CENTRAL EQUIPAMENTO MÉDICO - CIEQ 09 PAMB ",,"20.000,00",282224,"0,00",,07/08/2024,,,,,80624960003,,COMODATO - KCI,ATIVO,KCI DO BRASIL,,,15820a6d-67de-48a7-b1ec-3cfa4482a43a,,5,,,,,,,,1234,ANA,2026-04-28 12:26:04.686+00,,,,,,,,,false,2026-04-10 01:01:42.336+00,04CC,in_use,EETV0341,ULTA,EQUIPAMENTO DE TERAPIA À VÁCUO
EETV0342,VFVS01458,,EQUIPAMENTO DE TERAPIA À VÁCUO,ULTA,KCI,NÃO CRÍTICO,,HOSPITAL DAS CLÍNICAS,INSTITUTO CENTRAL - ICHC,IC - CENTRAL DE EQUIPAMENTOS DO INSTITUTO CENTRAL - 6º EE," AVENIDA DOUTOR ENÉAS DE CARVALHO AGUIAR 255, CERQUEIRA CÉSAR, SÃO PAULO-SP",SP,CERQUEIRA CÉSAR,SÃO PAULO,05403-010,"2929 - CENTRAL EQUIPAMENTO MÉDICO - CIEQ 09 PAMB ",,"20.000,00",282224,"0,00",,07/08/2024,,,,,80624960003,,COMODATO - KCI,ATIVO,KCI DO BRASIL,,,66ebf45b-7d6c-488b-b83a-ce29c60a99a4,,,,,,,,,,,,,,,,,,,,,,,CEIC,available,EETV0342,ULTA,EQUIPAMENTO DE TERAPIA À VÁCUO
EETV0342,VFVS01458,,EQUIPAMENTO DE TERAPIA À VÁCUO,ULTA,KCI,NÃO CRÍTICO,,HOSPITAL DAS CLÍNICAS,INSTITUTO CENTRAL - ICHC,IC - CENTRAL DE EQUIPAMENTOS DO INSTITUTO CENTRAL - 6º EE," AVENIDA DOUTOR ENÉAS DE CARVALHO AGUIAR 255, CERQUEIRA CÉSAR, SÃO PAULO-SP",SP,CERQUEIRA CÉSAR,SÃO PAULO,05403-010,"2929 - CENTRAL EQUIPAMENTO MÉDICO - CIEQ 09 PAMB ",,"20.000,00",282224,"0,00",,07/08/2024,,,,,80624960003,,COMODATO - KCI,ATIVO,KCI DO BRASIL,,,c3895d84-521e-42a2-bf59-836df8d13281,,,,,,,,,,,,,,,,,,,,,,,CEIC,available,EETV0342,ULTA,EQUIPAMENTO DE TERAPIA À VÁCUO
EETV0343,VFVS01462,,EQUIPAMENTO DE TERAPIA À VÁCUO,ULTA,KCI,NÃO CRÍTICO,,HOSPITAL DAS CLÍNICAS,INSTITUTO CENTRAL - ICHC,IC - CENTRAL DE EQUIPAMENTOS DO INSTITUTO CENTRAL - 6º EE," AVENIDA DOUTOR ENÉAS DE CARVALHO AGUIAR 255, CERQUEIRA CÉSAR, SÃO PAULO-SP",SP,CERQUEIRA CÉSAR,SÃO PAULO,05403-010,"2929 - CENTRAL EQUIPAMENTO MÉDICO - CIEQ 09 PAMB ",,"20.000,00",282224,"0,00",,07/08/2024,,,,,80624960003,,COMODATO - KCI,ATIVO,KCI DO BRASIL,,,e8a8692a-1246-44dc-8774-0a9ba0d6d6ba,,,,,,,,,,,,,,,,,,,,,,,CEIC,available,EETV0343,ULTA,EQUIPAMENTO DE TERAPIA À VÁCUO
EETV0343,VFVS01462,,EQUIPAMENTO DE TERAPIA À VÁCUO,ULTA,KCI,NÃO CRÍTICO,,HOSPITAL DAS CLÍNICAS,INSTITUTO CENTRAL - ICHC,IC - CENTRAL DE EQUIPAMENTOS DO INSTITUTO CENTRAL - 6º EE," AVENIDA DOUTOR ENÉAS DE CARVALHO AGUIAR 255, CERQUEIRA CÉSAR, SÃO PAULO-SP",SP,CERQUEIRA CÉSAR,SÃO PAULO,05403-010,"2929 - CENTRAL EQUIPAMENTO MÉDICO - CIEQ 09 PAMB ",,"20.000,00",282224,"0,00",,07/08/2024,,,,,80624960003,,COMODATO - KCI,ATIVO,KCI DO BRASIL,,,fdef3c63-f39c-4571-b3d9-e624cb237d87,,,,,,,,,,,,,,,,,,,,,,,CEIC,available,EETV0343,ULTA,EQUIPAMENTO DE TERAPIA À VÁCUO
EETV0346,VFVS01535,,EQUIPAMENTO DE TERAPIA À VÁCUO,ULTA,KCI,NÃO CRÍTICO,,HOSPITAL DAS CLÍNICAS,INSTITUTO CENTRAL - ICHC,IC - CENTRAL DE EQUIPAMENTOS DO INSTITUTO CENTRAL - 6º EE," AVENIDA DOUTOR ENÉAS DE CARVALHO AGUIAR 255, CERQUEIRA CÉSAR, SÃO PAULO-SP",SP,CERQUEIRA CÉSAR,SÃO PAULO,05403-010,"2929 - CENTRAL EQUIPAMENTO MÉDICO - CIEQ 09 PAMB ",,"20.000,00",282224,"0,00",,07/08/2024,,,,,80624960003,,COMODATO - KCI,ATIVO,KCI DO BRASIL,,,4063b5b1-82a9-4f9b-a821-c589bc75c647,,,,,,,,,,,,,,,,,,,,,,,CEIC,available,EETV0346,ULTA,EQUIPAMENTO DE TERAPIA À VÁCUO
EETV0346,VFVS01535,,EQUIPAMENTO DE TERAPIA À VÁCUO,ULTA,KCI,NÃO CRÍTICO,,HOSPITAL DAS CLÍNICAS,INSTITUTO CENTRAL - ICHC,IC - CENTRAL DE EQUIPAMENTOS DO INSTITUTO CENTRAL - 6º EE," AVENIDA DOUTOR ENÉAS DE CARVALHO AGUIAR 255, CERQUEIRA CÉSAR, SÃO PAULO-SP",SP,CERQUEIRA CÉSAR,SÃO PAULO,05403-010,"2929 - CENTRAL EQUIPAMENTO MÉDICO - CIEQ 09 PAMB ",,"20.000,00",282224,"0,00",,07/08/2024,,,,,80624960003,,COMODATO - KCI,ATIVO,KCI DO BRASIL,,,849a6b15-47fd-4b10-a12a-ac197e046b35,,,,,,,,,,,,,,,,,,,,,,,CEIC,available,EETV0346,ULTA,EQUIPAMENTO DE TERAPIA À VÁCUO
EETV0347,VFVS01553,,EQUIPAMENTO DE TERAPIA À VÁCUO,ULTA,KCI,NÃO CRÍTICO,,HOSPITAL DAS CLÍNICAS,INSTITUTO CENTRAL - ICHC,IC - CENTRAL DE EQUIPAMENTOS DO INSTITUTO CENTRAL - 6º EE," AVENIDA DOUTOR ENÉAS DE CARVALHO AGUIAR 255, CERQUEIRA CÉSAR, SÃO PAULO-SP",SP,CERQUEIRA CÉSAR,SÃO PAULO,05403-010,"2929 - CENTRAL EQUIPAMENTO MÉDICO - CIEQ 09 PAMB ",,"20.000,00",282224,"0,00",,07/08/2024,,,,,80624960003,,COMODATO - KCI,ATIVO,KCI DO BRASIL,,,77f77979-71ff-44b6-ac51-912a7bd1dcfd,,,,,,,,,,,,,,,,,,,,,,,CEIC,available,EETV0347,ULTA,EQUIPAMENTO DE TERAPIA À VÁCUO
EETV0347,VFVS01553,,EQUIPAMENTO DE TERAPIA À VÁCUO,ULTA,KCI,NÃO CRÍTICO,,HOSPITAL DAS CLÍNICAS,INSTITUTO CENTRAL - ICHC,IC - CENTRAL DE EQUIPAMENTOS DO INSTITUTO CENTRAL - 6º EE," AVENIDA DOUTOR ENÉAS DE CARVALHO AGUIAR 255, CERQUEIRA CÉSAR, SÃO PAULO-SP",SP,CERQUEIRA CÉSAR,SÃO PAULO,05403-010,"2929 - CENTRAL EQUIPAMENTO MÉDICO - CIEQ 09 PAMB ",,"20.000,00",282224,"0,00",,07/08/2024,,,,,80624960003,,COMODATO - KCI,ATIVO,KCI DO BRASIL,,,fefcff2d-f7c0-48c4-a90d-2abbba4ddffe,,,,,,,,,,,,,,,,,,,,,,,CEIC,available,EETV0347,ULTA,EQUIPAMENTO DE TERAPIA À VÁCUO
EETV0348,VFVS01561,,EQUIPAMENTO DE TERAPIA À VÁCUO,ULTA,KCI,NÃO CRÍTICO,,HOSPITAL DAS CLÍNICAS,INSTITUTO CENTRAL - ICHC,IC - CENTRAL DE EQUIPAMENTOS DO INSTITUTO CENTRAL - 6º EE," AVENIDA DOUTOR ENÉAS DE CARVALHO AGUIAR 255, CERQUEIRA CÉSAR, SÃO PAULO-SP",SP,CERQUEIRA CÉSAR,SÃO PAULO,05403-010,"2929 - CENTRAL EQUIPAMENTO MÉDICO - CIEQ 09 PAMB ",,"20.000,00",282224,"0,00",,07/08/2024,,,,,80624960003,,COMODATO - KCI,ATIVO,KCI DO BRASIL,,,9f5203ba-e371-49d9-846f-dd33d32f4707,,,,,,,,,,,,,,,,,,,,,,,CEIC,available,EETV0348,ULTA,EQUIPAMENTO DE TERAPIA À VÁCUO
EETV0348,VFVS01561,,EQUIPAMENTO DE TERAPIA À VÁCUO,ULTA,KCI,NÃO CRÍTICO,,HOSPITAL DAS CLÍNICAS,INSTITUTO CENTRAL - ICHC,IC - CENTRAL DE EQUIPAMENTOS DO INSTITUTO CENTRAL - 6º EE," AVENIDA DOUTOR ENÉAS DE CARVALHO AGUIAR 255, CERQUEIRA CÉSAR, SÃO PAULO-SP",SP,CERQUEIRA CÉSAR,SÃO PAULO,05403-010,"2929 - CENTRAL EQUIPAMENTO MÉDICO - CIEQ 09 PAMB ",,"20.000,00",282224,"0,00",,07/08/2024,,,,,80624960003,,COMODATO - KCI,ATIVO,KCI DO BRASIL,,,7ad80947-0469-48c2-855a-c88d5e1e8aed,,,,,,,,,,,,,,,,,,,,,,,CEIC,available,EETV0348,ULTA,EQUIPAMENTO DE TERAPIA À VÁCUO
EETV0349,VFVS01564,,EQUIPAMENTO DE TERAPIA À VÁCUO,ULTA,KCI,NÃO CRÍTICO,,HOSPITAL DAS CLÍNICAS,INSTITUTO CENTRAL - ICHC,IC - CENTRAL DE EQUIPAMENTOS DO INSTITUTO CENTRAL - 6º EE," AVENIDA DOUTOR ENÉAS DE CARVALHO AGUIAR 255, CERQUEIRA CÉSAR, SÃO PAULO-SP",SP,CERQUEIRA CÉSAR,SÃO PAULO,05403-010,"2929 - CENTRAL EQUIPAMENTO MÉDICO - CIEQ 09 PAMB ",,"20.000,00",282224,"0,00",,07/08/2024,,,,,80624960003,,COMODATO - KCI,ATIVO,KCI DO BRASIL,,,2a50d43d-31fe-4522-856e-a311ded1a30d,Centro Cirúrgico,,2026-04-10 01:13:51.127+00,true,,,,,false,,,,,,,,,,,,true,2026-04-10 01:13:59.05+00,CEIC,available,EETV0349,ULTA,EQUIPAMENTO DE TERAPIA À VÁCUO
EETV0349,VFVS01564,,EQUIPAMENTO DE TERAPIA À VÁCUO,ULTA,KCI,NÃO CRÍTICO,,HOSPITAL DAS CLÍNICAS,INSTITUTO CENTRAL - ICHC,IC - CENTRAL DE EQUIPAMENTOS DO INSTITUTO CENTRAL - 6º EE," AVENIDA DOUTOR ENÉAS DE CARVALHO AGUIAR 255, CERQUEIRA CÉSAR, SÃO PAULO-SP",SP,CERQUEIRA CÉSAR,SÃO PAULO,05403-010,"2929 - CENTRAL EQUIPAMENTO MÉDICO - CIEQ 09 PAMB ",,"20.000,00",282224,"0,00",,07/08/2024,,,,,80624960003,,COMODATO - KCI,ATIVO,KCI DO BRASIL,,,e1ff8c80-8075-4da6-87e5-a6addb454e54,,,,,,,,,,,,,,,,,,,,,,2026-04-10 01:14:00.646+00,CEIC,available,EETV0349,ULTA,EQUIPAMENTO DE TERAPIA À VÁCUO
EETV0350,VFVS01570,,EQUIPAMENTO DE TERAPIA À VÁCUO,ULTA,KCI,NÃO CRÍTICO,,HOSPITAL DAS CLÍNICAS,INSTITUTO CENTRAL - ICHC,IC - CENTRAL DE EQUIPAMENTOS DO INSTITUTO CENTRAL - 6º EE," AVENIDA DOUTOR ENÉAS DE CARVALHO AGUIAR 255, CERQUEIRA CÉSAR, SÃO PAULO-SP",SP,CERQUEIRA CÉSAR,SÃO PAULO,05403-010,"2929 - CENTRAL EQUIPAMENTO MÉDICO - CIEQ 09 PAMB ",,"20.000,00",282224,"0,00",,07/08/2024,,,,,80624960003,,COMODATO - KCI,ATIVO,KCI DO BRASIL,,,fd72a8be-cbce-4d77-9648-654fa5faaab8,,,,,,,,,,,,,,,,,,,,,,,CEIC,available,EETV0350,ULTA,EQUIPAMENTO DE TERAPIA À VÁCUO
EETV0350,VFVS01570,,EQUIPAMENTO DE TERAPIA À VÁCUO,ULTA,KCI,NÃO CRÍTICO,,HOSPITAL DAS CLÍNICAS,INSTITUTO CENTRAL - ICHC,IC - CENTRAL DE EQUIPAMENTOS DO INSTITUTO CENTRAL - 6º EE," AVENIDA DOUTOR ENÉAS DE CARVALHO AGUIAR 255, CERQUEIRA CÉSAR, SÃO PAULO-SP",SP,CERQUEIRA CÉSAR,SÃO PAULO,05403-010,"2929 - CENTRAL EQUIPAMENTO MÉDICO - CIEQ 09 PAMB ",,"20.000,00",282224,"0,00",,07/08/2024,,,,,80624960003,,COMODATO - KCI,ATIVO,KCI DO BRASIL,,,5e5c3fa1-6325-4ae3-94d0-412d11ea13b6,,,,,,,,,,,,,,,,,,,,,,,CEIC,available,EETV0350,ULTA,EQUIPAMENTO DE TERAPIA À VÁCUO
EETV0351,VFVS01571,,EQUIPAMENTO DE TERAPIA À VÁCUO,ULTA,KCI,NÃO CRÍTICO,,HOSPITAL DAS CLÍNICAS,INSTITUTO CENTRAL - ICHC,IC - CENTRAL DE EQUIPAMENTOS DO INSTITUTO CENTRAL - 6º EE," AVENIDA DOUTOR ENÉAS DE CARVALHO AGUIAR 255, CERQUEIRA CÉSAR, SÃO PAULO-SP",SP,CERQUEIRA CÉSAR,SÃO PAULO,05403-010,"2929 - CENTRAL EQUIPAMENTO MÉDICO - CIEQ 09 PAMB ",,"20.000,00",282224,"0,00",,07/08/2024,,,,,80624960003,,COMODATO - KCI,ATIVO,KCI DO BRASIL,,,4676ff08-4e1d-4ccf-b022-1623a14a3a9f,,,,,,,,,,,,,,,,,,,,,,,CEIC,available,EETV0351,ULTA,EQUIPAMENTO DE TERAPIA À VÁCUO
EETV0351,VFVS01571,,EQUIPAMENTO DE TERAPIA À VÁCUO,ULTA,KCI,NÃO CRÍTICO,,HOSPITAL DAS CLÍNICAS,INSTITUTO CENTRAL - ICHC,IC - CENTRAL DE EQUIPAMENTOS DO INSTITUTO CENTRAL - 6º EE," AVENIDA DOUTOR ENÉAS DE CARVALHO AGUIAR 255, CERQUEIRA CÉSAR, SÃO PAULO-SP",SP,CERQUEIRA CÉSAR,SÃO PAULO,05403-010,"2929 - CENTRAL EQUIPAMENTO MÉDICO - CIEQ 09 PAMB ",,"20.000,00",282224,"0,00",,07/08/2024,,,,,80624960003,,COMODATO - KCI,ATIVO,KCI DO BRASIL,,,cfbf0718-16e5-4c40-81c2-7d9f97894de6,,,,,,,,,,,,,,,,,,,,,,,CEIC,available,EETV0351,ULTA,EQUIPAMENTO DE TERAPIA À VÁCUO
EETV0352,VFVS01586,,EQUIPAMENTO DE TERAPIA À VÁCUO,ULTA,KCI,NÃO CRÍTICO,,HOSPITAL DAS CLÍNICAS,INSTITUTO CENTRAL - ICHC,IC - CENTRAL DE EQUIPAMENTOS DO INSTITUTO CENTRAL - 6º EE," AVENIDA DOUTOR ENÉAS DE CARVALHO AGUIAR 255, CERQUEIRA CÉSAR, SÃO PAULO-SP",SP,CERQUEIRA CÉSAR,SÃO PAULO,05403-010,"2929 - CENTRAL EQUIPAMENTO MÉDICO - CIEQ 09 PAMB ",,"20.000,00",282224,"0,00",,07/08/2024,,,,,80624960003,,COMODATO - KCI,ATIVO,KCI DO BRASIL,,,0c4c2ab9-f4ef-48b8-852b-1cd1c693abca,,,,,,,,,,,,,,,,,,,,,,,CEIC,available,EETV0352,ULTA,EQUIPAMENTO DE TERAPIA À VÁCUO
EETV0352,VFVS01586,,EQUIPAMENTO DE TERAPIA À VÁCUO,ULTA,KCI,NÃO CRÍTICO,,HOSPITAL DAS CLÍNICAS,INSTITUTO CENTRAL - ICHC,IC - CENTRAL DE EQUIPAMENTOS DO INSTITUTO CENTRAL - 6º EE," AVENIDA DOUTOR ENÉAS DE CARVALHO AGUIAR 255, CERQUEIRA CÉSAR, SÃO PAULO-SP",SP,CERQUEIRA CÉSAR,SÃO PAULO,05403-010,"2929 - CENTRAL EQUIPAMENTO MÉDICO - CIEQ 09 PAMB ",,"20.000,00",282224,"0,00",,07/08/2024,,,,,80624960003,,COMODATO - KCI,ATIVO,KCI DO BRASIL,,,b7609299-4589-42b1-8531-922f9d6c1e59,,,,,,,,,,,,,,,,,,,,,,,CEIC,available,EETV0352,ULTA,EQUIPAMENTO DE TERAPIA À VÁCUO
EETV0353,VFVS01591,,EQUIPAMENTO DE TERAPIA À VÁCUO,ULTA,KCI,NÃO CRÍTICO,,HOSPITAL DAS CLÍNICAS,INSTITUTO CENTRAL - ICHC,IC - CENTRAL DE EQUIPAMENTOS DO INSTITUTO CENTRAL - 6º EE," AVENIDA DOUTOR ENÉAS DE CARVALHO AGUIAR 255, CERQUEIRA CÉSAR, SÃO PAULO-SP",SP,CERQUEIRA CÉSAR,SÃO PAULO,05403-010,"2929 - CENTRAL EQUIPAMENTO MÉDICO - CIEQ 09 PAMB ",,"20.000,00",282224,"0,00",,07/08/2024,,,,,80624960003,,COMODATO - KCI,ATIVO,KCI DO BRASIL,,,78505354-1262-4617-93a4-c6293e0ac647,,,,,,,,,,,,,,,,,,,,,,,CEIC,available,EETV0353,ULTA,EQUIPAMENTO DE TERAPIA À VÁCUO
EETV0353,VFVS01591,,EQUIPAMENTO DE TERAPIA À VÁCUO,ULTA,KCI,NÃO CRÍTICO,,HOSPITAL DAS CLÍNICAS,INSTITUTO CENTRAL - ICHC,IC - CENTRAL DE EQUIPAMENTOS DO INSTITUTO CENTRAL - 6º EE," AVENIDA DOUTOR ENÉAS DE CARVALHO AGUIAR 255, CERQUEIRA CÉSAR, SÃO PAULO-SP",SP,CERQUEIRA CÉSAR,SÃO PAULO,05403-010,"2929 - CENTRAL EQUIPAMENTO MÉDICO - CIEQ 09 PAMB ",,"20.000,00",282224,"0,00",,07/08/2024,,,,,80624960003,,COMODATO - KCI,ATIVO,KCI DO BRASIL,,,1a8fb77f-c788-4a2f-9163-e373324fb9ec,,,,,,,,,,,,,,,,,,,,,,,CEIC,available,EETV0353,ULTA,EQUIPAMENTO DE TERAPIA À VÁCUO
EETV0354,VFVS01597,,EQUIPAMENTO DE TERAPIA À VÁCUO,ULTA,KCI,NÃO CRÍTICO,,HOSPITAL DAS CLÍNICAS,INSTITUTO CENTRAL - ICHC,IC - CENTRAL DE EQUIPAMENTOS DO INSTITUTO CENTRAL - 6º EE," AVENIDA DOUTOR ENÉAS DE CARVALHO AGUIAR 255, CERQUEIRA CÉSAR, SÃO PAULO-SP",SP,CERQUEIRA CÉSAR,SÃO PAULO,05403-010,"2929 - CENTRAL EQUIPAMENTO MÉDICO - CIEQ 09 PAMB ",,"20.000,00",282224,"0,00",,07/08/2024,,,,,80624960003,,COMODATO - KCI,ATIVO,KCI DO BRASIL,,,fcbcf4f3-9159-455c-a937-64401ca89520,,,,,,,,,,,,,,,,,,,,,,,CEIC,available,EETV0354,ULTA,EQUIPAMENTO DE TERAPIA À VÁCUO
EETV0354,VFVS01597,,EQUIPAMENTO DE TERAPIA À VÁCUO,ULTA,KCI,NÃO CRÍTICO,,HOSPITAL DAS CLÍNICAS,INSTITUTO CENTRAL - ICHC,IC - CENTRAL DE EQUIPAMENTOS DO INSTITUTO CENTRAL - 6º EE," AVENIDA DOUTOR ENÉAS DE CARVALHO AGUIAR 255, CERQUEIRA CÉSAR, SÃO PAULO-SP",SP,CERQUEIRA CÉSAR,SÃO PAULO,05403-010,"2929 - CENTRAL EQUIPAMENTO MÉDICO - CIEQ 09 PAMB ",,"20.000,00",282224,"0,00",,07/08/2024,,,,,80624960003,,COMODATO - KCI,ATIVO,KCI DO BRASIL,,,46d6a1b4-9875-410c-aa00-e1eb8879a5be,,,,,,,,,,,,,,,,,,,,,,,CEIC,available,EETV0354,ULTA,EQUIPAMENTO DE TERAPIA À VÁCUO
EETV0358,GAAC11936,,EQUIPAMENTO DE TERAPIA À VÁCUO,ULTA,KCI,NÃO CRÍTICO,,HOSPITAL DAS CLÍNICAS,INSTITUTO CENTRAL - ICHC,IC - CENTRAL DE EQUIPAMENTOS DO INSTITUTO CENTRAL - 6º EE," AVENIDA DOUTOR ENÉAS DE CARVALHO AGUIAR 255, CERQUEIRA CÉSAR, SÃO PAULO-SP",SP,CERQUEIRA CÉSAR,SÃO PAULO,05403-010,"2929 - CENTRAL EQUIPAMENTO MÉDICO - CIEQ 09 PAMB ",,"20.000,00",284967,"0,00",,13/09/2024,,,,,80624960003,,COMODATO - SOLVENTUM - 3M KCI,ATIVO,KCI DO BRASIL,,,e2045346-dda5-4c0c-99f4-8c23142286f1,,,,,,,,,,,,,,,,,,,,,,,CEIC,available,EETV0358,ULTA,EQUIPAMENTO DE TERAPIA À VÁCUO
EETV0358,GAAC11936,,EQUIPAMENTO DE TERAPIA À VÁCUO,ULTA,KCI,NÃO CRÍTICO,,HOSPITAL DAS CLÍNICAS,INSTITUTO CENTRAL - ICHC,IC - CENTRAL DE EQUIPAMENTOS DO INSTITUTO CENTRAL - 6º EE," AVENIDA DOUTOR ENÉAS DE CARVALHO AGUIAR 255, CERQUEIRA CÉSAR, SÃO PAULO-SP",SP,CERQUEIRA CÉSAR,SÃO PAULO,05403-010,"2929 - CENTRAL EQUIPAMENTO MÉDICO - CIEQ 09 PAMB ",,"20.000,00",284967,"0,00",,13/09/2024,,,,,80624960003,,COMODATO - SOLVENTUM - 3M KCI,ATIVO,KCI DO BRASIL,,,9ece6bfb-1705-4363-80fe-1c60a373098d,,,,,,,,,,,,,,,,,,,,,,,CEIC,available,EETV0358,ULTA,EQUIPAMENTO DE TERAPIA À VÁCUO
EETV0359,VFVS01585,,EQUIPAMENTO DE TERAPIA À VÁCUO,ULTA,KCI,NÃO CRÍTICO,,HOSPITAL DAS CLÍNICAS,INSTITUTO CENTRAL - ICHC,IC - CENTRAL DE EQUIPAMENTOS DO INSTITUTO CENTRAL - 6º EE," AVENIDA DOUTOR ENÉAS DE CARVALHO AGUIAR 255, CERQUEIRA CÉSAR, SÃO PAULO-SP",SP,CERQUEIRA CÉSAR,SÃO PAULO,05403-010,"2929 - CENTRAL EQUIPAMENTO MÉDICO - CIEQ 09 PAMB ",,"20.000,00",286024,"0,00",,07/10/2024,,,,,80624960003,,COMODATO - SOLVENTUM - 3M KCI,ATIVO,KCI DO BRASIL,,,f75c9042-55ff-403e-8d1c-d4e7874f616a,,,,,,,,,,,,,,,,,,,,,,,CEIC,available,EETV0359,ULTA,EQUIPAMENTO DE TERAPIA À VÁCUO
EETV0359,VFVS01585,,EQUIPAMENTO DE TERAPIA À VÁCUO,ULTA,KCI,NÃO CRÍTICO,,HOSPITAL DAS CLÍNICAS,INSTITUTO CENTRAL - ICHC,IC - CENTRAL DE EQUIPAMENTOS DO INSTITUTO CENTRAL - 6º EE," AVENIDA DOUTOR ENÉAS DE CARVALHO AGUIAR 255, CERQUEIRA CÉSAR, SÃO PAULO-SP",SP,CERQUEIRA CÉSAR,SÃO PAULO,05403-010,"2929 - CENTRAL EQUIPAMENTO MÉDICO - CIEQ 09 PAMB ",,"20.000,00",286024,"0,00",,07/10/2024,,,,,80624960003,,COMODATO - SOLVENTUM - 3M KCI,ATIVO,KCI DO BRASIL,,,15f08b78-9a5d-4f74-9def-4dd27955308a,,,,,,,,,,,,,,,,,,,,,,,CEIC,available,EETV0359,ULTA,EQUIPAMENTO DE TERAPIA À VÁCUO
EETV0360,GAAC17180,,EQUIPAMENTO DE TERAPIA À VÁCUO,ULTA,KCI,NÃO CRÍTICO,,HOSPITAL DAS CLÍNICAS,INSTITUTO CENTRAL - ICHC,IC - CENTRAL DE EQUIPAMENTOS DO INSTITUTO CENTRAL - 6º EE," AVENIDA DOUTOR ENÉAS DE CARVALHO AGUIAR 255, CERQUEIRA CÉSAR, SÃO PAULO-SP",SP,CERQUEIRA CÉSAR,SÃO PAULO,05403-010,"2929 - CENTRAL EQUIPAMENTO MÉDICO - CIEQ 09 PAMB ",,"20.000,00",288648,"0,00",,22/10/2024,,,,,80624960003,,COMODATO - KCI,ATIVO,KCI DO BRASIL,,,f1105dc9-df5d-46ef-9422-eeb725999517,,,,,,,,,,,,,,,,,,,,,,,CEIC,available,EETV0360,ULTA,EQUIPAMENTO DE TERAPIA À VÁCUO
EETV0360,GAAC17180,,EQUIPAMENTO DE TERAPIA À VÁCUO,ULTA,KCI,NÃO CRÍTICO,,HOSPITAL DAS CLÍNICAS,INSTITUTO CENTRAL - ICHC,IC - CENTRAL DE EQUIPAMENTOS DO INSTITUTO CENTRAL - 6º EE," AVENIDA DOUTOR ENÉAS DE CARVALHO AGUIAR 255, CERQUEIRA CÉSAR, SÃO PAULO-SP",SP,CERQUEIRA CÉSAR,SÃO PAULO,05403-010,"2929 - CENTRAL EQUIPAMENTO MÉDICO - CIEQ 09 PAMB ",,"20.000,00",288648,"0,00",,22/10/2024,,,,,80624960003,,COMODATO - KCI,ATIVO,KCI DO BRASIL,,,c568b1ca-9a61-4ca3-845f-e7069b84a055,,,,,,,,,,,,,,,,,,,,,,,CEIC,available,EETV0360,ULTA,EQUIPAMENTO DE TERAPIA À VÁCUO
EETV0365,GAAC19324,,EQUIPAMENTO DE TERAPIA À VÁCUO,ULTA,KCI,NÃO CRÍTICO,,HOSPITAL DAS CLÍNICAS,INSTITUTO CENTRAL - ICHC,IC - CENTRAL DE EQUIPAMENTOS DO INSTITUTO CENTRAL - 6º EE," AVENIDA DOUTOR ENÉAS DE CARVALHO AGUIAR 255, CERQUEIRA CÉSAR, SÃO PAULO-SP",SP,CERQUEIRA CÉSAR,SÃO PAULO,05403-010,"2929 - CENTRAL EQUIPAMENTO MÉDICO - CIEQ 09 PAMB ",,"20.000,00",302566,"0,00",,29/04/2025,,,,,80624960003,,COMODATO - KCI,ATIVO,KCI DO BRASIL,28/04/2025 - EQUIPAMENTO EM COMODATO ENTREGUE EM SUBSTITUIÇÃO A EETV0345.,,5fcd4f03-e84c-49d4-8e7c-79b241c6a30b,,,,,,,,,,,,,,,,,,,,,,,CEIC,available,EETV0365,ULTA,EQUIPAMENTO DE TERAPIA À VÁCUO
EETV0365,GAAC19324,,EQUIPAMENTO DE TERAPIA À VÁCUO,ULTA,KCI,NÃO CRÍTICO,,HOSPITAL DAS CLÍNICAS,INSTITUTO CENTRAL - ICHC,IC - CENTRAL DE EQUIPAMENTOS DO INSTITUTO CENTRAL - 6º EE," AVENIDA DOUTOR ENÉAS DE CARVALHO AGUIAR 255, CERQUEIRA CÉSAR, SÃO PAULO-SP",SP,CERQUEIRA CÉSAR,SÃO PAULO,05403-010,"2929 - CENTRAL EQUIPAMENTO MÉDICO - CIEQ 09 PAMB ",,"20.000,00",302566,"0,00",,29/04/2025,,,,,80624960003,,COMODATO - KCI,ATIVO,KCI DO BRASIL,28/04/2025 - EQUIPAMENTO EM COMODATO ENTREGUE EM SUBSTITUIÇÃO A EETV0345.,,aead06d6-3343-4bfc-be80-864c8af68030,,,,,,,,,,,,,,,,,,,,,,,CEIC,available,EETV0365,ULTA,EQUIPAMENTO DE TERAPIA À VÁCUO
EETV0366,GAAK06495,,EQUIPAMENTO DE TERAPIA À VÁCUO,ULTA,KCI,NÃO CRÍTICO,,HOSPITAL DAS CLÍNICAS,INSTITUTO CENTRAL - ICHC,IC - CENTRAL DE EQUIPAMENTOS DO INSTITUTO CENTRAL - 6º EE," AVENIDA DOUTOR ENÉAS DE CARVALHO AGUIAR 255, CERQUEIRA CÉSAR, SÃO PAULO-SP",SP,CERQUEIRA CÉSAR,SÃO PAULO,05403-010,"2929 - CENTRAL EQUIPAMENTO MÉDICO - CIEQ 09 PAMB ",,"20.000,00",303997,"0,00",,20/05/2025,,,,,80624960003,,COMODATO - KCI,ATIVO,KCI DO BRASIL,20/05/2025 - EQUIPAMENTO EM COMODATO EM SUBSTITUIÇÃO DO EETV0330 SN:GAAC21119.,,07336de8-0ce4-4597-b44c-cec7b4c4a1ed,03DN,,2026-04-10 01:00:08.316+00,true,,,,,false,,,,,,,,,,,,true,2026-04-10 01:00:13.836+00,CEIC,available,EETV0366,ULTA,EQUIPAMENTO DE TERAPIA À VÁCUO
EETV0366,GAAK06495,,EQUIPAMENTO DE TERAPIA À VÁCUO,ULTA,KCI,NÃO CRÍTICO,,HOSPITAL DAS CLÍNICAS,INSTITUTO CENTRAL - ICHC,IC - CENTRAL DE EQUIPAMENTOS DO INSTITUTO CENTRAL - 6º EE," AVENIDA DOUTOR ENÉAS DE CARVALHO AGUIAR 255, CERQUEIRA CÉSAR, SÃO PAULO-SP",SP,CERQUEIRA CÉSAR,SÃO PAULO,05403-010,"2929 - CENTRAL EQUIPAMENTO MÉDICO - CIEQ 09 PAMB ",,"20.000,00",303997,"0,00",,20/05/2025,,,,,80624960003,,COMODATO - KCI,ATIVO,KCI DO BRASIL,20/05/2025 - EQUIPAMENTO EM COMODATO EM SUBSTITUIÇÃO DO EETV0330 SN:GAAC21119.,,82351768-c6dd-429e-ae1c-749814f1fbec,03DN,,2026-03-26 19:35:03.149+00,true,,,,,false,teste,teste,2026-03-30 11:10:39.071+00,,,,,,,,,true,2026-04-10 01:00:15.097+00,CEIC,available,EETV0366,ULTA,EQUIPAMENTO DE TERAPIA À VÁCUO
EETV0368,GAAC17473,,EQUIPAMENTO DE TERAPIA À VÁCUO,ULTA,KCI,NÃO CRÍTICO,,HOSPITAL DAS CLÍNICAS,INSTITUTO CENTRAL - ICHC,IC - CENTRAL DE EQUIPAMENTOS DO INSTITUTO CENTRAL - 6º EE," AVENIDA DOUTOR ENÉAS DE CARVALHO AGUIAR 255, CERQUEIRA CÉSAR, SÃO PAULO-SP",SP,CERQUEIRA CÉSAR,SÃO PAULO,05403-010,"2929 - CENTRAL EQUIPAMENTO MÉDICO - CIEQ 09 PAMB ",,"20.000,00",311246,"0,00",,26/08/2025,,,,,80624960003,,COMODATO - KCI,ATIVO,KCI DO BRASIL,"26/08/2025 - EQUIPAMENTO EM COMODATO EM SUBSTITUIÇÃO DA EETV0329 SN: GAAC19358, REPROVADO EM PREVENTIVA.",,05e613f4-1b1e-44be-a771-f2e211fa8311,,,,,,,,,,,,,,,,,,,,,,,CEIC,available,EETV0368,ULTA,EQUIPAMENTO DE TERAPIA À VÁCUO
EETV0368,GAAC17473,,EQUIPAMENTO DE TERAPIA À VÁCUO,ULTA,KCI,NÃO CRÍTICO,,HOSPITAL DAS CLÍNICAS,INSTITUTO CENTRAL - ICHC,IC - CENTRAL DE EQUIPAMENTOS DO INSTITUTO CENTRAL - 6º EE," AVENIDA DOUTOR ENÉAS DE CARVALHO AGUIAR 255, CERQUEIRA CÉSAR, SÃO PAULO-SP",SP,CERQUEIRA CÉSAR,SÃO PAULO,05403-010,"2929 - CENTRAL EQUIPAMENTO MÉDICO - CIEQ 09 PAMB ",,"20.000,00",311246,"0,00",,26/08/2025,,,,,80624960003,,COMODATO - KCI,ATIVO,KCI DO BRASIL,"26/08/2025 - EQUIPAMENTO EM COMODATO EM SUBSTITUIÇÃO DA EETV0329 SN: GAAC19358, REPROVADO EM PREVENTIVA.",,1d2e5b79-8f3a-42cb-b3bb-b65a890121b5,,,,,,,,,,,,,,,,,,,,,,,CEIC,available,EETV0368,ULTA,EQUIPAMENTO DE TERAPIA À VÁCUO
EFLU0063,7946445,,FONTE DE LUZ,CLH-250,OLYMPUS,NÃO CRÍTICO,BAIXA,HOSPITAL DAS CLÍNICAS,INSTITUTO CENTRAL - ICHC,IC - CENTRAL DE EQUIPAMENTOS DO INSTITUTO CENTRAL - 6º EE," AVENIDA DOUTOR ENÉAS DE CARVALHO AGUIAR 255, CERQUEIRA CÉSAR, SÃO PAULO-SP",SP,CERQUEIRA CÉSAR,SÃO PAULO,05403-010,"2929 - CENTRAL EQUIPAMENTO MÉDICO - CIEQ 09 PAMB ",,"483,00",,"483,00",,06/06/2014,,,,,80124630014,,PRÓPRIO,ATIVO,,,,961f6343-6154-40f6-95ce-686af6a527f9,,,,,,,,,,,,,,,,,,,,,,,CEIC,available,EFLU0063,CLH-250,FONTE DE LUZ
EFLU0063,7946445,,FONTE DE LUZ,CLH-250,OLYMPUS,NÃO CRÍTICO,BAIXA,HOSPITAL DAS CLÍNICAS,INSTITUTO CENTRAL - ICHC,IC - CENTRAL DE EQUIPAMENTOS DO INSTITUTO CENTRAL - 6º EE," AVENIDA DOUTOR ENÉAS DE CARVALHO AGUIAR 255, CERQUEIRA CÉSAR, SÃO PAULO-SP",SP,CERQUEIRA CÉSAR,SÃO PAULO,05403-010,"2929 - CENTRAL EQUIPAMENTO MÉDICO - CIEQ 09 PAMB ",,"483,00",,"483,00",,06/06/2014,,,,,80124630014,,PRÓPRIO,ATIVO,,,,74501e47-ba45-4c66-958d-57d61dd075b8,,,,,,,,,,,,,,,,,,,,,,,CEIC,available,EFLU0063,CLH-250,FONTE DE LUZ
EGFL0002,148,,GERADOR DE FLUXO,NEWFLUX,MEDCIR,NÃO CRÍTICO,BAIXA,HOSPITAL DAS CLÍNICAS,INSTITUTO CENTRAL - ICHC,IC - CENTRAL DE EQUIPAMENTOS DO INSTITUTO CENTRAL - 6º EE," AVENIDA DOUTOR ENÉAS DE CARVALHO AGUIAR 255, CERQUEIRA CÉSAR, SÃO PAULO-SP",SP,CERQUEIRA CÉSAR,SÃO PAULO,05403-010,"2929 - CENTRAL EQUIPAMENTO MÉDICO - CIEQ 09 PAMB ",,"1.350,00",,"1.350,00",,29/07/2014,,,,,10232100033,,PRÓPRIO,ATIVO,,CIEQ,,bfc7d39b-b071-49a0-a00b-00d01bcaa392,,,,,,,,,,,,,,,,,,,,,,,CEIC,available,EGFL0002,NEWFLUX,GERADOR DE FLUXO
EGFL0003,154,,GERADOR DE FLUXO,NEWFLUX,MEDCIR,NÃO CRÍTICO,BAIXA,HOSPITAL DAS CLÍNICAS,INSTITUTO CENTRAL - ICHC,IC - CENTRAL DE EQUIPAMENTOS DO INSTITUTO CENTRAL - 6º EE," AVENIDA DOUTOR ENÉAS DE CARVALHO AGUIAR 255, CERQUEIRA CÉSAR, SÃO PAULO-SP",SP,CERQUEIRA CÉSAR,SÃO PAULO,05403-010,"2929 - CENTRAL EQUIPAMENTO MÉDICO - CIEQ 09 PAMB ",,"1.350,00",,"1.350,00",,29/07/2014,,,,,10232100033,,PRÓPRIO,ATIVO,,,,30510881-a416-49e5-a0ce-981a610ac8aa,,,,,,,,,,,,,,,,,,,,,,,CEIC,available,EGFL0003,NEWFLUX,GERADOR DE FLUXO
EGFL0004,147,,GERADOR DE FLUXO,NEWFLUX,MEDCIR,NÃO CRÍTICO,BAIXA,HOSPITAL DAS CLÍNICAS,INSTITUTO CENTRAL - ICHC,IC - CENTRAL DE EQUIPAMENTOS DO INSTITUTO CENTRAL - 6º EE," AVENIDA DOUTOR ENÉAS DE CARVALHO AGUIAR 255, CERQUEIRA CÉSAR, SÃO PAULO-SP",SP,CERQUEIRA CÉSAR,SÃO PAULO,05403-010,"2929 - CENTRAL EQUIPAMENTO MÉDICO - CIEQ 09 PAMB ",,"1.350,00",,"1.350,00",,29/07/2014,,,,,10232100033,,PRÓPRIO,ATIVO,,,,92e3f4d9-cf24-441e-88be-d4d38c059e04,,,,,,,,,,,,,,,,,,,,,,,CEIC,available,EGFL0004,NEWFLUX,GERADOR DE FLUXO
EGFL0005,151,,GERADOR DE FLUXO,NEWFLUX,MEDCIR,NÃO CRÍTICO,BAIXA,HOSPITAL DAS CLÍNICAS,INSTITUTO CENTRAL - ICHC,IC - CENTRAL DE EQUIPAMENTOS DO INSTITUTO CENTRAL - 6º EE," AVENIDA DOUTOR ENÉAS DE CARVALHO AGUIAR 255, CERQUEIRA CÉSAR, SÃO PAULO-SP",SP,CERQUEIRA CÉSAR,SÃO PAULO,05403-010,"2929 - CENTRAL EQUIPAMENTO MÉDICO - CIEQ 09 PAMB ",,"1.350,00",,"1.350,00",,29/07/2014,,,,,10232100033,,PRÓPRIO,ATIVO,,,,5adf924b-b5e0-420a-b457-741403798924,,,,,,,,,,,,,,,,,,,,,,,CEIC,available,EGFL0005,NEWFLUX,GERADOR DE FLUXO
EGFL0006,140,,GERADOR DE FLUXO,NEWFLUX,MEDCIR,NÃO CRÍTICO,BAIXA,HOSPITAL DAS CLÍNICAS,INSTITUTO CENTRAL - ICHC,IC - CENTRAL DE EQUIPAMENTOS DO INSTITUTO CENTRAL - 6º EE," AVENIDA DOUTOR ENÉAS DE CARVALHO AGUIAR 255, CERQUEIRA CÉSAR, SÃO PAULO-SP",SP,CERQUEIRA CÉSAR,SÃO PAULO,05403-010,"2929 - CENTRAL EQUIPAMENTO MÉDICO - CIEQ 09 PAMB ",,"1.350,00",,"1.350,00",,29/07/2014,,,,,10232100033,,PRÓPRIO,ATIVO,,,,9cbc5bf5-ec69-4a79-8b07-2d039a2ca4c2,03DN,,2026-03-26 21:37:19.5+00,true,,,,,false,,,,,,,,,,,,false,2026-03-26 21:37:32.834+00,CEIC,available,EGFL0006,NEWFLUX,GERADOR DE FLUXO
EGFL0007,157,,GERADOR DE FLUXO,NEWFLUX,MEDCIR,NÃO CRÍTICO,BAIXA,HOSPITAL DAS CLÍNICAS,INSTITUTO CENTRAL - ICHC,IC - CENTRAL DE EQUIPAMENTOS DO INSTITUTO CENTRAL - 6º EE," AVENIDA DOUTOR ENÉAS DE CARVALHO AGUIAR 255, CERQUEIRA CÉSAR, SÃO PAULO-SP",SP,CERQUEIRA CÉSAR,SÃO PAULO,05403-010,"2929 - CENTRAL EQUIPAMENTO MÉDICO - CIEQ 09 PAMB ",,"1.350,00",,"1.350,00",,29/07/2014,,,,,10232100033,,PRÓPRIO,ATIVO,,,,b9477a23-0877-42f2-95d7-c4f6400b8b53,,,,,,,,,,,,,,,,,,,,,,,CEIC,available,EGFL0007,NEWFLUX,GERADOR DE FLUXO
EGFL0008,149,,GERADOR DE FLUXO,NEWFLUX,MEDCIR,NÃO CRÍTICO,BAIXA,HOSPITAL DAS CLÍNICAS,INSTITUTO CENTRAL - ICHC,IC - CENTRAL DE EQUIPAMENTOS DO INSTITUTO CENTRAL - 6º EE," AVENIDA DOUTOR ENÉAS DE CARVALHO AGUIAR 255, CERQUEIRA CÉSAR, SÃO PAULO-SP",SP,CERQUEIRA CÉSAR,SÃO PAULO,05403-010,"2929 - CENTRAL EQUIPAMENTO MÉDICO - CIEQ 09 PAMB ",,"1.350,00",,"1.350,00",,29/07/2014,,,,,10232100033,,PRÓPRIO,ATIVO,,,,aa363dbc-cb01-4f99-8a2d-c99baac074ab,,,,,,,,,,,,,,,,,,,,,,,CEIC,available,EGFL0008,NEWFLUX,GERADOR DE FLUXO
EGFL0009,152,,GERADOR DE FLUXO,NEWFLUX,MEDCIR,NÃO CRÍTICO,BAIXA,HOSPITAL DAS CLÍNICAS,INSTITUTO CENTRAL - ICHC,IC - CENTRAL DE EQUIPAMENTOS DO INSTITUTO CENTRAL - 6º EE," AVENIDA DOUTOR ENÉAS DE CARVALHO AGUIAR 255, CERQUEIRA CÉSAR, SÃO PAULO-SP",SP,CERQUEIRA CÉSAR,SÃO PAULO,05403-010,"2929 - CENTRAL EQUIPAMENTO MÉDICO - CIEQ 09 PAMB ",,"1.350,00",,"1.350,00",,29/07/2014,,,,,10232100033,,PRÓPRIO,ATIVO,,SÉRIE MARCADA NO GERADOR: 10232100033.,DE SERVIÇO: NEWMED PRODUTOS PARA SAUDE LTDA ATÉ: 04/01/2016 NA OS: 15010285,c396dcc8-a767-4745-975d-8a2ff019a805,,,,,,,,,,,,,,,,,,,,,,,CEIC,available,EGFL0009,NEWFLUX,GERADOR DE FLUXO
EGFL0010,156,,GERADOR DE FLUXO,NEWFLUX,MEDCIR,NÃO CRÍTICO,BAIXA,HOSPITAL DAS CLÍNICAS,INSTITUTO CENTRAL - ICHC,IC - CENTRAL DE EQUIPAMENTOS DO INSTITUTO CENTRAL - 6º EE," AVENIDA DOUTOR ENÉAS DE CARVALHO AGUIAR 255, CERQUEIRA CÉSAR, SÃO PAULO-SP",SP,CERQUEIRA CÉSAR,SÃO PAULO,05403-010,"2929 - CENTRAL EQUIPAMENTO MÉDICO - CIEQ 09 PAMB ",,"1.350,00",,"1.350,00",,29/07/2014,,,,,10232100033,,PRÓPRIO,ATIVO,,,,4b4cae37-7c34-4b86-bd2a-272612c4be69,,,,,,,,,,,,,,,,,,,,,,,CEIC,available,EGFL0010,NEWFLUX,GERADOR DE FLUXO
EGFL0011,145,,GERADOR DE FLUXO,NEWFLUX,MEDCIR,NÃO CRÍTICO,BAIXA,HOSPITAL DAS CLÍNICAS,INSTITUTO CENTRAL - ICHC,IC - CENTRAL DE EQUIPAMENTOS DO INSTITUTO CENTRAL - 6º EE," AVENIDA DOUTOR ENÉAS DE CARVALHO AGUIAR 255, CERQUEIRA CÉSAR, SÃO PAULO-SP",SP,CERQUEIRA CÉSAR,SÃO PAULO,05403-010,"2929 - CENTRAL EQUIPAMENTO MÉDICO - CIEQ 09 PAMB ",,"1.350,00",,"1.350,00",,29/07/2014,,,,,10232100033,,PRÓPRIO,ATIVO,,,DE SERVIÇO: NEWMED PRODUTOS PARA SAUDE LTDA ATÉ: 04/01/2016 NA OS: 15010286,02d4c0f9-7e91-4df8-b81d-7684a9b6d66d,,,,,,,,,,,,,,,,,,,,,,,CEIC,available,EGFL0011,NEWFLUX,GERADOR DE FLUXO
EGFL0012,159,,GERADOR DE FLUXO,NEWFLUX,MEDCIR,NÃO CRÍTICO,BAIXA,HOSPITAL DAS CLÍNICAS,INSTITUTO CENTRAL - ICHC,IC - CENTRAL DE EQUIPAMENTOS DO INSTITUTO CENTRAL - 6º EE," AVENIDA DOUTOR ENÉAS DE CARVALHO AGUIAR 255, CERQUEIRA CÉSAR, SÃO PAULO-SP",SP,CERQUEIRA CÉSAR,SÃO PAULO,05403-010,"2929 - CENTRAL EQUIPAMENTO MÉDICO - CIEQ 09 PAMB ",,"1.350,00",,"1.350,00",,29/07/2014,,,,,10232100033,,PRÓPRIO,ATIVO,,,,a93d14fe-69a6-4e22-9613-de9e68f05c77,,,,,,,,,,,,,,,,,,,,,,,CEIC,available,EGFL0012,NEWFLUX,GERADOR DE FLUXO
EGFL0013,144,,GERADOR DE FLUXO,NEWFLUX,MEDCIR,NÃO CRÍTICO,BAIXA,HOSPITAL DAS CLÍNICAS,INSTITUTO CENTRAL - ICHC,IC - CENTRAL DE EQUIPAMENTOS DO INSTITUTO CENTRAL - 6º EE," AVENIDA DOUTOR ENÉAS DE CARVALHO AGUIAR 255, CERQUEIRA CÉSAR, SÃO PAULO-SP",SP,CERQUEIRA CÉSAR,SÃO PAULO,05403-010,"2929 - CENTRAL EQUIPAMENTO MÉDICO - CIEQ 09 PAMB ",,"1.350,00",,"1.350,00",,29/07/2014,,,,,10232100033,,PRÓPRIO,ATIVO,,,,1ecf4379-0684-4ba5-926c-d92b79e64e20,,,,,,,,,,,,,,,,,,,,,,,CEIC,available,EGFL0013,NEWFLUX,GERADOR DE FLUXO
EGFL0014,153,,GERADOR DE FLUXO,NEWFLUX,MEDCIR,NÃO CRÍTICO,BAIXA,HOSPITAL DAS CLÍNICAS,INSTITUTO CENTRAL - ICHC,IC - CENTRAL DE EQUIPAMENTOS DO INSTITUTO CENTRAL - 6º EE," AVENIDA DOUTOR ENÉAS DE CARVALHO AGUIAR 255, CERQUEIRA CÉSAR, SÃO PAULO-SP",SP,CERQUEIRA CÉSAR,SÃO PAULO,05403-010,"2929 - CENTRAL EQUIPAMENTO MÉDICO - CIEQ 09 PAMB ",,"1.350,00",,"1.350,00",,29/07/2014,,,,,10232100033,,PRÓPRIO,ATIVO,,,,eb664635-81bd-41ef-ba1d-d2e43451e13a,,,,,,,,,,,,,,,,,,,,,,,CEIC,available,EGFL0014,NEWFLUX,GERADOR DE FLUXO
EGFL0015,146,,GERADOR DE FLUXO,NEWFLUX,MEDCIR,NÃO CRÍTICO,BAIXA,HOSPITAL DAS CLÍNICAS,INSTITUTO CENTRAL - ICHC,IC - CENTRAL DE EQUIPAMENTOS DO INSTITUTO CENTRAL - 6º EE," AVENIDA DOUTOR ENÉAS DE CARVALHO AGUIAR 255, CERQUEIRA CÉSAR, SÃO PAULO-SP",SP,CERQUEIRA CÉSAR,SÃO PAULO,05403-010,"2929 - CENTRAL EQUIPAMENTO MÉDICO - CIEQ 09 PAMB ",,"1.350,00",,"1.350,00",,29/07/2014,,,,,10232100033,,PRÓPRIO,ATIVO,,,,1665787b-a0ce-404b-91cd-ca80dc090890,,,,,,,,,,,,,,,,,,,,,,,CEIC,available,EGFL0015,NEWFLUX,GERADOR DE FLUXO
EGFL0016,161,,GERADOR DE FLUXO,NEWFLUX,MEDCIR,NÃO CRÍTICO,BAIXA,HOSPITAL DAS CLÍNICAS,INSTITUTO CENTRAL - ICHC,IC - CENTRAL DE EQUIPAMENTOS DO INSTITUTO CENTRAL - 6º EE," AVENIDA DOUTOR ENÉAS DE CARVALHO AGUIAR 255, CERQUEIRA CÉSAR, SÃO PAULO-SP",SP,CERQUEIRA CÉSAR,SÃO PAULO,05403-010,"2929 - CENTRAL EQUIPAMENTO MÉDICO - CIEQ 09 PAMB ",,"1.350,00",,"1.350,00",,29/07/2014,,,,,10232100033,,PRÓPRIO,ATIVO,,,,a5eab847-15a8-4c81-955d-4eb538425637,,,,,,,,,,,,,,,,,,,,,,,CEIC,available,EGFL0016,NEWFLUX,GERADOR DE FLUXO
EGFL0017,142,,GERADOR DE FLUXO,NEWFLUX,MEDCIR,NÃO CRÍTICO,BAIXA,HOSPITAL DAS CLÍNICAS,INSTITUTO CENTRAL - ICHC,IC - CENTRAL DE EQUIPAMENTOS DO INSTITUTO CENTRAL - 6º EE," AVENIDA DOUTOR ENÉAS DE CARVALHO AGUIAR 255, CERQUEIRA CÉSAR, SÃO PAULO-SP",SP,CERQUEIRA CÉSAR,SÃO PAULO,05403-010,"2929 - CENTRAL EQUIPAMENTO MÉDICO - CIEQ 09 PAMB ",,"1.350,00",,"1.350,00",,29/07/2014,,,,,10232100033,,PRÓPRIO,ATIVO,MEDICAL CIRURGICA LTDA.,,,82d73443-e926-4248-923f-b2967a2dc95f,,,,,,,,,,,,,,,,,,,,,,,CEIC,available,EGFL0017,NEWFLUX,GERADOR DE FLUXO
EGFL0021,143,,GERADOR DE FLUXO,NEWFLUX,MEDCIR,NÃO CRÍTICO,BAIXA,HOSPITAL DAS CLÍNICAS,INSTITUTO CENTRAL - ICHC,IC - CENTRAL DE EQUIPAMENTOS DO INSTITUTO CENTRAL - 6º EE," AVENIDA DOUTOR ENÉAS DE CARVALHO AGUIAR 255, CERQUEIRA CÉSAR, SÃO PAULO-SP",SP,CERQUEIRA CÉSAR,SÃO PAULO,05403-010,"2929 - CENTRAL EQUIPAMENTO MÉDICO - CIEQ 09 PAMB ",,"1.350,00",,"1.350,00",,29/07/2015,,,,,10232100033,,PRÓPRIO,ATIVO,MEDICAL CIRURGICA LTDA.,,,711ca043-04fb-4cb6-bcc3-9233e1b7e7f6,,,,,,,,,,,,,,,,,,,,,,,CEIC,available,EGFL0021,NEWFLUX,GERADOR DE FLUXO
EGFL0022,150,,GERADOR DE FLUXO,NEWFLUX,MEDCIR,NÃO CRÍTICO,BAIXA,HOSPITAL DAS CLÍNICAS,INSTITUTO CENTRAL - ICHC,IC - CENTRAL DE EQUIPAMENTOS DO INSTITUTO CENTRAL - 6º EE," AVENIDA DOUTOR ENÉAS DE CARVALHO AGUIAR 255, CERQUEIRA CÉSAR, SÃO PAULO-SP",SP,CERQUEIRA CÉSAR,SÃO PAULO,05403-010,"2929 - CENTRAL EQUIPAMENTO MÉDICO - CIEQ 09 PAMB ",,"1.350,00",,"1.350,00",,29/07/2015,,,,,10232100033,,PRÓPRIO,ATIVO,MEDICAL CIRURGICA LTDA.,,,a7752afe-deeb-4ced-ad7a-675841b924b2,,,,,,,,,,,,,,,,,,,,,,,CEIC,available,EGFL0022,NEWFLUX,GERADOR DE FLUXO
EGFL0023,162,,GERADOR DE FLUXO,NEWFLUX,MEDCIR,NÃO CRÍTICO,BAIXA,HOSPITAL DAS CLÍNICAS,INSTITUTO CENTRAL - ICHC,IC - CENTRAL DE EQUIPAMENTOS DO INSTITUTO CENTRAL - 6º EE," AVENIDA DOUTOR ENÉAS DE CARVALHO AGUIAR 255, CERQUEIRA CÉSAR, SÃO PAULO-SP",SP,CERQUEIRA CÉSAR,SÃO PAULO,05403-010,"2929 - CENTRAL EQUIPAMENTO MÉDICO - CIEQ 09 PAMB ",,"1.350,00",,"1.350,00",,29/07/2015,,,,,10232100033,,PRÓPRIO,ATIVO,MEDICAL CIRURGICA LTDA.,,,05f1adee-9de7-4081-837c-d72ff5a2b683,,,,,,,,,,,,,,,,,,,,,,,CEIC,available,EGFL0023,NEWFLUX,GERADOR DE FLUXO
EGFL0024,R6098CES050199,,GERADOR DE FLUXO,SEM MODELO,VITAL SIGNS,NÃO CRÍTICO,BAIXA,HOSPITAL DAS CLÍNICAS,INSTITUTO CENTRAL - ICHC,IC - CENTRAL DE EQUIPAMENTOS DO INSTITUTO CENTRAL - 6º EE," AVENIDA DOUTOR ENÉAS DE CARVALHO AGUIAR 255, CERQUEIRA CÉSAR, SÃO PAULO-SP",SP,CERQUEIRA CÉSAR,SÃO PAULO,05403-010,"2929 - CENTRAL EQUIPAMENTO MÉDICO - CIEQ 09 PAMB ",,"677,00",,"677,00",,25/08/2015,,,,,,,PRÓPRIO,ATIVO,,,,897ef775-35d9-4a3d-9a79-2c6bac3f98d3,,,,,,,,,,,,,,,,,,,,,,,CEIC,available,EGFL0024,SEM MODELO,GERADOR DE FLUXO
EGFL0025,,HC81292,GERADOR DE FLUXO,SEM MODELO,VITAL SIGNS,NÃO CRÍTICO,BAIXA,HOSPITAL DAS CLÍNICAS,INSTITUTO CENTRAL - ICHC,IC - CENTRAL DE EQUIPAMENTOS DO INSTITUTO CENTRAL - 6º EE," AVENIDA DOUTOR ENÉAS DE CARVALHO AGUIAR 255, CERQUEIRA CÉSAR, SÃO PAULO-SP",SP,CERQUEIRA CÉSAR,SÃO PAULO,05403-010,"2929 - CENTRAL EQUIPAMENTO MÉDICO - CIEQ 09 PAMB ",,"677,00",,"677,00",,25/08/2015,,,,,,,PRÓPRIO,ATIVO,,,,dcbbe1cd-25c2-4d80-a876-2f6469d03309,,,,,,,,,,,,,,,,,,,,,,,CEIC,available,EGFL0025,SEM MODELO,GERADOR DE FLUXO
EGFL0026,,HC81054,GERADOR DE FLUXO,SEM MODELO,,NÃO CRÍTICO,BAIXA,HOSPITAL DAS CLÍNICAS,INSTITUTO CENTRAL - ICHC,IC - CENTRAL DE EQUIPAMENTOS DO INSTITUTO CENTRAL - 6º EE," AVENIDA DOUTOR ENÉAS DE CARVALHO AGUIAR 255, CERQUEIRA CÉSAR, SÃO PAULO-SP",SP,CERQUEIRA CÉSAR,SÃO PAULO,05403-010,"2929 - CENTRAL EQUIPAMENTO MÉDICO - CIEQ 09 PAMB ",,"677,00",,"677,00",,17/07/2018,,,,,,,PRÓPRIO,ATIVO,,,,99315868-7ce7-466f-9017-546a8b9baa9a,,,,,,,,,,,,,,,,,,,,,,,CEIC,available,EGFL0026,SEM MODELO,GERADOR DE FLUXO
EMCA0083,DE83735710,,MÓDULO DE CAPNOGRAFIA,M3014A - EXTENSOR,PHILIPS,SEMI-CRÍTICO,MÉDIA,HOSPITAL DAS CLÍNICAS,INSTITUTO CENTRAL - ICHC,IC - CENTRAL DE EQUIPAMENTOS DO INSTITUTO CENTRAL - 6º EE," AVENIDA DOUTOR ENÉAS DE CARVALHO AGUIAR 255, CERQUEIRA CÉSAR, SÃO PAULO-SP",SP,CERQUEIRA CÉSAR,SÃO PAULO,05403-010,"2929 - CENTRAL EQUIPAMENTO MÉDICO - CIEQ 09 PAMB ",,"18.000,00",,"18.000,00",,16/09/2014,,,,,,,PRÓPRIO,ATIVO,,,DE SERVIÇO: PHILIPS MEDICAL SYSTEMS LTDA. ATÉ: 31/10/2017 NA OS: 17003946,6b735477-bea1-4cc7-a13c-4def676870b5,,,,,,,,,,,,,,,,,,,,,,,CEIC,available,EMCA0083,M3014A - EXTENSOR,MÓDULO DE CAPNOGRAFIA
EMCA0084,DE83735581,,MÓDULO DE CAPNOGRAFIA,M3014A - EXTENSOR,PHILIPS,SEMI-CRÍTICO,MÉDIA,HOSPITAL DAS CLÍNICAS,INSTITUTO CENTRAL - ICHC,IC - CENTRAL DE EQUIPAMENTOS DO INSTITUTO CENTRAL - 6º EE," AVENIDA DOUTOR ENÉAS DE CARVALHO AGUIAR 255, CERQUEIRA CÉSAR, SÃO PAULO-SP",SP,CERQUEIRA CÉSAR,SÃO PAULO,05403-010,"2929 - CENTRAL EQUIPAMENTO MÉDICO - CIEQ 09 PAMB ",,"18.000,00",,"18.000,00",,16/09/2014,,,,,,,PRÓPRIO,ATIVO,,,,098563a7-b849-4d93-b1ae-f16dd49c8907,,,,,,,,,,,,,,,,,,,,,,,CEIC,available,EMCA0084,M3014A - EXTENSOR,MÓDULO DE CAPNOGRAFIA
EMCA0085,DE45446060,,MÓDULO DE CAPNOGRAFIA,M3014A - EXTENSOR,PHILIPS,SEMI-CRÍTICO,MÉDIA,HOSPITAL DAS CLÍNICAS,INSTITUTO CENTRAL - ICHC,IC - CENTRAL DE EQUIPAMENTOS DO INSTITUTO CENTRAL - 6º EE," AVENIDA DOUTOR ENÉAS DE CARVALHO AGUIAR 255, CERQUEIRA CÉSAR, SÃO PAULO-SP",SP,CERQUEIRA CÉSAR,SÃO PAULO,05403-010,"2929 - CENTRAL EQUIPAMENTO MÉDICO - CIEQ 09 PAMB ",,"18.000,00",,"18.000,00",,16/09/2014,,,,,,,PRÓPRIO,ATIVO,,REALIZADO SUBSTITUIÇÃO DO NUMERO DE SÉRIE DEVIDO A SUBSTITUIÇÃO DO MÓDULO.,,51106abe-544c-4b8b-95ed-75c1d785de7f,,,,,,,,,,,,,,,,,,,,,,,CEIC,available,EMCA0085,M3014A - EXTENSOR,MÓDULO DE CAPNOGRAFIA
EMCA0088,DE83735718,,MÓDULO DE CAPNOGRAFIA,M3014A - EXTENSOR,PHILIPS,SEMI-CRÍTICO,MÉDIA,HOSPITAL DAS CLÍNICAS,INSTITUTO CENTRAL - ICHC,IC - CENTRAL DE EQUIPAMENTOS DO INSTITUTO CENTRAL - 6º EE," AVENIDA DOUTOR ENÉAS DE CARVALHO AGUIAR 255, CERQUEIRA CÉSAR, SÃO PAULO-SP",SP,CERQUEIRA CÉSAR,SÃO PAULO,05403-010,"2929 - CENTRAL EQUIPAMENTO MÉDICO - CIEQ 09 PAMB ",,"18.000,00",,"18.000,00",,16/09/2014,,,,,,,PRÓPRIO,ATIVO,,,DE SERVIÇO: PHILIPS MEDICAL SYSTEMS LTDA. ATÉ: 31/10/2017 NA OS: 17003948,8c5182ae-c439-413b-ba51-324010810c1f,,,,,,,,,,,,,,,,,,,,,,,CEIC,available,EMCA0088,M3014A - EXTENSOR,MÓDULO DE CAPNOGRAFIA
EMCA0089,DE83735721,,MÓDULO DE CAPNOGRAFIA,M3014A - EXTENSOR,PHILIPS,SEMI-CRÍTICO,MÉDIA,HOSPITAL DAS CLÍNICAS,INSTITUTO CENTRAL - ICHC,IC - CENTRAL DE EQUIPAMENTOS DO INSTITUTO CENTRAL - 6º EE," AVENIDA DOUTOR ENÉAS DE CARVALHO AGUIAR 255, CERQUEIRA CÉSAR, SÃO PAULO-SP",SP,CERQUEIRA CÉSAR,SÃO PAULO,05403-010,"2929 - CENTRAL EQUIPAMENTO MÉDICO - CIEQ 09 PAMB ",,"18.000,00",,"18.000,00",,14/10/2014,,,,,,,PRÓPRIO,ATIVO,,,,51ebbf0e-06e6-450b-8957-cb435c1d5013,,,,,,,,,,,,,,,,,,,,,,,CEIC,available,EMCA0089,M3014A - EXTENSOR,MÓDULO DE CAPNOGRAFIA
EMCA0090,DE83735729,,MÓDULO DE CAPNOGRAFIA,M3014A - EXTENSOR,PHILIPS,SEMI-CRÍTICO,MÉDIA,HOSPITAL DAS CLÍNICAS,INSTITUTO CENTRAL - ICHC,IC - CENTRAL DE EQUIPAMENTOS DO INSTITUTO CENTRAL - 6º EE," AVENIDA DOUTOR ENÉAS DE CARVALHO AGUIAR 255, CERQUEIRA CÉSAR, SÃO PAULO-SP",SP,CERQUEIRA CÉSAR,SÃO PAULO,05403-010,"2929 - CENTRAL EQUIPAMENTO MÉDICO - CIEQ 09 PAMB ",,"18.000,00",,"18.000,00",,14/10/2014,,,,,,,PRÓPRIO,ATIVO,,"INATIVADO EM 25/04/2022 ATÉ A SUA LOCALIZAÇÃO, PARA MONTAGEM DO KIT DE CAPNOGRAFIA E ENTREGA NA CIEQ.
MÓDULO LOCALIZADO EM 12/01/2023 CONFORME EMAIL DA MAYUMI DA CIEQ.",,c478861c-2cad-4db5-a7d4-c366d4a45734,,,,,,,,,,,,,,,,,,,,,,,CEIC,available,EMCA0090,M3014A - EXTENSOR,MÓDULO DE CAPNOGRAFIA
EMCA0092,DE83735728,,MÓDULO DE CAPNOGRAFIA,M3014A - EXTENSOR,PHILIPS,SEMI-CRÍTICO,,HOSPITAL DAS CLÍNICAS,INSTITUTO CENTRAL - ICHC,IC - CENTRAL DE EQUIPAMENTOS DO INSTITUTO CENTRAL - 6º EE," AVENIDA DOUTOR ENÉAS DE CARVALHO AGUIAR 255, CERQUEIRA CÉSAR, SÃO PAULO-SP",SP,CERQUEIRA CÉSAR,SÃO PAULO,05403-010,"2929 - CENTRAL EQUIPAMENTO MÉDICO - CIEQ 09 PAMB ",,"18.000,00",,"18.000,00",,14/10/2014,,,,,,,PRÓPRIO,ATIVO,,"INATIVADO EM 25/04/2022 ATÉ A SUA LOCALIZAÇÃO, PARA MONTAGEM DO KIT DE CAPNOGRAFIA E ENTREGA NA CIEQ.
EQUIPAMENTO LOCALIZADO EM 26/01/2023",,16cf70ee-912a-4bbf-a87a-1efc16a8a67c,,,,,,,,,,,,,,,,,,,,,,,CEIC,available,EMCA0092,M3014A - EXTENSOR,MÓDULO DE CAPNOGRAFIA
EMCA0093,DE83735730,,MÓDULO DE CAPNOGRAFIA,M3014A - EXTENSOR,PHILIPS,SEMI-CRÍTICO,MÉDIA,HOSPITAL DAS CLÍNICAS,INSTITUTO CENTRAL - ICHC,IC - CENTRAL DE EQUIPAMENTOS DO INSTITUTO CENTRAL - 6º EE," AVENIDA DOUTOR ENÉAS DE CARVALHO AGUIAR 255, CERQUEIRA CÉSAR, SÃO PAULO-SP",SP,CERQUEIRA CÉSAR,SÃO PAULO,05403-010,"2929 - CENTRAL EQUIPAMENTO MÉDICO - CIEQ 09 PAMB ",,"18.000,00",,"18.000,00",,14/10/2014,,,,,,,PRÓPRIO,ATIVO,,,DE SERVIÇO: PHILIPS MEDICAL SYSTEMS LTDA. ATÉ: 31/10/2017 NA OS: 17003947,a7eca18b-7c41-4de1-922c-ffa47d045c51,,,,,,,,,,,,,,,,,,,,,,,CEIC,available,EMCA0093,M3014A - EXTENSOR,MÓDULO DE CAPNOGRAFIA
EMCA0096,DE83735719,,MÓDULO DE CAPNOGRAFIA,M3014A - EXTENSOR,PHILIPS,SEMI-CRÍTICO,MÉDIA,HOSPITAL DAS CLÍNICAS,INSTITUTO CENTRAL - ICHC,IC - CENTRAL DE EQUIPAMENTOS DO INSTITUTO CENTRAL - 6º EE," AVENIDA DOUTOR ENÉAS DE CARVALHO AGUIAR 255, CERQUEIRA CÉSAR, SÃO PAULO-SP",SP,CERQUEIRA CÉSAR,SÃO PAULO,05403-010,"2929 - CENTRAL EQUIPAMENTO MÉDICO - CIEQ 09 PAMB ",,"18.000,00",,"18.000,00",,30/10/2014,,,,,,,PRÓPRIO,ATIVO,,,,5a8a2499-e2f6-47e3-94a2-367fe58e692c,,,,,,,,,,,,,,,,,,,,,,,CEIC,available,EMCA0096,M3014A - EXTENSOR,MÓDULO DE CAPNOGRAFIA
EMCA0097,DE83735720,,MÓDULO DE CAPNOGRAFIA,M3014A - EXTENSOR,PHILIPS,SEMI-CRÍTICO,,HOSPITAL DAS CLÍNICAS,INSTITUTO CENTRAL - ICHC,IC - CENTRAL DE EQUIPAMENTOS DO INSTITUTO CENTRAL - 6º EE," AVENIDA DOUTOR ENÉAS DE CARVALHO AGUIAR 255, CERQUEIRA CÉSAR, SÃO PAULO-SP",SP,CERQUEIRA CÉSAR,SÃO PAULO,05403-010,"2929 - CENTRAL EQUIPAMENTO MÉDICO - CIEQ 09 PAMB ",,"18.000,00",,"18.000,00",,30/10/2014,,,,,,,PRÓPRIO,ATIVO,,"INATIVADO EM 25/04/2022 ATÉ A SUA LOCALIZAÇÃO, PARA MONTAGEM DO KIT DE CAPNOGRAFIA E ENTREGA NA CIEQ.
EQUIPAMENTO LOCALIZADO EM 26/01/2023",DE SERVIÇO: PHILIPS MEDICAL SYSTEMS LTDA. ATÉ: 31/10/2017 NA OS: 17003945,e65eba67-8e8c-4987-a700-4c0f20fcf6f5,,,,,,,,,,,,,,,,,,,,,,,CEIC,available,EMCA0097,M3014A - EXTENSOR,MÓDULO DE CAPNOGRAFIA
EMCA0098,DE83735715,,MÓDULO DE CAPNOGRAFIA,M3014A - EXTENSOR,PHILIPS,SEMI-CRÍTICO,MÉDIA,HOSPITAL DAS CLÍNICAS,INSTITUTO CENTRAL - ICHC,IC - CENTRAL DE EQUIPAMENTOS DO INSTITUTO CENTRAL - 6º EE," AVENIDA DOUTOR ENÉAS DE CARVALHO AGUIAR 255, CERQUEIRA CÉSAR, SÃO PAULO-SP",SP,CERQUEIRA CÉSAR,SÃO PAULO,05403-010,"2929 - CENTRAL EQUIPAMENTO MÉDICO - CIEQ 09 PAMB ",,"18.000,00",,"18.000,00",,30/10/2014,,,,,,,PRÓPRIO,ATIVO,,,,79418ba1-16dd-47e3-b0dc-a2276fbc1a47,,,,,,,,,,,,,,,,,,,,,,,CEIC,available,EMCA0098,M3014A - EXTENSOR,MÓDULO DE CAPNOGRAFIA
EMCA0150,DE69757194,,MÓDULO DE CAPNOGRAFIA,INTELLIVUE CAPNOGRAPHY EXTENSION,PHILIPS,SEMI-CRÍTICO,MÉDIA,HOSPITAL DAS CLÍNICAS,INSTITUTO CENTRAL - ICHC,IC - CENTRAL DE EQUIPAMENTOS DO INSTITUTO CENTRAL - 6º EE," AVENIDA DOUTOR ENÉAS DE CARVALHO AGUIAR 255, CERQUEIRA CÉSAR, SÃO PAULO-SP",SP,CERQUEIRA CÉSAR,SÃO PAULO,05403-010,"2929 - CENTRAL EQUIPAMENTO MÉDICO - CIEQ 09 PAMB ",29/12/2020,"4.774,28",351235,"4.774,28",06/08/2020,29/12/2020,,,28/12/2023,,10216710362,,PRÓPRIO,ATIVO,PHILIPS MEDICAL SYSTEMS LTDA.,"INATIVADO EM 25/04/2022 ATÉ A SUA LOCALIZAÇÃO, PARA MONTAGEM DO KIT DE CAPNOGRAFIA E ENTREGA NA CIEQ.",,4b2db38a-0627-49ba-b806-c80ffefc0ffb,,,,,,,,,,,,,,,,,,,,,,,CEIC,available,EMCA0150,INTELLIVUE CAPNOGRAPHY EXTENSION,MÓDULO DE CAPNOGRAFIA
EMCA0151,DE69757208,,MÓDULO DE CAPNOGRAFIA,INTELLIVUE CAPNOGRAPHY EXTENSION,PHILIPS,SEMI-CRÍTICO,MÉDIA,HOSPITAL DAS CLÍNICAS,INSTITUTO CENTRAL - ICHC,IC - CENTRAL DE EQUIPAMENTOS DO INSTITUTO CENTRAL - 6º EE," AVENIDA DOUTOR ENÉAS DE CARVALHO AGUIAR 255, CERQUEIRA CÉSAR, SÃO PAULO-SP",SP,CERQUEIRA CÉSAR,SÃO PAULO,05403-010,"2929 - CENTRAL EQUIPAMENTO MÉDICO - CIEQ 09 PAMB ",29/12/2020,"4.774,28",351235,"4.774,28",06/08/2020,29/12/2020,,,28/12/2023,,10216710362,,PRÓPRIO,ATIVO,PHILIPS MEDICAL SYSTEMS LTDA.,,,68faaa86-3e23-4b7d-89db-0e7552649d78,,,,,,,,,,,,,,,,,,,,,,,CEIC,available,EMCA0151,INTELLIVUE CAPNOGRAPHY EXTENSION,MÓDULO DE CAPNOGRAFIA
EMCA0152,DE69757204,,MÓDULO DE CAPNOGRAFIA,INTELLIVUE CAPNOGRAPHY EXTENSION,PHILIPS,SEMI-CRÍTICO,MÉDIA,HOSPITAL DAS CLÍNICAS,INSTITUTO CENTRAL - ICHC,IC - CENTRAL DE EQUIPAMENTOS DO INSTITUTO CENTRAL - 6º EE," AVENIDA DOUTOR ENÉAS DE CARVALHO AGUIAR 255, CERQUEIRA CÉSAR, SÃO PAULO-SP",SP,CERQUEIRA CÉSAR,SÃO PAULO,05403-010,"2929 - CENTRAL EQUIPAMENTO MÉDICO - CIEQ 09 PAMB ",29/12/2020,"4.774,28",351235,"4.774,28",06/08/2020,29/12/2020,,,28/12/2023,,10216710362,,PRÓPRIO,ATIVO,PHILIPS MEDICAL SYSTEMS LTDA.,,,73be9424-3336-44ad-98ad-62a89adeda5d,,,,,,,,,,,,,,,,,,,,,,,CEIC,available,EMCA0152,INTELLIVUE CAPNOGRAPHY EXTENSION,MÓDULO DE CAPNOGRAFIA
EMCA0153,DE69757200,,MÓDULO DE CAPNOGRAFIA,INTELLIVUE CAPNOGRAPHY EXTENSION,PHILIPS,SEMI-CRÍTICO,MÉDIA,HOSPITAL DAS CLÍNICAS,INSTITUTO CENTRAL - ICHC,IC - CENTRAL DE EQUIPAMENTOS DO INSTITUTO CENTRAL - 6º EE," AVENIDA DOUTOR ENÉAS DE CARVALHO AGUIAR 255, CERQUEIRA CÉSAR, SÃO PAULO-SP",SP,CERQUEIRA CÉSAR,SÃO PAULO,05403-010,"2929 - CENTRAL EQUIPAMENTO MÉDICO - CIEQ 09 PAMB ",29/12/2020,"4.774,28",351235,"4.774,28",06/08/2020,29/12/2020,,,28/12/2023,,10216710362,,PRÓPRIO,ATIVO,PHILIPS MEDICAL SYSTEMS LTDA.,,,adbf94ce-d32f-4023-9f83-ef7f719ae132,,,,,,,,,,,,,,,,,,,,,,,CEIC,available,EMCA0153,INTELLIVUE CAPNOGRAPHY EXTENSION,MÓDULO DE CAPNOGRAFIA
EMCA0154,DE69757186,,MÓDULO DE CAPNOGRAFIA,INTELLIVUE CAPNOGRAPHY EXTENSION,PHILIPS,SEMI-CRÍTICO,MÉDIA,HOSPITAL DAS CLÍNICAS,INSTITUTO CENTRAL - ICHC,IC - CENTRAL DE EQUIPAMENTOS DO INSTITUTO CENTRAL - 6º EE," AVENIDA DOUTOR ENÉAS DE CARVALHO AGUIAR 255, CERQUEIRA CÉSAR, SÃO PAULO-SP",SP,CERQUEIRA CÉSAR,SÃO PAULO,05403-010,"2929 - CENTRAL EQUIPAMENTO MÉDICO - CIEQ 09 PAMB ",29/12/2020,"4.774,28",351235,"4.774,28",06/08/2020,29/12/2020,,,28/12/2023,,10216710362,,PRÓPRIO,ATIVO,PHILIPS MEDICAL SYSTEMS LTDA.,,,00ddd108-f754-484a-b317-40405d0115bc,,,,,,,,,,,,,,,,,,,,,,,CEIC,available,EMCA0154,INTELLIVUE CAPNOGRAPHY EXTENSION,MÓDULO DE CAPNOGRAFIA
EMCA0155,DE69757195,,MÓDULO DE CAPNOGRAFIA,INTELLIVUE CAPNOGRAPHY EXTENSION,PHILIPS,SEMI-CRÍTICO,MÉDIA,HOSPITAL DAS CLÍNICAS,INSTITUTO CENTRAL - ICHC,IC - CENTRAL DE EQUIPAMENTOS DO INSTITUTO CENTRAL - 6º EE," AVENIDA DOUTOR ENÉAS DE CARVALHO AGUIAR 255, CERQUEIRA CÉSAR, SÃO PAULO-SP",SP,CERQUEIRA CÉSAR,SÃO PAULO,05403-010,"2929 - CENTRAL EQUIPAMENTO MÉDICO - CIEQ 09 PAMB ",29/12/2020,"4.774,28",351235,"4.774,28",06/08/2020,29/12/2020,,,28/12/2023,,10216710362,,PRÓPRIO,ATIVO,PHILIPS MEDICAL SYSTEMS LTDA.,,,7d6813f0-5c9d-44af-9d2b-648df5e1882c,,,,,,,,,,,,,,,,,,,,,,,CEIC,available,EMCA0155,INTELLIVUE CAPNOGRAPHY EXTENSION,MÓDULO DE CAPNOGRAFIA
EMCA0156,DE69757209,,MÓDULO DE CAPNOGRAFIA,INTELLIVUE CAPNOGRAPHY EXTENSION,PHILIPS,SEMI-CRÍTICO,MÉDIA,HOSPITAL DAS CLÍNICAS,INSTITUTO CENTRAL - ICHC,IC - CENTRAL DE EQUIPAMENTOS DO INSTITUTO CENTRAL - 6º EE," AVENIDA DOUTOR ENÉAS DE CARVALHO AGUIAR 255, CERQUEIRA CÉSAR, SÃO PAULO-SP",SP,CERQUEIRA CÉSAR,SÃO PAULO,05403-010,"2929 - CENTRAL EQUIPAMENTO MÉDICO - CIEQ 09 PAMB ",29/12/2020,"4.774,28",351235,"4.774,28",06/08/2020,29/12/2020,,,28/12/2023,,10216710362,,PRÓPRIO,ATIVO,PHILIPS MEDICAL SYSTEMS LTDA.,,,d869b959-9f04-4544-b802-7b89d8516062,,,,,,,,,,,,,,,,,,,,,,,CEIC,available,EMCA0156,INTELLIVUE CAPNOGRAPHY EXTENSION,MÓDULO DE CAPNOGRAFIA
EMCA0157,DE69757189,,MÓDULO DE CAPNOGRAFIA,INTELLIVUE CAPNOGRAPHY EXTENSION,PHILIPS,SEMI-CRÍTICO,MÉDIA,HOSPITAL DAS CLÍNICAS,INSTITUTO CENTRAL - ICHC,IC - CENTRAL DE EQUIPAMENTOS DO INSTITUTO CENTRAL - 6º EE," AVENIDA DOUTOR ENÉAS DE CARVALHO AGUIAR 255, CERQUEIRA CÉSAR, SÃO PAULO-SP",SP,CERQUEIRA CÉSAR,SÃO PAULO,05403-010,"2929 - CENTRAL EQUIPAMENTO MÉDICO - CIEQ 09 PAMB ",29/12/2020,"4.774,28",351235,"4.774,28",06/08/2020,29/12/2020,,,28/12/2023,,10216710362,,PRÓPRIO,ATIVO,PHILIPS MEDICAL SYSTEMS LTDA.,,,9d0ae59f-b4a8-4eee-b871-2f622249324f,,,,,,,,,,,,,,,,,,,,,,,CEIC,available,EMCA0157,INTELLIVUE CAPNOGRAPHY EXTENSION,MÓDULO DE CAPNOGRAFIA
EMCA0158,DE69757190,,MÓDULO DE CAPNOGRAFIA,INTELLIVUE CAPNOGRAPHY EXTENSION,PHILIPS,SEMI-CRÍTICO,MÉDIA,HOSPITAL DAS CLÍNICAS,INSTITUTO CENTRAL - ICHC,IC - CENTRAL DE EQUIPAMENTOS DO INSTITUTO CENTRAL - 6º EE," AVENIDA DOUTOR ENÉAS DE CARVALHO AGUIAR 255, CERQUEIRA CÉSAR, SÃO PAULO-SP",SP,CERQUEIRA CÉSAR,SÃO PAULO,05403-010,"2929 - CENTRAL EQUIPAMENTO MÉDICO - CIEQ 09 PAMB ",29/12/2020,"4.774,28",351235,"4.774,28",06/08/2020,29/12/2020,,,28/12/2023,,10216710362,,PRÓPRIO,ATIVO,PHILIPS MEDICAL SYSTEMS LTDA.,,,4a8dbd90-1b70-4533-bd76-8938963a8959,,,,,,,,,,,,,,,,,,,,,,,CEIC,available,EMCA0158,INTELLIVUE CAPNOGRAPHY EXTENSION,MÓDULO DE CAPNOGRAFIA
EMCA0159,DE69757183,,MÓDULO DE CAPNOGRAFIA,INTELLIVUE CAPNOGRAPHY EXTENSION,PHILIPS,SEMI-CRÍTICO,MÉDIA,HOSPITAL DAS CLÍNICAS,INSTITUTO CENTRAL - ICHC,IC - CENTRAL DE EQUIPAMENTOS DO INSTITUTO CENTRAL - 6º EE," AVENIDA DOUTOR ENÉAS DE CARVALHO AGUIAR 255, CERQUEIRA CÉSAR, SÃO PAULO-SP",SP,CERQUEIRA CÉSAR,SÃO PAULO,05403-010,"2929 - CENTRAL EQUIPAMENTO MÉDICO - CIEQ 09 PAMB ",29/12/2020,"4.774,28",351235,"4.774,28",06/08/2020,29/12/2020,,,28/12/2023,,10216710362,,PRÓPRIO,ATIVO,PHILIPS MEDICAL SYSTEMS LTDA.,,,8ef4f2b1-ac6f-4bc2-a746-b39fd51fc3f8,,,,,,,,,,,,,,,,,,,,,,,CEIC,available,EMCA0159,INTELLIVUE CAPNOGRAPHY EXTENSION,MÓDULO DE CAPNOGRAFIA
EMCP0002,CVA934,HC78198,MARCAPASSO EXTERNO,EV4542,PACE MEDICAL INC,CRÍTICO,ALTA,HOSPITAL DAS CLÍNICAS,INSTITUTO CENTRAL - ICHC,IC - CENTRAL DE EQUIPAMENTOS DO INSTITUTO CENTRAL - 6º EE," AVENIDA DOUTOR ENÉAS DE CARVALHO AGUIAR 255, CERQUEIRA CÉSAR, SÃO PAULO-SP",SP,CERQUEIRA CÉSAR,SÃO PAULO,05403-010,"2929 - CENTRAL EQUIPAMENTO MÉDICO - CIEQ 09 PAMB ",,"15.000,00",,"15.000,00",,06/12/2019,,,,,,,PRÓPRIO,ATIVO,,,,832479e3-6171-417a-85dd-cf42a673592c,,,,,,,,,,,,,,,,,,,,,,,CEIC,available,EMCP0002,EV4542,MARCAPASSO EXTERNO
EMCP0003,PEP032089P,,MARCAPASSO EXTERNO,5348,MEDTRONIC,CRÍTICO,ALTA,HOSPITAL DAS CLÍNICAS,INSTITUTO CENTRAL - ICHC,IC - CENTRAL DE EQUIPAMENTOS DO INSTITUTO CENTRAL - 6º EE," AVENIDA DOUTOR ENÉAS DE CARVALHO AGUIAR 255, CERQUEIRA CÉSAR, SÃO PAULO-SP",SP,CERQUEIRA CÉSAR,SÃO PAULO,05403-010,"2929 - CENTRAL EQUIPAMENTO MÉDICO - CIEQ 09 PAMB ",,"10.000,00",,"10.000,00",,06/12/2019,,,,,10339190198,,PRÓPRIO,ATIVO,MEDTRONIC COMERCIAL LTDA.,,,67f0ce9a-591b-490f-8b7b-d7957d447214,,,,,,,,,,,,,,,,,,,,,,,CEIC,available,EMCP0003,5348,MARCAPASSO EXTERNO
EMCP0007,DJH043901P,,MARCAPASSO EXTERNO,5392,MEDTRONIC,CRÍTICO,ALTA,HOSPITAL DAS CLÍNICAS,INSTITUTO CENTRAL - ICHC,IC - CENTRAL DE EQUIPAMENTOS DO INSTITUTO CENTRAL - 6º EE," AVENIDA DOUTOR ENÉAS DE CARVALHO AGUIAR 255, CERQUEIRA CÉSAR, SÃO PAULO-SP",SP,CERQUEIRA CÉSAR,SÃO PAULO,05403-010,"2929 - CENTRAL EQUIPAMENTO MÉDICO - CIEQ 09 PAMB ",01/09/2021,"18.000,00",198735,"18.000,00",01/09/2021,29/10/2021,,29/10/2022,,,10339190498,,PRÓPRIO,ATIVO,MEDTRONIC COMERCIAL LTDA.,,,e076b71e-6e7c-44ee-b286-27c7f9676668,,,,,,,,,,,,,,,,,,,,,,,CEIC,available,EMCP0007,5392,MARCAPASSO EXTERNO
EMCP0008,DJH043902P,,MARCAPASSO EXTERNO,5392,MEDTRONIC,CRÍTICO,ALTA,HOSPITAL DAS CLÍNICAS,INSTITUTO CENTRAL - ICHC,IC - CENTRAL DE EQUIPAMENTOS DO INSTITUTO CENTRAL - 6º EE," AVENIDA DOUTOR ENÉAS DE CARVALHO AGUIAR 255, CERQUEIRA CÉSAR, SÃO PAULO-SP",SP,CERQUEIRA CÉSAR,SÃO PAULO,05403-010,"2929 - CENTRAL EQUIPAMENTO MÉDICO - CIEQ 09 PAMB ",01/09/2021,"18.000,00",198735,"18.000,00",01/09/2021,29/10/2021,,29/10/2022,,,10339190498,,PRÓPRIO,ATIVO,MEDTRONIC COMERCIAL LTDA.,,,f242d14d-1e04-4971-8d60-409d3f62575c,,,,,,,,,,,,,,,,,,,,,,,CEIC,available,EMCP0008,5392,MARCAPASSO EXTERNO
EMCP0009,DJH043903P,,MARCAPASSO EXTERNO,5392,MEDTRONIC,CRÍTICO,ALTA,HOSPITAL DAS CLÍNICAS,INSTITUTO CENTRAL - ICHC,IC - CENTRAL DE EQUIPAMENTOS DO INSTITUTO CENTRAL - 6º EE," AVENIDA DOUTOR ENÉAS DE CARVALHO AGUIAR 255, CERQUEIRA CÉSAR, SÃO PAULO-SP",SP,CERQUEIRA CÉSAR,SÃO PAULO,05403-010,"2929 - CENTRAL EQUIPAMENTO MÉDICO - CIEQ 09 PAMB ",01/09/2021,"18.000,00",198735,"18.000,00",01/09/2021,29/10/2021,,29/10/2022,,,10339190498,,PRÓPRIO,ATIVO,MEDTRONIC COMERCIAL LTDA.,,,fbee9074-4a08-4632-a0fc-e46ce51402c6,,,,,,,,,,,,,,,,,,,,,,,CEIC,available,EMCP0009,5392,MARCAPASSO EXTERNO
EMCP0010,DJH043904P,,MARCAPASSO EXTERNO,5392,MEDTRONIC,CRÍTICO,ALTA,HOSPITAL DAS CLÍNICAS,INSTITUTO CENTRAL - ICHC,IC - CENTRAL DE EQUIPAMENTOS DO INSTITUTO CENTRAL - 6º EE," AVENIDA DOUTOR ENÉAS DE CARVALHO AGUIAR 255, CERQUEIRA CÉSAR, SÃO PAULO-SP",SP,CERQUEIRA CÉSAR,SÃO PAULO,05403-010,"2929 - CENTRAL EQUIPAMENTO MÉDICO - CIEQ 09 PAMB ",01/09/2021,"18.000,00",198735,"18.000,00",01/09/2021,29/10/2021,,29/10/2022,,,10339190498,,PRÓPRIO,ATIVO,MEDTRONIC COMERCIAL LTDA.,,,4a2e213d-39cf-4fdb-887f-845237de7c37,,,,,,,,,,,,,,,,,,,,,,,CEIC,available,EMCP0010,5392,MARCAPASSO EXTERNO
EMCP0011,DJH043905P,,MARCAPASSO EXTERNO,5392,MEDTRONIC,CRÍTICO,ALTA,HOSPITAL DAS CLÍNICAS,INSTITUTO CENTRAL - ICHC,IC - CENTRAL DE EQUIPAMENTOS DO INSTITUTO CENTRAL - 6º EE," AVENIDA DOUTOR ENÉAS DE CARVALHO AGUIAR 255, CERQUEIRA CÉSAR, SÃO PAULO-SP",SP,CERQUEIRA CÉSAR,SÃO PAULO,05403-010,"2929 - CENTRAL EQUIPAMENTO MÉDICO - CIEQ 09 PAMB ",01/09/2021,"18.000,00",198735,"18.000,00",01/09/2021,29/10/2021,,29/10/2022,,,10339190498,,PRÓPRIO,ATIVO,MEDTRONIC COMERCIAL LTDA.,,,0746c4ad-eb4f-4806-8c16-38635e4d57f9,,,,,,,,,,,,,,,,,,,,,,,CEIC,available,EMCP0011,5392,MARCAPASSO EXTERNO
EMCP0012,DJH043906P,,MARCAPASSO EXTERNO,5392,MEDTRONIC,CRÍTICO,ALTA,HOSPITAL DAS CLÍNICAS,INSTITUTO CENTRAL - ICHC,IC - CENTRAL DE EQUIPAMENTOS DO INSTITUTO CENTRAL - 6º EE," AVENIDA DOUTOR ENÉAS DE CARVALHO AGUIAR 255, CERQUEIRA CÉSAR, SÃO PAULO-SP",SP,CERQUEIRA CÉSAR,SÃO PAULO,05403-010,"2929 - CENTRAL EQUIPAMENTO MÉDICO - CIEQ 09 PAMB ",01/09/2021,"18.000,00",198735,"18.000,00",01/09/2021,29/10/2021,,29/10/2022,,,10339190498,,PRÓPRIO,ATIVO,MEDTRONIC COMERCIAL LTDA.,,,da3a225e-8b25-4efa-b07e-bfea66845225,,,,,,,,,,,,,,,,,,,,,,,CEIC,available,EMCP0012,5392,MARCAPASSO EXTERNO
EMCP0013,DJH043907P,,MARCAPASSO EXTERNO,5392,MEDTRONIC,CRÍTICO,ALTA,HOSPITAL DAS CLÍNICAS,INSTITUTO CENTRAL - ICHC,IC - CENTRAL DE EQUIPAMENTOS DO INSTITUTO CENTRAL - 6º EE," AVENIDA DOUTOR ENÉAS DE CARVALHO AGUIAR 255, CERQUEIRA CÉSAR, SÃO PAULO-SP",SP,CERQUEIRA CÉSAR,SÃO PAULO,05403-010,"2929 - CENTRAL EQUIPAMENTO MÉDICO - CIEQ 09 PAMB ",01/09/2021,"18.000,00",198735,"18.000,00",01/09/2021,29/10/2021,,29/10/2022,,,10339190498,,PRÓPRIO,ATIVO,MEDTRONIC COMERCIAL LTDA.,,,cb7aef72-5f87-4dac-9ef3-75c03579b560,,,,,,,,,,,,,,,,,,,,,,,CEIC,available,EMCP0013,5392,MARCAPASSO EXTERNO
EMCP0014,DJH043908P,,MARCAPASSO EXTERNO,5392,MEDTRONIC,CRÍTICO,ALTA,HOSPITAL DAS CLÍNICAS,INSTITUTO CENTRAL - ICHC,IC - CENTRAL DE EQUIPAMENTOS DO INSTITUTO CENTRAL - 6º EE," AVENIDA DOUTOR ENÉAS DE CARVALHO AGUIAR 255, CERQUEIRA CÉSAR, SÃO PAULO-SP",SP,CERQUEIRA CÉSAR,SÃO PAULO,05403-010,"2929 - CENTRAL EQUIPAMENTO MÉDICO - CIEQ 09 PAMB ",01/09/2021,"18.000,00",198735,"18.000,00",01/09/2021,29/10/2021,,29/10/2022,,,10339190498,,PRÓPRIO,ATIVO,MEDTRONIC COMERCIAL LTDA.,,,9eb2f59c-ccdc-4f58-89d8-076b4f6548b0,,,,,,,,,,,,,,,,,,,,,,,CEIC,available,EMCP0014,5392,MARCAPASSO EXTERNO
EMCP0015,DJH043909P,,MARCAPASSO EXTERNO,5392,MEDTRONIC,CRÍTICO,ALTA,HOSPITAL DAS CLÍNICAS,INSTITUTO CENTRAL - ICHC,IC - CENTRAL DE EQUIPAMENTOS DO INSTITUTO CENTRAL - 6º EE," AVENIDA DOUTOR ENÉAS DE CARVALHO AGUIAR 255, CERQUEIRA CÉSAR, SÃO PAULO-SP",SP,CERQUEIRA CÉSAR,SÃO PAULO,05403-010,"2929 - CENTRAL EQUIPAMENTO MÉDICO - CIEQ 09 PAMB ",01/09/2021,"18.000,00",198735,"18.000,00",01/09/2021,29/10/2021,,29/10/2022,,,10339190498,,PRÓPRIO,ATIVO,MEDTRONIC COMERCIAL LTDA.,,,66ebf5ff-195b-4f8f-8633-9bfb3e11cd02,,,,,,,,,,,,,,,,,,,,,,,CEIC,available,EMCP0015,5392,MARCAPASSO EXTERNO
EMCP0016,DJH043910P,,MARCAPASSO EXTERNO,5392,MEDTRONIC,CRÍTICO,ALTA,HOSPITAL DAS CLÍNICAS,INSTITUTO CENTRAL - ICHC,IC - CENTRAL DE EQUIPAMENTOS DO INSTITUTO CENTRAL - 6º EE," AVENIDA DOUTOR ENÉAS DE CARVALHO AGUIAR 255, CERQUEIRA CÉSAR, SÃO PAULO-SP",SP,CERQUEIRA CÉSAR,SÃO PAULO,05403-010,"2929 - CENTRAL EQUIPAMENTO MÉDICO - CIEQ 09 PAMB ",01/09/2021,"18.000,00",198735,"18.000,00",01/09/2021,29/10/2021,,29/10/2022,,,10339190498,,PRÓPRIO,ATIVO,MEDTRONIC COMERCIAL LTDA.,,,d4f56f4e-d091-4d1f-9f5f-f157b3c84227,,,,,,,,,,,,,,,,,,,,,,,CEIC,available,EMCP0016,5392,MARCAPASSO EXTERNO
EMCP0017,DJH043913P,,MARCAPASSO EXTERNO,5392,MEDTRONIC,CRÍTICO,ALTA,HOSPITAL DAS CLÍNICAS,INSTITUTO CENTRAL - ICHC,IC - CENTRAL DE EQUIPAMENTOS DO INSTITUTO CENTRAL - 6º EE," AVENIDA DOUTOR ENÉAS DE CARVALHO AGUIAR 255, CERQUEIRA CÉSAR, SÃO PAULO-SP",SP,CERQUEIRA CÉSAR,SÃO PAULO,05403-010,"2929 - CENTRAL EQUIPAMENTO MÉDICO - CIEQ 09 PAMB ",01/09/2021,"18.000,00",198735,"18.000,00",01/09/2021,29/10/2021,,29/10/2022,,,10339190498,,PRÓPRIO,ATIVO,MEDTRONIC COMERCIAL LTDA.,,,b79bbe9c-2c74-4807-95b9-1a28bd79d4cf,,5,,,,,,,,ooo,0,2026-04-10 22:10:09.249+00,,,,,,,,,false,,04DS,in_use,EMCP0017,5392,MARCAPASSO EXTERNO
EMCP0018,DJH043914P,,MARCAPASSO EXTERNO,5392,MEDTRONIC,CRÍTICO,ALTA,HOSPITAL DAS CLÍNICAS,INSTITUTO CENTRAL - ICHC,IC - CENTRAL DE EQUIPAMENTOS DO INSTITUTO CENTRAL - 6º EE," AVENIDA DOUTOR ENÉAS DE CARVALHO AGUIAR 255, CERQUEIRA CÉSAR, SÃO PAULO-SP",SP,CERQUEIRA CÉSAR,SÃO PAULO,05403-010,"2929 - CENTRAL EQUIPAMENTO MÉDICO - CIEQ 09 PAMB ",01/09/2021,"18.000,00",198735,"18.000,00",01/09/2021,29/10/2021,,29/10/2022,,,10339190498,,PRÓPRIO,ATIVO,MEDTRONIC COMERCIAL LTDA.,,,9a0ced2b-3155-49e0-ae28-b0a136ec869f,,,,,,,,,,,,,,,,,,,,,,,CEIC,available,EMCP0018,5392,MARCAPASSO EXTERNO
EMCP0019,DJH043916P,,MARCAPASSO EXTERNO,5392,MEDTRONIC,CRÍTICO,ALTA,HOSPITAL DAS CLÍNICAS,INSTITUTO CENTRAL - ICHC,IC - CENTRAL DE EQUIPAMENTOS DO INSTITUTO CENTRAL - 6º EE," AVENIDA DOUTOR ENÉAS DE CARVALHO AGUIAR 255, CERQUEIRA CÉSAR, SÃO PAULO-SP",SP,CERQUEIRA CÉSAR,SÃO PAULO,05403-010,"2929 - CENTRAL EQUIPAMENTO MÉDICO - CIEQ 09 PAMB ",01/09/2021,"18.000,00",198735,"18.000,00",01/09/2021,29/10/2021,,29/10/2022,,,10339190498,,PRÓPRIO,ATIVO,MEDTRONIC COMERCIAL LTDA.,,,1afe11d7-9574-4caa-ab8c-c1ec5fdcc315,,,,,,,,,,,,,,,,,,,,,,,CEIC,available,EMCP0019,5392,MARCAPASSO EXTERNO
EMCP0020,DJH043917P,,MARCAPASSO EXTERNO,5392,MEDTRONIC,CRÍTICO,ALTA,HOSPITAL DAS CLÍNICAS,INSTITUTO CENTRAL - ICHC,IC - CENTRAL DE EQUIPAMENTOS DO INSTITUTO CENTRAL - 6º EE," AVENIDA DOUTOR ENÉAS DE CARVALHO AGUIAR 255, CERQUEIRA CÉSAR, SÃO PAULO-SP",SP,CERQUEIRA CÉSAR,SÃO PAULO,05403-010,"2929 - CENTRAL EQUIPAMENTO MÉDICO - CIEQ 09 PAMB ",01/09/2021,"18.000,00",198735,"18.000,00",01/09/2021,29/10/2021,,29/10/2022,,,10339190498,,PRÓPRIO,ATIVO,MEDTRONIC COMERCIAL LTDA.,,,bc1b9265-6515-4b48-926a-c4197b47f79b,,,,,,,,,,,,,,,,,,,,,,,CEIC,available,EMCP0020,5392,MARCAPASSO EXTERNO
EMCP0021,DJH043918P,,MARCAPASSO EXTERNO,5392,MEDTRONIC,CRÍTICO,ALTA,HOSPITAL DAS CLÍNICAS,INSTITUTO CENTRAL - ICHC,IC - CENTRAL DE EQUIPAMENTOS DO INSTITUTO CENTRAL - 6º EE," AVENIDA DOUTOR ENÉAS DE CARVALHO AGUIAR 255, CERQUEIRA CÉSAR, SÃO PAULO-SP",SP,CERQUEIRA CÉSAR,SÃO PAULO,05403-010,"2929 - CENTRAL EQUIPAMENTO MÉDICO - CIEQ 09 PAMB ",01/09/2021,"18.000,00",198735,"18.000,00",01/09/2021,29/10/2021,,29/10/2022,,,10339190498,,PRÓPRIO,ATIVO,MEDTRONIC COMERCIAL LTDA.,,,c99ecbb0-acf5-4374-b96e-5ae8b41d5ddb,,,,,,,,,,,,,,,,,,,,,,,CEIC,available,EMCP0021,5392,MARCAPASSO EXTERNO
EMCP0022,DJH039552P,FFM68444,MARCAPASSO EXTERNO,5392,MEDTRONIC,CRÍTICO,ALTA,HOSPITAL DAS CLÍNICAS,INSTITUTO CENTRAL - ICHC,IC - CENTRAL DE EQUIPAMENTOS DO INSTITUTO CENTRAL - 6º EE," AVENIDA DOUTOR ENÉAS DE CARVALHO AGUIAR 255, CERQUEIRA CÉSAR, SÃO PAULO-SP",SP,CERQUEIRA CÉSAR,SÃO PAULO,05403-010,"2929 - CENTRAL EQUIPAMENTO MÉDICO - CIEQ 09 PAMB ",20/12/2021,"18.000,00",211037,"18.000,00",01/06/2020,20/12/2021,,20/12/2022,,,10339190498,,PRÓPRIO,ATIVO,MEDTRONIC COMERCIAL LTDA.,,,025cb630-86fa-4354-a740-5fb8092a36f6,,,,,,,,,,,,,,,,,,,,,,,CEIC,available,EMCP0022,5392,MARCAPASSO EXTERNO
EMCP0023,DJH039542P,FFM68442,MARCAPASSO EXTERNO,5392,MEDTRONIC,CRÍTICO,ALTA,HOSPITAL DAS CLÍNICAS,INSTITUTO CENTRAL - ICHC,IC - CENTRAL DE EQUIPAMENTOS DO INSTITUTO CENTRAL - 6º EE," AVENIDA DOUTOR ENÉAS DE CARVALHO AGUIAR 255, CERQUEIRA CÉSAR, SÃO PAULO-SP",SP,CERQUEIRA CÉSAR,SÃO PAULO,05403-010,"2929 - CENTRAL EQUIPAMENTO MÉDICO - CIEQ 09 PAMB ",20/12/2021,"18.000,00",211037,"18.000,00",01/06/2020,20/12/2021,,20/12/2022,,,10339190498,,PRÓPRIO,ATIVO,MEDTRONIC COMERCIAL LTDA.,,,a22afb3c-cc56-4ac9-addf-b5fc212580a5,,,,,,,,,,,,,,,,,,,,,,,CEIC,available,EMCP0023,5392,MARCAPASSO EXTERNO
EMCP0024,DJH039554P,FFM68443,MARCAPASSO EXTERNO,5392,MEDTRONIC,CRÍTICO,ALTA,HOSPITAL DAS CLÍNICAS,INSTITUTO CENTRAL - ICHC,IC - CENTRAL DE EQUIPAMENTOS DO INSTITUTO CENTRAL - 6º EE," AVENIDA DOUTOR ENÉAS DE CARVALHO AGUIAR 255, CERQUEIRA CÉSAR, SÃO PAULO-SP",SP,CERQUEIRA CÉSAR,SÃO PAULO,05403-010,"2929 - CENTRAL EQUIPAMENTO MÉDICO - CIEQ 09 PAMB ",20/12/2021,"18.000,00",211037,"18.000,00",01/06/2020,20/12/2021,,20/12/2022,,,10339190498,,PRÓPRIO,ATIVO,MEDTRONIC COMERCIAL LTDA.,,,7c583f58-bbf0-4358-96fa-b60a0825ef3d,,,,,,,,,,,,,,,,,,,,,,,CEIC,available,EMCP0024,5392,MARCAPASSO EXTERNO
EMMP0487,DE72859076,HC156971,MONITOR MULTIPARAMÉTRICO,INTELLIVUE MP20,PHILIPS,SEMI-CRÍTICO,MÉDIA,HOSPITAL DAS CLÍNICAS,INSTITUTO CENTRAL - ICHC,IC - CENTRAL DE EQUIPAMENTOS DO INSTITUTO CENTRAL - 6º EE," AVENIDA DOUTOR ENÉAS DE CARVALHO AGUIAR 255, CERQUEIRA CÉSAR, SÃO PAULO-SP",SP,CERQUEIRA CÉSAR,SÃO PAULO,05403-010,"2929 - CENTRAL EQUIPAMENTO MÉDICO - CIEQ 09 PAMB ",,"20.000,00",,"20.000,00",,19/11/2024,,,,,,,PRÓPRIO,ATIVO,,,"DE SERVIÇO: LRM - LABORATORIO METROLOGICO COM. SERV. LTDA ATÉ: 19/01/2016 NA OS: 15004499;
DE SERVIÇO: LRM - LABORATORIO METROLOGICO COM. SERV. LTDA ATÉ: 19/01/2016 NA OS: 15004498;
DE SERVIÇO: LRM - LABORATORIO METROLOGICO COM. SERV. LTDA ATÉ: 19/01/2016 NA OS: 15004496",4fdd889a-4fd4-4fac-8ee7-8367b700a540,,,,,,,,,,,,,,,,,,,,,,,CEIC,available,EMMP0487,INTELLIVUE MP20,MONITOR MULTIPARAMÉTRICO
EMMP0904,DE80183404,HC153134,MONITOR MULTIPARAMÉTRICO,INTELLIVUE MP20,PHILIPS,SEMI-CRÍTICO,MÉDIA,HOSPITAL DAS CLÍNICAS,INSTITUTO CENTRAL - ICHC,IC - CENTRAL DE EQUIPAMENTOS DO INSTITUTO CENTRAL - 6º EE," AVENIDA DOUTOR ENÉAS DE CARVALHO AGUIAR 255, CERQUEIRA CÉSAR, SÃO PAULO-SP",SP,CERQUEIRA CÉSAR,SÃO PAULO,05403-010,"2929 - CENTRAL EQUIPAMENTO MÉDICO - CIEQ 09 PAMB ",,"20.000,00",,"20.000,00",,02/10/2014,,,,,,,PRÓPRIO,ATIVO,,,DE SERVIÇO: PHILIPS MEDICAL SYSTEMS LTDA. ATÉ: 02/10/2015 NA OS: 15001153,9b7c5df0-d212-4c57-8644-104d7e63acf6,,2,,,,,,,false,123,Aline,2026-04-14 12:18:52.152+00,,,,,,,,,true,,03DN,in_use,EMMP0904,INTELLIVUE MP20,MONITOR MULTIPARAMÉTRICO
EMMP0946,DE80183395,HC153146,MONITOR MULTIPARAMÉTRICO,INTELLIVUE MP20,PHILIPS,SEMI-CRÍTICO,MÉDIA,HOSPITAL DAS CLÍNICAS,INSTITUTO CENTRAL - ICHC,IC - CENTRAL DE EQUIPAMENTOS DO INSTITUTO CENTRAL - 6º EE," AVENIDA DOUTOR ENÉAS DE CARVALHO AGUIAR 255, CERQUEIRA CÉSAR, SÃO PAULO-SP",SP,CERQUEIRA CÉSAR,SÃO PAULO,05403-010,"2929 - CENTRAL EQUIPAMENTO MÉDICO - CIEQ 09 PAMB ",,"20.000,00",,"20.000,00",,23/10/2014,,,,,,,PRÓPRIO,ATIVO,,,DE SERVIÇO: PHILIPS MEDICAL SYSTEMS LTDA. ATÉ: 23/10/2015 NA OS: 15000939,9be8f159-beb4-4785-8425-7a0a5d33a703,,,,,,,,,,,,,,,,,,,,,,,CEIC,available,EMMP0946,INTELLIVUE MP20,MONITOR MULTIPARAMÉTRICO
EMMP0948,DE80183364,HC153144,MONITOR MULTIPARAMÉTRICO,INTELLIVUE MP20,PHILIPS,SEMI-CRÍTICO,MÉDIA,HOSPITAL DAS CLÍNICAS,INSTITUTO CENTRAL - ICHC,IC - CENTRAL DE EQUIPAMENTOS DO INSTITUTO CENTRAL - 6º EE," AVENIDA DOUTOR ENÉAS DE CARVALHO AGUIAR 255, CERQUEIRA CÉSAR, SÃO PAULO-SP",SP,CERQUEIRA CÉSAR,SÃO PAULO,05403-010,"2929 - CENTRAL EQUIPAMENTO MÉDICO - CIEQ 09 PAMB ",,"20.000,00",,"20.000,00",,23/10/2014,,,,,,,PRÓPRIO,ATIVO,,,DE SERVIÇO: PHILIPS MEDICAL SYSTEMS LTDA. ATÉ: 23/10/2015 NA OS: 15000992,335ed8f2-ebec-478d-b45c-2486917d11b2,,,,,,,,,,,,,,,,,,,,,,,CEIC,available,EMMP0948,INTELLIVUE MP20,MONITOR MULTIPARAMÉTRICO
EMMP0949,DE80183375,HC153142,MONITOR MULTIPARAMÉTRICO,INTELLIVUE MP20,PHILIPS,SEMI-CRÍTICO,MÉDIA,HOSPITAL DAS CLÍNICAS,INSTITUTO CENTRAL - ICHC,IC - CENTRAL DE EQUIPAMENTOS DO INSTITUTO CENTRAL - 6º EE," AVENIDA DOUTOR ENÉAS DE CARVALHO AGUIAR 255, CERQUEIRA CÉSAR, SÃO PAULO-SP",SP,CERQUEIRA CÉSAR,SÃO PAULO,05403-010,"2929 - CENTRAL EQUIPAMENTO MÉDICO - CIEQ 09 PAMB ",,"20.000,00",,"20.000,00",,23/10/2014,,,,,,,PRÓPRIO,ATIVO,,,DE SERVIÇO: PHILIPS MEDICAL SYSTEMS LTDA. ATÉ: 23/10/2015 NA OS: 15000993,fa54f888-7dcc-4319-8e1a-318fcfd0c5a8,,,,,,,,,,,,,,,,,,,,,,,CEIC,available,EMMP0949,INTELLIVUE MP20,MONITOR MULTIPARAMÉTRICO
EMMP0951,DE80183420,HC153138,MONITOR MULTIPARAMÉTRICO,INTELLIVUE MP20,PHILIPS,SEMI-CRÍTICO,MÉDIA,HOSPITAL DAS CLÍNICAS,INSTITUTO CENTRAL - ICHC,IC - CENTRAL DE EQUIPAMENTOS DO INSTITUTO CENTRAL - 6º EE," AVENIDA DOUTOR ENÉAS DE CARVALHO AGUIAR 255, CERQUEIRA CÉSAR, SÃO PAULO-SP",SP,CERQUEIRA CÉSAR,SÃO PAULO,05403-010,"2929 - CENTRAL EQUIPAMENTO MÉDICO - CIEQ 09 PAMB ",,"20.000,00",,"20.000,00",,23/10/2014,,,,,,,PRÓPRIO,ATIVO,,,DE SERVIÇO: PHILIPS MEDICAL SYSTEMS LTDA. ATÉ: 23/10/2015 NA OS: 15000941,0ab3ed84-254d-405b-a09c-e42964ceffe8,,,,,,,,,,,,,,,,,,,,,,,CEIC,available,EMMP0951,INTELLIVUE MP20,MONITOR MULTIPARAMÉTRICO
EMMP0952,DE80183405,HC153139,MONITOR MULTIPARAMÉTRICO,INTELLIVUE MP20,PHILIPS,SEMI-CRÍTICO,MÉDIA,HOSPITAL DAS CLÍNICAS,INSTITUTO CENTRAL - ICHC,IC - CENTRAL DE EQUIPAMENTOS DO INSTITUTO CENTRAL - 6º EE," AVENIDA DOUTOR ENÉAS DE CARVALHO AGUIAR 255, CERQUEIRA CÉSAR, SÃO PAULO-SP",SP,CERQUEIRA CÉSAR,SÃO PAULO,05403-010,"2929 - CENTRAL EQUIPAMENTO MÉDICO - CIEQ 09 PAMB ",,"20.000,00",,"20.000,00",,23/10/2014,,,,,,,PRÓPRIO,ATIVO,,,"DE SERVIÇO: PHILIPS MEDICAL SYSTEMS LTDA. ATÉ: 23/10/2015 NA OS: 15000996;
DE SERVIÇO: PHILIPS MEDICAL SYSTEMS LTDA. ATÉ: 02/08/2017 NA OS: 16025533",0949f1dd-39d1-45cd-b575-c8061f8754fe,,,,,,,,,,,,,,,,,,,,,,,CEIC,available,EMMP0952,INTELLIVUE MP20,MONITOR MULTIPARAMÉTRICO
EMMP0993,DE80183383,HC153156,MONITOR MULTIPARAMÉTRICO,INTELLIVUE MP20,PHILIPS,SEMI-CRÍTICO,MÉDIA,HOSPITAL DAS CLÍNICAS,INSTITUTO CENTRAL - ICHC,IC - CENTRAL DE EQUIPAMENTOS DO INSTITUTO CENTRAL - 6º EE," AVENIDA DOUTOR ENÉAS DE CARVALHO AGUIAR 255, CERQUEIRA CÉSAR, SÃO PAULO-SP",SP,CERQUEIRA CÉSAR,SÃO PAULO,05403-010,"2929 - CENTRAL EQUIPAMENTO MÉDICO - CIEQ 09 PAMB ",,"20.000,00",,"20.000,00",,20/11/2014,,,,,,,PRÓPRIO,ATIVO,,EQUIPAMENTO INATIVADO POIS NAO FOI LOCALIZADO NA MANUTENÇÃO PREVENTVA DE 01/2023 AGUARDANDO LOCALIZAÇÃO.,DE SERVIÇO: PHILIPS MEDICAL SYSTEMS LTDA. ATÉ: 20/11/2015 NA OS: 15004343,368a1953-4708-4468-87b9-5bec6c4285f3,,,,,,,,,,,,,,,,,,,,,,,CEIC,available,EMMP0993,INTELLIVUE MP20,MONITOR MULTIPARAMÉTRICO
EMMP1278,DE80183356,HC153171,MONITOR MULTIPARAMÉTRICO,INTELLIVUE MP20,PHILIPS,SEMI-CRÍTICO,MÉDIA,HOSPITAL DAS CLÍNICAS,INSTITUTO CENTRAL - ICHC,IC - CENTRAL DE EQUIPAMENTOS DO INSTITUTO CENTRAL - 6º EE," AVENIDA DOUTOR ENÉAS DE CARVALHO AGUIAR 255, CERQUEIRA CÉSAR, SÃO PAULO-SP",SP,CERQUEIRA CÉSAR,SÃO PAULO,05403-010,"2929 - CENTRAL EQUIPAMENTO MÉDICO - CIEQ 09 PAMB ",,"20.000,00",,"20.000,00",,04/02/2015,,03/02/2016,,,,,PRÓPRIO,ATIVO,,,DE SERVIÇO: LRM - LABORATORIO METROLOGICO COM. SERV. LTDA ATÉ: 04/02/2016 NA OS: 15004092,fe4a0731-6dab-484b-ae5a-1b2369de8d3d,03DN,,2026-03-29 20:52:02.33+00,true,,,,,false,,,,,,,,,,,,true,2026-03-29 20:55:59.091+00,CEIC,available,EMMP1278,INTELLIVUE MP20,MONITOR MULTIPARAMÉTRICO
EMMP1639,V5E0000860,FFM62031,MONITOR MULTIPARAMÉTRICO,VITA 500E,ALFA MED SISTEMAS MÉDICOS LTDA,SEMI-CRÍTICO,MÉDIA,HOSPITAL DAS CLÍNICAS,INSTITUTO CENTRAL - ICHC,IC - CENTRAL DE EQUIPAMENTOS DO INSTITUTO CENTRAL - 6º EE," AVENIDA DOUTOR ENÉAS DE CARVALHO AGUIAR 255, CERQUEIRA CÉSAR, SÃO PAULO-SP",SP,CERQUEIRA CÉSAR,SÃO PAULO,05403-010,"2929 - CENTRAL EQUIPAMENTO MÉDICO - CIEQ 09 PAMB ",30/04/2020,"10.764,70",11358,"10.764,70",30/04/2020,30/04/2020,,30/04/2022,,,80629370013,,PRÓPRIO,ATIVO,,"ECG, NIBP, T1, T2, SPO2
100-240V
50/60HZ
1-0,5A
BATERIA LITIO 14,8V

EQUIPAMENTO RECONHECIDO NA REDE COMO ""EQUIPAMENTO 129""",,c31e56aa-9d33-47b1-b4a6-7087dd117ef7,,,,,,,,,,,,,,,,,,,,,,,CEIC,available,EMMP1639,VITA 500E,MONITOR MULTIPARAMÉTRICO
EMMP1640,V5E0000864,FFM62032,MONITOR MULTIPARAMÉTRICO,VITA 500E,ALFA MED SISTEMAS MÉDICOS LTDA,SEMI-CRÍTICO,MÉDIA,HOSPITAL DAS CLÍNICAS,INSTITUTO CENTRAL - ICHC,IC - CENTRAL DE EQUIPAMENTOS DO INSTITUTO CENTRAL - 6º EE," AVENIDA DOUTOR ENÉAS DE CARVALHO AGUIAR 255, CERQUEIRA CÉSAR, SÃO PAULO-SP",SP,CERQUEIRA CÉSAR,SÃO PAULO,05403-010,"2929 - CENTRAL EQUIPAMENTO MÉDICO - CIEQ 09 PAMB ",30/04/2020,"10.764,70",11358,"10.764,70",30/04/2020,30/04/2020,,30/04/2022,,,80629370013,,PRÓPRIO,ATIVO,,"ECG, NIBP, T1, T2, SPO2
100-240V
50/60HZ
1-0,5A
BATERIA LITIO 14,8V

EQUIPAMENTO RECONHECIDO NA REDE COMO ""EQUIPAMENTO 115""",,6791dd5d-dda8-4dac-9df4-ab75e1fbf5a1,,,,,,,,,,,,,,,,,,,,,,,CEIC,available,EMMP1640,VITA 500E,MONITOR MULTIPARAMÉTRICO
EMMP1643,V5E0000843,FFM62029,MONITOR MULTIPARAMÉTRICO,VITA 500E,ALFA MED SISTEMAS MÉDICOS LTDA,SEMI-CRÍTICO,MÉDIA,HOSPITAL DAS CLÍNICAS,INSTITUTO CENTRAL - ICHC,IC - CENTRAL DE EQUIPAMENTOS DO INSTITUTO CENTRAL - 6º EE," AVENIDA DOUTOR ENÉAS DE CARVALHO AGUIAR 255, CERQUEIRA CÉSAR, SÃO PAULO-SP",SP,CERQUEIRA CÉSAR,SÃO PAULO,05403-010,"2929 - CENTRAL EQUIPAMENTO MÉDICO - CIEQ 09 PAMB ",30/04/2020,"10.764,70",11358,"10.764,70",30/04/2020,30/04/2020,,30/04/2022,,,80629370013,,PRÓPRIO,ATIVO,,"ECG, NIBP, T1, T2, SPO2
100-240V
50/60HZ
1-0,5A
BATERIA LITIO 14,8V
EQUIPAMENTO RECONHECIDO NA REDE COMO ""EQUIPAMENTO 117""",,92cf2c07-a510-4be9-9d42-8d820becc941,,,,,,,,,,,,,,,,,,,,,,,CEIC,available,EMMP1643,VITA 500E,MONITOR MULTIPARAMÉTRICO
EMMP1644,V5E0000863,FFM62021,MONITOR MULTIPARAMÉTRICO,VITA 500E,ALFA MED SISTEMAS MÉDICOS LTDA,SEMI-CRÍTICO,MÉDIA,HOSPITAL DAS CLÍNICAS,INSTITUTO CENTRAL - ICHC,IC - CENTRAL DE EQUIPAMENTOS DO INSTITUTO CENTRAL - 6º EE," AVENIDA DOUTOR ENÉAS DE CARVALHO AGUIAR 255, CERQUEIRA CÉSAR, SÃO PAULO-SP",SP,CERQUEIRA CÉSAR,SÃO PAULO,05403-010,"2929 - CENTRAL EQUIPAMENTO MÉDICO - CIEQ 09 PAMB ",30/04/2020,"10.764,70",11358,"10.764,70",30/04/2020,30/04/2020,,30/04/2022,,,80629370013,,PRÓPRIO,ATIVO,,"ECG, NIBP, T1, T2, SPO2
100-240V
50/60HZ
1-0,5A
BATERIA LITIO 14,8V
EQUIPAMENTO RECONHECIDO NA REDE COMO ""EQUIPAMENTO 127""",,8afab99d-471d-4a66-bd3f-6d1945d02829,,,,,,,,,,,,,,,,,,,,,,,CEIC,available,EMMP1644,VITA 500E,MONITOR MULTIPARAMÉTRICO
EMMP1645,V5E0000861,FFM62022,MONITOR MULTIPARAMÉTRICO,VITA 500E,ALFA MED SISTEMAS MÉDICOS LTDA,SEMI-CRÍTICO,MÉDIA,HOSPITAL DAS CLÍNICAS,INSTITUTO CENTRAL - ICHC,IC - CENTRAL DE EQUIPAMENTOS DO INSTITUTO CENTRAL - 6º EE," AVENIDA DOUTOR ENÉAS DE CARVALHO AGUIAR 255, CERQUEIRA CÉSAR, SÃO PAULO-SP",SP,CERQUEIRA CÉSAR,SÃO PAULO,05403-010,"2929 - CENTRAL EQUIPAMENTO MÉDICO - CIEQ 09 PAMB ",30/04/2020,"10.764,70",11358,"10.764,70",30/04/2020,30/04/2020,,30/04/2022,,,80629370013,,PRÓPRIO,ATIVO,,"ECG, NIBP, T1, T2, SPO2
100-240V
50/60HZ
1-0,5A
BATERIA LITIO 14,8V
EQUIPAMENTO RECONHECIDO NA REDE COMO ""EQUIPAMENTO 112""",,3c9172d7-53a6-4251-ad8c-3138e893989c,,,,,,,,,,,,,,,,,,,,,,,CEIC,available,EMMP1645,VITA 500E,MONITOR MULTIPARAMÉTRICO
EMMP1646,V5E0000829,FFM62010,MONITOR MULTIPARAMÉTRICO,VITA 500E,ALFA MED SISTEMAS MÉDICOS LTDA,SEMI-CRÍTICO,MÉDIA,HOSPITAL DAS CLÍNICAS,INSTITUTO CENTRAL - ICHC,IC - CENTRAL DE EQUIPAMENTOS DO INSTITUTO CENTRAL - 6º EE," AVENIDA DOUTOR ENÉAS DE CARVALHO AGUIAR 255, CERQUEIRA CÉSAR, SÃO PAULO-SP",SP,CERQUEIRA CÉSAR,SÃO PAULO,05403-010,"2929 - CENTRAL EQUIPAMENTO MÉDICO - CIEQ 09 PAMB ",30/04/2020,"10.764,70",11358,"10.764,70",30/04/2020,30/04/2020,,30/04/2022,,,80629370013,,PRÓPRIO,ATIVO,,"ECG, NIBP, T1, T2, SPO2
100-240V
50/60HZ
1-0,5A
BATERIA LITIO 14,8V",,14b6a4bb-9e68-470d-821d-082f4d6efd25,,,,,,,,,,,,,,,,,,,,,,,CEIC,available,EMMP1646,VITA 500E,MONITOR MULTIPARAMÉTRICO
EMMP1647,V5E0000847,FFM62016,MONITOR MULTIPARAMÉTRICO,VITA 500E,ALFA MED SISTEMAS MÉDICOS LTDA,SEMI-CRÍTICO,MÉDIA,HOSPITAL DAS CLÍNICAS,INSTITUTO CENTRAL - ICHC,IC - CENTRAL DE EQUIPAMENTOS DO INSTITUTO CENTRAL - 6º EE," AVENIDA DOUTOR ENÉAS DE CARVALHO AGUIAR 255, CERQUEIRA CÉSAR, SÃO PAULO-SP",SP,CERQUEIRA CÉSAR,SÃO PAULO,05403-010,"2929 - CENTRAL EQUIPAMENTO MÉDICO - CIEQ 09 PAMB ",30/04/2020,"10.764,70",11358,"10.764,70",30/04/2020,30/04/2020,,30/04/2022,,,80629370013,,PRÓPRIO,ATIVO,,"ECG, NIBP, T1, T2, SPO2
100-240V
50/60HZ
1-0,5A
BATERIA LITIO 14,8V",,9c011f18-66d7-47ee-b502-b8e212140dc0,,,,,,,,,,,,,,,,,,,,,,,CEIC,available,EMMP1647,VITA 500E,MONITOR MULTIPARAMÉTRICO
EMMP1648,V5E0000870,FFM62013,MONITOR MULTIPARAMÉTRICO,VITA 500E,ALFA MED SISTEMAS MÉDICOS LTDA,SEMI-CRÍTICO,MÉDIA,HOSPITAL DAS CLÍNICAS,INSTITUTO CENTRAL - ICHC,IC - CENTRAL DE EQUIPAMENTOS DO INSTITUTO CENTRAL - 6º EE," AVENIDA DOUTOR ENÉAS DE CARVALHO AGUIAR 255, CERQUEIRA CÉSAR, SÃO PAULO-SP",SP,CERQUEIRA CÉSAR,SÃO PAULO,05403-010,"2929 - CENTRAL EQUIPAMENTO MÉDICO - CIEQ 09 PAMB ",30/04/2020,"10.764,70",11358,"10.764,70",30/04/2020,30/04/2020,,30/04/2022,,,80629370013,,PRÓPRIO,ATIVO,,"ECG, NIBP, T1, T2, SPO2
100-240V
50/60HZ
1-0,5A
BATERIA LITIO 14,8V
EQUIPAMENTO RECONHECIDO NA REDE COMO ""EQUIPAMENTO 113""",,fe0f898f-9d45-4259-a8c1-f6c301fca5fa,,,,,,,,,,,,,,,,,,,,,,,CEIC,available,EMMP1648,VITA 500E,MONITOR MULTIPARAMÉTRICO
EMMP1649,V5E0000845,FFM62028,MONITOR MULTIPARAMÉTRICO,VITA 500E,ALFA MED SISTEMAS MÉDICOS LTDA,SEMI-CRÍTICO,MÉDIA,HOSPITAL DAS CLÍNICAS,INSTITUTO CENTRAL - ICHC,IC - CENTRAL DE EQUIPAMENTOS DO INSTITUTO CENTRAL - 6º EE," AVENIDA DOUTOR ENÉAS DE CARVALHO AGUIAR 255, CERQUEIRA CÉSAR, SÃO PAULO-SP",SP,CERQUEIRA CÉSAR,SÃO PAULO,05403-010,"2929 - CENTRAL EQUIPAMENTO MÉDICO - CIEQ 09 PAMB ",30/04/2020,"10.764,70",11358,"10.764,70",30/04/2020,30/04/2020,,30/04/2022,,,80629370013,,PRÓPRIO,ATIVO,,"ECG, NIBP, T1, T2, SPO2
100-240V
50/60HZ
1-0,5A
BATERIA LITIO 14,8V
EQUIPAMENTO RECONHECIDO NA REDE COMO ""EQUIPAMENTO 123""",,5db3733b-8931-4f88-80df-ef2f97c02745,,,,,,,,,,,,,,,,,,,,,,,CEIC,available,EMMP1649,VITA 500E,MONITOR MULTIPARAMÉTRICO
EMMP1650,V5E0000867,FFM62015,MONITOR MULTIPARAMÉTRICO,VITA 500E,ALFA MED SISTEMAS MÉDICOS LTDA,SEMI-CRÍTICO,MÉDIA,HOSPITAL DAS CLÍNICAS,INSTITUTO CENTRAL - ICHC,IC - CENTRAL DE EQUIPAMENTOS DO INSTITUTO CENTRAL - 6º EE," AVENIDA DOUTOR ENÉAS DE CARVALHO AGUIAR 255, CERQUEIRA CÉSAR, SÃO PAULO-SP",SP,CERQUEIRA CÉSAR,SÃO PAULO,05403-010,"2929 - CENTRAL EQUIPAMENTO MÉDICO - CIEQ 09 PAMB ",30/04/2020,"10.764,70",11358,"10.764,70",30/04/2020,30/04/2020,,30/04/2022,,,80629370013,,PRÓPRIO,ATIVO,,"ECG, NIBP, T1, T2, SPO2
100-240V
50/60HZ
1-0,5A
BATERIA LITIO 14,8V
EQUIPAMENTO RECONHECIDO NA REDE COMO ""EQUIPAMENTO 121""",,5f1718ad-2222-46e4-b907-673aa8be79c8,,,,,,,,,,,,,,,,,,,,,,,CEIC,available,EMMP1650,VITA 500E,MONITOR MULTIPARAMÉTRICO
EMMP1651,V5E0000848,FFM62033,MONITOR MULTIPARAMÉTRICO,VITA 500E,ALFA MED SISTEMAS MÉDICOS LTDA,SEMI-CRÍTICO,MÉDIA,HOSPITAL DAS CLÍNICAS,INSTITUTO CENTRAL - ICHC,IC - CENTRAL DE EQUIPAMENTOS DO INSTITUTO CENTRAL - 6º EE," AVENIDA DOUTOR ENÉAS DE CARVALHO AGUIAR 255, CERQUEIRA CÉSAR, SÃO PAULO-SP",SP,CERQUEIRA CÉSAR,SÃO PAULO,05403-010,"2929 - CENTRAL EQUIPAMENTO MÉDICO - CIEQ 09 PAMB ",30/04/2020,"10.764,70",11358,"10.764,70",30/04/2020,30/04/2020,,30/04/2022,,,80629370013,,PRÓPRIO,ATIVO,,"ECG, NIBP, T1, T2, SPO2
100-240V
50/60HZ
1-0,5A
BATERIA LITIO 14,8V
EQUIPAMENTO RECONHECIDO NA REDE COMO ""EQUIPAMENTO 126""",,2d7e9d9a-aae3-46fb-aaf7-abe6dd53f1a9,,,,,,,,,,,,,,,,,,,,,,,CEIC,available,EMMP1651,VITA 500E,MONITOR MULTIPARAMÉTRICO
EMMP1652,V5E0000844,FFM62027,MONITOR MULTIPARAMÉTRICO,VITA 500E,ALFA MED SISTEMAS MÉDICOS LTDA,SEMI-CRÍTICO,MÉDIA,HOSPITAL DAS CLÍNICAS,INSTITUTO CENTRAL - ICHC,IC - CENTRAL DE EQUIPAMENTOS DO INSTITUTO CENTRAL - 6º EE," AVENIDA DOUTOR ENÉAS DE CARVALHO AGUIAR 255, CERQUEIRA CÉSAR, SÃO PAULO-SP",SP,CERQUEIRA CÉSAR,SÃO PAULO,05403-010,"2929 - CENTRAL EQUIPAMENTO MÉDICO - CIEQ 09 PAMB ",30/04/2020,"10.764,70",11358,"10.764,70",30/04/2020,30/04/2020,,30/04/2022,,,80629370013,,PRÓPRIO,ATIVO,,"ECG, NIBP, T1, T2, SPO2
100-240V
50/60HZ
1-0,5A
BATERIA LITIO 14,8V
EQUIPAMENTO RECONHECIDO NA REDE COMO ""EQUIPAMENTO 122""",,28d216a3-0aed-46c9-8577-4fe68715edff,,,,,,,,,,,,,,,,,,,,,,,CEIC,available,EMMP1652,VITA 500E,MONITOR MULTIPARAMÉTRICO
EMMP1653,V5E0000855,FFM62038,MONITOR MULTIPARAMÉTRICO,VITA 500E,ALFA MED SISTEMAS MÉDICOS LTDA,SEMI-CRÍTICO,MÉDIA,HOSPITAL DAS CLÍNICAS,INSTITUTO CENTRAL - ICHC,IC - CENTRAL DE EQUIPAMENTOS DO INSTITUTO CENTRAL - 6º EE," AVENIDA DOUTOR ENÉAS DE CARVALHO AGUIAR 255, CERQUEIRA CÉSAR, SÃO PAULO-SP",SP,CERQUEIRA CÉSAR,SÃO PAULO,05403-010,"2929 - CENTRAL EQUIPAMENTO MÉDICO - CIEQ 09 PAMB ",30/04/2020,"10.764,70",11358,"10.764,70",30/04/2020,30/04/2020,,30/04/2022,,,80629370013,,PRÓPRIO,ATIVO,,"ECG, NIBP, T1, T2, SPO2
100-240V
50/60HZ
1-0,5A
BATERIA LITIO 14,8V
EQUIPAMENTO RECONHECIDO NA REDE COMO ""EQUIPAMENTO 119""",,182bbb3c-6ae0-4254-88ae-9940db94e221,,,,,,,,,,,,,,,,,,,,,,,CEIC,available,EMMP1653,VITA 500E,MONITOR MULTIPARAMÉTRICO
EMMP1654,V5E0000865,FFM62011,MONITOR MULTIPARAMÉTRICO,VITA 500E,ALFA MED SISTEMAS MÉDICOS LTDA,SEMI-CRÍTICO,MÉDIA,HOSPITAL DAS CLÍNICAS,INSTITUTO CENTRAL - ICHC,IC - CENTRAL DE EQUIPAMENTOS DO INSTITUTO CENTRAL - 6º EE," AVENIDA DOUTOR ENÉAS DE CARVALHO AGUIAR 255, CERQUEIRA CÉSAR, SÃO PAULO-SP",SP,CERQUEIRA CÉSAR,SÃO PAULO,05403-010,"2929 - CENTRAL EQUIPAMENTO MÉDICO - CIEQ 09 PAMB ",30/04/2020,"10.764,70",11358,"10.764,70",30/04/2020,30/04/2020,,30/04/2022,,,80629370013,,PRÓPRIO,ATIVO,,"ECG, NIBP, T1, T2, SPO2
100-240V
50/60HZ
1-0,5A
BATERIA LITIO 14,8V
EQUIPAMENTO RECONHECIDO NA REDE COMO ""EQUIPAMENTO 124""",,84709529-9d34-46b0-a5f3-c365f841b664,,,,,,,,,,,,,,,,,,,,,,,CEIC,available,EMMP1654,VITA 500E,MONITOR MULTIPARAMÉTRICO
EMMP1657,V5E0000862,FFM62039,MONITOR MULTIPARAMÉTRICO,VITA 500E,ALFA MED SISTEMAS MÉDICOS LTDA,SEMI-CRÍTICO,MÉDIA,HOSPITAL DAS CLÍNICAS,INSTITUTO CENTRAL - ICHC,IC - CENTRAL DE EQUIPAMENTOS DO INSTITUTO CENTRAL - 6º EE," AVENIDA DOUTOR ENÉAS DE CARVALHO AGUIAR 255, CERQUEIRA CÉSAR, SÃO PAULO-SP",SP,CERQUEIRA CÉSAR,SÃO PAULO,05403-010,"2929 - CENTRAL EQUIPAMENTO MÉDICO - CIEQ 09 PAMB ",30/04/2020,"10.764,70",11358,"10.764,70",30/04/2020,30/04/2020,,30/04/2022,,,80629370013,,PRÓPRIO,ATIVO,,"ECG, NIBP, T1, T2, SPO2
100-240V
50/60HZ
1-0,5A
BATERIA LITIO 14,8V
EQUIPAMENTO RECONHECIDO NA REDE COMO ""EQUIPAMENTO 116""",,e59f1210-ab90-4664-a1d2-ba57ec7c1fe8,,,,,,,,,,,,,,,,,,,,,,,CEIC,available,EMMP1657,VITA 500E,MONITOR MULTIPARAMÉTRICO
EMMP1659,V5E0000857,FFM62034,MONITOR MULTIPARAMÉTRICO,VITA 500E,ALFA MED SISTEMAS MÉDICOS LTDA,SEMI-CRÍTICO,MÉDIA,HOSPITAL DAS CLÍNICAS,INSTITUTO CENTRAL - ICHC,IC - CENTRAL DE EQUIPAMENTOS DO INSTITUTO CENTRAL - 6º EE," AVENIDA DOUTOR ENÉAS DE CARVALHO AGUIAR 255, CERQUEIRA CÉSAR, SÃO PAULO-SP",SP,CERQUEIRA CÉSAR,SÃO PAULO,05403-010,"2929 - CENTRAL EQUIPAMENTO MÉDICO - CIEQ 09 PAMB ",30/04/2020,"10.764,70",11358,"10.764,70",30/04/2020,30/04/2020,,30/04/2022,,,80629370013,,PRÓPRIO,ATIVO,,"ECG, NIBP, T1, T2, SPO2
100-240V
50/60HZ
1-0,5A
BATERIA LITIO 14,8V
EQUIPAMENTO RECONHECIDO NA REDE COMO ""EQUIPAMENTO 114""",,c173de7f-0166-4daa-8207-773a2520e801,03DN,,2026-03-29 20:55:21.647+00,true,,,,,false,,,,,,,,,,,,true,2026-03-29 20:55:53.189+00,CEIC,available,EMMP1659,VITA 500E,MONITOR MULTIPARAMÉTRICO
EMMP1661,V5E0000853,FFM62017,MONITOR MULTIPARAMÉTRICO,VITA 500E,ALFA MED SISTEMAS MÉDICOS LTDA,SEMI-CRÍTICO,MÉDIA,HOSPITAL DAS CLÍNICAS,INSTITUTO CENTRAL - ICHC,IC - CENTRAL DE EQUIPAMENTOS DO INSTITUTO CENTRAL - 6º EE," AVENIDA DOUTOR ENÉAS DE CARVALHO AGUIAR 255, CERQUEIRA CÉSAR, SÃO PAULO-SP",SP,CERQUEIRA CÉSAR,SÃO PAULO,05403-010,"2929 - CENTRAL EQUIPAMENTO MÉDICO - CIEQ 09 PAMB ",30/04/2020,"10.764,70",11358,"10.764,70",30/04/2020,30/04/2020,,30/04/2022,,,80629370013,,PRÓPRIO,ATIVO,,"ECG, NIBP, T1, T2, SPO2
100-240V
50/60HZ
1-0,5A
BATERIA LITIO 14,8V",,92b0b37c-d607-4f0e-baaa-4f28232f1668,,,,,,,,,,,,,,,,,,,,,,,CEIC,available,EMMP1661,VITA 500E,MONITOR MULTIPARAMÉTRICO
EMMP1662,V5E0000852,FFM62025,MONITOR MULTIPARAMÉTRICO,VITA 500E,ALFA MED SISTEMAS MÉDICOS LTDA,SEMI-CRÍTICO,MÉDIA,HOSPITAL DAS CLÍNICAS,INSTITUTO CENTRAL - ICHC,IC - CENTRAL DE EQUIPAMENTOS DO INSTITUTO CENTRAL - 6º EE," AVENIDA DOUTOR ENÉAS DE CARVALHO AGUIAR 255, CERQUEIRA CÉSAR, SÃO PAULO-SP",SP,CERQUEIRA CÉSAR,SÃO PAULO,05403-010,"2929 - CENTRAL EQUIPAMENTO MÉDICO - CIEQ 09 PAMB ",30/04/2020,"10.764,70",11358,"10.764,70",30/04/2020,30/04/2020,,30/04/2022,,,80629370013,,PRÓPRIO,ATIVO,,"ECG, NIBP, T1, T2, SPO2
100-240V
50/60HZ
1-0,5A
BATERIA LITIO 14,8V
EQUIPAMENTO RECONHECIDO NA REDE COMO ""EQUIPAMENTO 110""",,7ddd1040-fe21-4278-a776-402ad77d5cd2,,,,,,,,,,,,,,,,,,,,,,,CEIC,available,EMMP1662,VITA 500E,MONITOR MULTIPARAMÉTRICO
EMMP1663,V5E0000851,FFM62035,MONITOR MULTIPARAMÉTRICO,VITA 500E,ALFA MED SISTEMAS MÉDICOS LTDA,SEMI-CRÍTICO,MÉDIA,HOSPITAL DAS CLÍNICAS,INSTITUTO CENTRAL - ICHC,IC - CENTRAL DE EQUIPAMENTOS DO INSTITUTO CENTRAL - 6º EE," AVENIDA DOUTOR ENÉAS DE CARVALHO AGUIAR 255, CERQUEIRA CÉSAR, SÃO PAULO-SP",SP,CERQUEIRA CÉSAR,SÃO PAULO,05403-010,"2929 - CENTRAL EQUIPAMENTO MÉDICO - CIEQ 09 PAMB ",30/04/2020,"10.764,70",11358,"10.764,70",30/04/2020,30/04/2020,,30/04/2022,,,80629370013,,PRÓPRIO,ATIVO,,"ECG, NIBP, T1, T2, SPO2
100-240V
50/60HZ
1-0,5A
BATERIA LITIO 14,8V
EQUIPAMENTO RECONHECIDO NA REDE COMO ""EQUIPAMENTO 109""",,31d68fbe-29ad-4e48-9e9f-25cea5c125e5,,,,,,,,,,,,,,,,,,,,,,,CEIC,available,EMMP1663,VITA 500E,MONITOR MULTIPARAMÉTRICO
EMMP1664,V5E0000846,FFM62019,MONITOR MULTIPARAMÉTRICO,VITA 500E,ALFA MED SISTEMAS MÉDICOS LTDA,SEMI-CRÍTICO,MÉDIA,HOSPITAL DAS CLÍNICAS,INSTITUTO CENTRAL - ICHC,IC - CENTRAL DE EQUIPAMENTOS DO INSTITUTO CENTRAL - 6º EE," AVENIDA DOUTOR ENÉAS DE CARVALHO AGUIAR 255, CERQUEIRA CÉSAR, SÃO PAULO-SP",SP,CERQUEIRA CÉSAR,SÃO PAULO,05403-010,"2929 - CENTRAL EQUIPAMENTO MÉDICO - CIEQ 09 PAMB ",30/04/2020,"10.764,70",11358,"10.764,70",30/04/2020,30/04/2020,,30/04/2022,,,80629370013,,PRÓPRIO,ATIVO,,"ECG, NIBP, T1, T2, SPO2
100-240V
50/60HZ
1-0,5A
BATERIA LITIO 14,8V
EQUIPAMENTO RECONHECIDO NA REDE COMO ""EQUIPAMENTO 106""",,a926f26e-3ce3-4d4b-9bb4-9f61cf8104b0,,,,,,,,,,,,,,,,,,,,,,,CEIC,available,EMMP1664,VITA 500E,MONITOR MULTIPARAMÉTRICO
EMMP1665,V5E0000858,FFM62036,MONITOR MULTIPARAMÉTRICO,VITA 500E,ALFA MED SISTEMAS MÉDICOS LTDA,SEMI-CRÍTICO,MÉDIA,HOSPITAL DAS CLÍNICAS,INSTITUTO CENTRAL - ICHC,IC - CENTRAL DE EQUIPAMENTOS DO INSTITUTO CENTRAL - 6º EE," AVENIDA DOUTOR ENÉAS DE CARVALHO AGUIAR 255, CERQUEIRA CÉSAR, SÃO PAULO-SP",SP,CERQUEIRA CÉSAR,SÃO PAULO,05403-010,"2929 - CENTRAL EQUIPAMENTO MÉDICO - CIEQ 09 PAMB ",30/04/2020,"10.764,70",11358,"10.764,70",30/04/2020,30/04/2020,,30/04/2022,,,80629370013,,PRÓPRIO,ATIVO,,"ECG, NIBP, T1, T2, SPO2
100-240V
50/60HZ
1 - 0,5A
BATERIA LITIO 14,8V
EQUIPAMENTO RECONHECIDO NA REDE COMO ""EQUIPAMENTO 111""",,5fc17b12-7f2f-4875-b513-f76724dd6669,,,,,,,,,,,,,,,,,,,,,,,CEIC,available,EMMP1665,VITA 500E,MONITOR MULTIPARAMÉTRICO
EMMP1666,V5E0000859,FFM62014,MONITOR MULTIPARAMÉTRICO,VITA 500E,ALFA MED SISTEMAS MÉDICOS LTDA,SEMI-CRÍTICO,MÉDIA,HOSPITAL DAS CLÍNICAS,INSTITUTO CENTRAL - ICHC,IC - CENTRAL DE EQUIPAMENTOS DO INSTITUTO CENTRAL - 6º EE," AVENIDA DOUTOR ENÉAS DE CARVALHO AGUIAR 255, CERQUEIRA CÉSAR, SÃO PAULO-SP",SP,CERQUEIRA CÉSAR,SÃO PAULO,05403-010,"2929 - CENTRAL EQUIPAMENTO MÉDICO - CIEQ 09 PAMB ",30/04/2020,"10.764,70",11358,"10.764,70",30/04/2020,30/04/2020,,30/04/2022,,,80629370013,,PRÓPRIO,ATIVO,,"ECG, NIBP, T1, T2, SPO2
100-240V
50/60HZ
1-0,5A
BATERIA LITIO 14,8V
EQUIPAMENTO RECONHECIDO NA REDE COMO ""EQUIPAMENTO 125""",,885ee16e-8e09-4bcf-82a6-49fbe03f69c3,,,,,,,,,,,,,,,,,,,,,,,CEIC,available,EMMP1666,VITA 500E,MONITOR MULTIPARAMÉTRICO
EMMP1667,V5E0000854,FFM62037,MONITOR MULTIPARAMÉTRICO,VITA 500E,ALFA MED SISTEMAS MÉDICOS LTDA,SEMI-CRÍTICO,MÉDIA,HOSPITAL DAS CLÍNICAS,INSTITUTO CENTRAL - ICHC,IC - CENTRAL DE EQUIPAMENTOS DO INSTITUTO CENTRAL - 6º EE," AVENIDA DOUTOR ENÉAS DE CARVALHO AGUIAR 255, CERQUEIRA CÉSAR, SÃO PAULO-SP",SP,CERQUEIRA CÉSAR,SÃO PAULO,05403-010,"2929 - CENTRAL EQUIPAMENTO MÉDICO - CIEQ 09 PAMB ",30/04/2020,"10.764,70",11358,"10.764,70",30/04/2020,30/04/2020,,30/04/2022,,,80629370013,,PRÓPRIO,ATIVO,,"ECG, NIBP, T1, T2, SPO2
100-240V
50/60HZ
1-0,5A
BATERIA LITIO 14,8V",,b259b422-d332-4c63-9dd8-dd5c65f0b7bf,,,,,,,,,,,,,,,,,,,,,,,CEIC,available,EMMP1667,VITA 500E,MONITOR MULTIPARAMÉTRICO
EMMP1668,V5E0000856,FFM62030,MONITOR MULTIPARAMÉTRICO,VITA 500E,ALFA MED SISTEMAS MÉDICOS LTDA,SEMI-CRÍTICO,MÉDIA,HOSPITAL DAS CLÍNICAS,INSTITUTO CENTRAL - ICHC,IC - CENTRAL DE EQUIPAMENTOS DO INSTITUTO CENTRAL - 6º EE," AVENIDA DOUTOR ENÉAS DE CARVALHO AGUIAR 255, CERQUEIRA CÉSAR, SÃO PAULO-SP",SP,CERQUEIRA CÉSAR,SÃO PAULO,05403-010,"2929 - CENTRAL EQUIPAMENTO MÉDICO - CIEQ 09 PAMB ",30/04/2020,"10.764,70",11358,"10.764,70",30/04/2020,30/04/2020,,30/04/2022,,,80629370013,,PRÓPRIO,ATIVO,,"ECG, NIBP, T1, T2, SPO2
100-240V
50/60HZ
1-0,5A
BATERIA LITIO 14,8V
EQUIPAMENTO RECONHECIDO NA REDE COMO ""EQUIPAMENTO 130""",,efd08bd1-6375-47bb-8d4a-9dcd8b281687,,,,,,,,,,,,,,,,,,,,,,,CEIC,available,EMMP1668,VITA 500E,MONITOR MULTIPARAMÉTRICO
EMMP2197,DE758Y7983,FFM69951,MONITOR MULTIPARAMÉTRICO,INTELLIVUE MX450,PHILIPS,SEMI-CRÍTICO,MÉDIA,HOSPITAL DAS CLÍNICAS,INSTITUTO CENTRAL - ICHC,IC - CENTRAL DE EQUIPAMENTOS DO INSTITUTO CENTRAL - 6º EE," AVENIDA DOUTOR ENÉAS DE CARVALHO AGUIAR 255, CERQUEIRA CÉSAR, SÃO PAULO-SP",SP,CERQUEIRA CÉSAR,SÃO PAULO,05403-010,"2929 - CENTRAL EQUIPAMENTO MÉDICO - CIEQ 09 PAMB ",,"16.209,76",396655,"16.209,76",13/09/2022,20/10/2022,,,,,10216710215,,PRÓPRIO,ATIVO,PHILIPS MEDICAL SYSTEMS LTDA.,,,13be7d18-1650-4c67-94f0-0bbcd8a4d097,,,,,,,,,,,,,,,,,,,,,,,CEIC,available,EMMP2197,INTELLIVUE MX450,MONITOR MULTIPARAMÉTRICO
EMMT0156,DE3450D6KA,,MÓDULO MULTIPARAMÉTRICO,ECG/SPO2/PNI/TEMP/PI (M3001A),PHILIPS,SEMI-CRÍTICO,MÉDIA,HOSPITAL DAS CLÍNICAS,INSTITUTO CENTRAL - ICHC,IC - CENTRAL DE EQUIPAMENTOS DO INSTITUTO CENTRAL - 6º EE," AVENIDA DOUTOR ENÉAS DE CARVALHO AGUIAR 255, CERQUEIRA CÉSAR, SÃO PAULO-SP",SP,CERQUEIRA CÉSAR,SÃO PAULO,05403-010,"2929 - CENTRAL EQUIPAMENTO MÉDICO - CIEQ 09 PAMB ",,"15.000,00",,"15.000,00",,23/10/2014,,,,,,,PRÓPRIO,ATIVO,,,DE SERVIÇO: PHILIPS MEDICAL SYSTEMS LTDA. ATÉ: 23/10/2015 NA OS: 15000871,5ac1b9be-5a39-4477-b8b2-3a3e48a75fc8,,,,,,,,,,,,,,,,,,,,,,,CEIC,available,EMMT0156,ECG/SPO2/PNI/TEMP/PI (M3001A),MÓDULO MULTIPARAMÉTRICO
EMMT0179,DE3450D650,,MÓDULO MULTIPARAMÉTRICO,ECG/SPO2/PNI/TEMP/PI (M3001A),PHILIPS,SEMI-CRÍTICO,MÉDIA,HOSPITAL DAS CLÍNICAS,INSTITUTO CENTRAL - ICHC,IC - CENTRAL DE EQUIPAMENTOS DO INSTITUTO CENTRAL - 6º EE," AVENIDA DOUTOR ENÉAS DE CARVALHO AGUIAR 255, CERQUEIRA CÉSAR, SÃO PAULO-SP",SP,CERQUEIRA CÉSAR,SÃO PAULO,05403-010,"2929 - CENTRAL EQUIPAMENTO MÉDICO - CIEQ 09 PAMB ",,"15.000,00",,"15.000,00",,23/10/2014,,,,,,,PRÓPRIO,ATIVO,,,DE SERVIÇO: PHILIPS MEDICAL SYSTEMS LTDA. ATÉ: 23/10/2015 NA OS: 15000884,2aa62599-85d1-4d97-bfd8-1673a3783f2b,,,,,,,,,,,,,,,,,,,,,,,CEIC,available,EMMT0179,ECG/SPO2/PNI/TEMP/PI (M3001A),MÓDULO MULTIPARAMÉTRICO
EMMT0183,DE3450D656,,MÓDULO MULTIPARAMÉTRICO,ECG/SPO2/PNI/TEMP/PI (M3001A),PHILIPS,SEMI-CRÍTICO,MÉDIA,HOSPITAL DAS CLÍNICAS,INSTITUTO CENTRAL - ICHC,IC - CENTRAL DE EQUIPAMENTOS DO INSTITUTO CENTRAL - 6º EE," AVENIDA DOUTOR ENÉAS DE CARVALHO AGUIAR 255, CERQUEIRA CÉSAR, SÃO PAULO-SP",SP,CERQUEIRA CÉSAR,SÃO PAULO,05403-010,"2929 - CENTRAL EQUIPAMENTO MÉDICO - CIEQ 09 PAMB ",,"15.000,00",,"15.000,00",,23/10/2014,,,,,,,PRÓPRIO,ATIVO,,,DE SERVIÇO: PHILIPS MEDICAL SYSTEMS LTDA. ATÉ: 23/10/2015 NA OS: 15000889,c5763eb9-37e4-4539-adc4-43816ae6284f,,,,,,,,,,,,,,,,,,,,,,,CEIC,available,EMMT0183,ECG/SPO2/PNI/TEMP/PI (M3001A),MÓDULO MULTIPARAMÉTRICO
EMMT0184,DE3450D668,,MÓDULO MULTIPARAMÉTRICO,ECG/SPO2/PNI/TEMP/PI (M3001A),PHILIPS,SEMI-CRÍTICO,MÉDIA,HOSPITAL DAS CLÍNICAS,INSTITUTO CENTRAL - ICHC,IC - CENTRAL DE EQUIPAMENTOS DO INSTITUTO CENTRAL - 6º EE," AVENIDA DOUTOR ENÉAS DE CARVALHO AGUIAR 255, CERQUEIRA CÉSAR, SÃO PAULO-SP",SP,CERQUEIRA CÉSAR,SÃO PAULO,05403-010,"2929 - CENTRAL EQUIPAMENTO MÉDICO - CIEQ 09 PAMB ",,"15.000,00",,"15.000,00",,23/10/2014,,,,,,,PRÓPRIO,ATIVO,,,DE SERVIÇO: PHILIPS MEDICAL SYSTEMS LTDA. ATÉ: 23/10/2015 NA OS: 15000881,e5d6acf3-17be-4062-ab8a-1a870b7d3cb3,,,,,,,,,,,,,,,,,,,,,,,CEIC,available,EMMT0184,ECG/SPO2/PNI/TEMP/PI (M3001A),MÓDULO MULTIPARAMÉTRICO
EMMT0185,DE3450D65A,,MÓDULO MULTIPARAMÉTRICO,ECG/SPO2/PNI/TEMP/PI (M3001A),PHILIPS,SEMI-CRÍTICO,MÉDIA,HOSPITAL DAS CLÍNICAS,INSTITUTO CENTRAL - ICHC,IC - CENTRAL DE EQUIPAMENTOS DO INSTITUTO CENTRAL - 6º EE," AVENIDA DOUTOR ENÉAS DE CARVALHO AGUIAR 255, CERQUEIRA CÉSAR, SÃO PAULO-SP",SP,CERQUEIRA CÉSAR,SÃO PAULO,05403-010,"2929 - CENTRAL EQUIPAMENTO MÉDICO - CIEQ 09 PAMB ",,"15.000,00",,"15.000,00",,23/10/2014,,,,,,,PRÓPRIO,ATIVO,,,DE SERVIÇO: PHILIPS MEDICAL SYSTEMS LTDA. ATÉ: 23/10/2015 NA OS: 15000878,06efa2e8-883d-411e-9371-cd6712474036,,,,,,,,,,,,,,,,,,,,,,,CEIC,available,EMMT0185,ECG/SPO2/PNI/TEMP/PI (M3001A),MÓDULO MULTIPARAMÉTRICO
EMMT0374,DE83759403,,MÓDULO MULTIPARAMÉTRICO,PI/TEMP - PI/TEMP (M3012A) - EXTENSOR,PHILIPS,SEMI-CRÍTICO,MÉDIA,HOSPITAL DAS CLÍNICAS,INSTITUTO CENTRAL - ICHC,IC - CENTRAL DE EQUIPAMENTOS DO INSTITUTO CENTRAL - 6º EE," AVENIDA DOUTOR ENÉAS DE CARVALHO AGUIAR 255, CERQUEIRA CÉSAR, SÃO PAULO-SP",SP,CERQUEIRA CÉSAR,SÃO PAULO,05403-010,"2929 - CENTRAL EQUIPAMENTO MÉDICO - CIEQ 09 PAMB ",,"15.000,00",,"15.000,00",,06/01/2015,,,,,,,PRÓPRIO,ATIVO,,,,eb04bd19-7eeb-4c3a-8fe4-d92358eff07e,,,,,,,,,,,,,,,,,,,,,,,CEIC,available,EMMT0374,PI/TEMP - PI/TEMP (M3012A) - EXTENSOR,MÓDULO MULTIPARAMÉTRICO
EMMT0377,DE83759407,,MÓDULO MULTIPARAMÉTRICO,PI/TEMP - PI/TEMP (M3012A) - EXTENSOR,PHILIPS,SEMI-CRÍTICO,MÉDIA,HOSPITAL DAS CLÍNICAS,INSTITUTO CENTRAL - ICHC,IC - CENTRAL DE EQUIPAMENTOS DO INSTITUTO CENTRAL - 6º EE," AVENIDA DOUTOR ENÉAS DE CARVALHO AGUIAR 255, CERQUEIRA CÉSAR, SÃO PAULO-SP",SP,CERQUEIRA CÉSAR,SÃO PAULO,05403-010,"2929 - CENTRAL EQUIPAMENTO MÉDICO - CIEQ 09 PAMB ",,"15.000,00",,"15.000,00",,06/01/2015,,,,,,,PRÓPRIO,ATIVO,,,,e3aa7aad-2c14-41d0-8a87-3a4463a583d1,,,,,,,,,,,,,,,,,,,,,,,CEIC,available,EMMT0377,PI/TEMP - PI/TEMP (M3012A) - EXTENSOR,MÓDULO MULTIPARAMÉTRICO
EMMT0378,DE83759400,,MÓDULO MULTIPARAMÉTRICO,PI/TEMP - PI/TEMP (M3012A) - EXTENSOR,PHILIPS,SEMI-CRÍTICO,MÉDIA,HOSPITAL DAS CLÍNICAS,INSTITUTO CENTRAL - ICHC,IC - CENTRAL DE EQUIPAMENTOS DO INSTITUTO CENTRAL - 6º EE," AVENIDA DOUTOR ENÉAS DE CARVALHO AGUIAR 255, CERQUEIRA CÉSAR, SÃO PAULO-SP",SP,CERQUEIRA CÉSAR,SÃO PAULO,05403-010,"2929 - CENTRAL EQUIPAMENTO MÉDICO - CIEQ 09 PAMB ",,"15.000,00",,"15.000,00",,06/01/2015,,,,,,,PRÓPRIO,ATIVO,,,,d5dbbcc7-05aa-4971-96bd-b526488f08e4,,,,,,,,,,,,,,,,,,,,,,,CEIC,available,EMMT0378,PI/TEMP - PI/TEMP (M3012A) - EXTENSOR,MÓDULO MULTIPARAMÉTRICO
EMMT0379,DE83759396,,MÓDULO MULTIPARAMÉTRICO,PI/TEMP - PI/TEMP (M3012A) - EXTENSOR,PHILIPS,SEMI-CRÍTICO,MÉDIA,HOSPITAL DAS CLÍNICAS,INSTITUTO CENTRAL - ICHC,IC - CENTRAL DE EQUIPAMENTOS DO INSTITUTO CENTRAL - 6º EE," AVENIDA DOUTOR ENÉAS DE CARVALHO AGUIAR 255, CERQUEIRA CÉSAR, SÃO PAULO-SP",SP,CERQUEIRA CÉSAR,SÃO PAULO,05403-010,"2929 - CENTRAL EQUIPAMENTO MÉDICO - CIEQ 09 PAMB ",,"15.000,00",,"15.000,00",,06/01/2015,,,,,,,PRÓPRIO,ATIVO,,,,a2f10e70-2382-446a-93d6-41ea2fcb0aac,,,,,,,,,,,,,,,,,,,,,,,CEIC,available,EMMT0379,PI/TEMP - PI/TEMP (M3012A) - EXTENSOR,MÓDULO MULTIPARAMÉTRICO
EMMT0381,DE83759415,,MÓDULO MULTIPARAMÉTRICO,PI/TEMP - PI/TEMP (M3012A) - EXTENSOR,PHILIPS,SEMI-CRÍTICO,MÉDIA,HOSPITAL DAS CLÍNICAS,INSTITUTO CENTRAL - ICHC,IC - CENTRAL DE EQUIPAMENTOS DO INSTITUTO CENTRAL - 6º EE," AVENIDA DOUTOR ENÉAS DE CARVALHO AGUIAR 255, CERQUEIRA CÉSAR, SÃO PAULO-SP",SP,CERQUEIRA CÉSAR,SÃO PAULO,05403-010,"2929 - CENTRAL EQUIPAMENTO MÉDICO - CIEQ 09 PAMB ",,"15.000,00",,"15.000,00",,06/01/2015,,,,,,,PRÓPRIO,ATIVO,,,,fa7b9038-4fa1-4806-a5b3-bd26efae0068,,,,,,,,,,,,,,,,,,,,,,,CEIC,available,EMMT0381,PI/TEMP - PI/TEMP (M3012A) - EXTENSOR,MÓDULO MULTIPARAMÉTRICO
EMMT0393,DE83759410,,MÓDULO MULTIPARAMÉTRICO,PI/TEMP - PI/TEMP (M3012A) - EXTENSOR,PHILIPS,SEMI-CRÍTICO,MÉDIA,HOSPITAL DAS CLÍNICAS,INSTITUTO CENTRAL - ICHC,IC - CENTRAL DE EQUIPAMENTOS DO INSTITUTO CENTRAL - 6º EE," AVENIDA DOUTOR ENÉAS DE CARVALHO AGUIAR 255, CERQUEIRA CÉSAR, SÃO PAULO-SP",SP,CERQUEIRA CÉSAR,SÃO PAULO,05403-010,"2929 - CENTRAL EQUIPAMENTO MÉDICO - CIEQ 09 PAMB ",,"15.000,00",,"15.000,00",,06/01/2015,,,,,,,PRÓPRIO,ATIVO,,,,6400a913-dc47-4c1a-9be1-37e85724d0a8,,,,,,,,,,,,,,,,,,,,,,,CEIC,available,EMMT0393,PI/TEMP - PI/TEMP (M3012A) - EXTENSOR,MÓDULO MULTIPARAMÉTRICO
EMMT0399,DE83759290,,MÓDULO MULTIPARAMÉTRICO,PI/TEMP - PI/TEMP (M3012A) - EXTENSOR,PHILIPS,SEMI-CRÍTICO,MÉDIA,HOSPITAL DAS CLÍNICAS,INSTITUTO CENTRAL - ICHC,IC - CENTRAL DE EQUIPAMENTOS DO INSTITUTO CENTRAL - 6º EE," AVENIDA DOUTOR ENÉAS DE CARVALHO AGUIAR 255, CERQUEIRA CÉSAR, SÃO PAULO-SP",SP,CERQUEIRA CÉSAR,SÃO PAULO,05403-010,"2929 - CENTRAL EQUIPAMENTO MÉDICO - CIEQ 09 PAMB ",,"15.000,00",,"15.000,00",,06/01/2015,,,,,,,PRÓPRIO,ATIVO,,,,d4814a98-e109-4c40-b649-c6e1a2983918,,,,,,,,,,,,,,,,,,,,,,,CEIC,available,EMMT0399,PI/TEMP - PI/TEMP (M3012A) - EXTENSOR,MÓDULO MULTIPARAMÉTRICO
EMMT0400,DE83759294,,MÓDULO MULTIPARAMÉTRICO,PI/TEMP - PI/TEMP (M3012A) - EXTENSOR,PHILIPS,SEMI-CRÍTICO,MÉDIA,HOSPITAL DAS CLÍNICAS,INSTITUTO CENTRAL - ICHC,IC - CENTRAL DE EQUIPAMENTOS DO INSTITUTO CENTRAL - 6º EE," AVENIDA DOUTOR ENÉAS DE CARVALHO AGUIAR 255, CERQUEIRA CÉSAR, SÃO PAULO-SP",SP,CERQUEIRA CÉSAR,SÃO PAULO,05403-010,"2929 - CENTRAL EQUIPAMENTO MÉDICO - CIEQ 09 PAMB ",,"15.000,00",,"15.000,00",,06/01/2015,,,,,,,PRÓPRIO,ATIVO,,,,dc6870db-b083-4914-a0df-72b096aaf7e5,,,,,,,,,,,,,,,,,,,,,,,CEIC,available,EMMT0400,PI/TEMP - PI/TEMP (M3012A) - EXTENSOR,MÓDULO MULTIPARAMÉTRICO
EMMT0401,DE83759263,,MÓDULO MULTIPARAMÉTRICO,PI/TEMP - PI/TEMP (M3012A) - EXTENSOR,PHILIPS,SEMI-CRÍTICO,MÉDIA,HOSPITAL DAS CLÍNICAS,INSTITUTO CENTRAL - ICHC,IC - CENTRAL DE EQUIPAMENTOS DO INSTITUTO CENTRAL - 6º EE," AVENIDA DOUTOR ENÉAS DE CARVALHO AGUIAR 255, CERQUEIRA CÉSAR, SÃO PAULO-SP",SP,CERQUEIRA CÉSAR,SÃO PAULO,05403-010,"2929 - CENTRAL EQUIPAMENTO MÉDICO - CIEQ 09 PAMB ",,"15.000,00",,"15.000,00",,06/01/2015,,,,,,,PRÓPRIO,ATIVO,,,,3f2ba0bc-2734-4e2c-873b-c384dff03c85,,,,,,,,,,,,,,,,,,,,,,,CEIC,available,EMMT0401,PI/TEMP - PI/TEMP (M3012A) - EXTENSOR,MÓDULO MULTIPARAMÉTRICO
EMMT0402,DE83759299,,MÓDULO MULTIPARAMÉTRICO,PI/TEMP - PI/TEMP (M3012A) - EXTENSOR,PHILIPS,SEMI-CRÍTICO,MÉDIA,HOSPITAL DAS CLÍNICAS,INSTITUTO CENTRAL - ICHC,IC - CENTRAL DE EQUIPAMENTOS DO INSTITUTO CENTRAL - 6º EE," AVENIDA DOUTOR ENÉAS DE CARVALHO AGUIAR 255, CERQUEIRA CÉSAR, SÃO PAULO-SP",SP,CERQUEIRA CÉSAR,SÃO PAULO,05403-010,"2929 - CENTRAL EQUIPAMENTO MÉDICO - CIEQ 09 PAMB ",,"15.000,00",,"15.000,00",,06/01/2015,,,,,,,PRÓPRIO,ATIVO,,,,8dbce9d7-122e-4cdb-9b65-68db0cb747a9,,,,,,,,,,,,,,,,,,,,,,,CEIC,available,EMMT0402,PI/TEMP - PI/TEMP (M3012A) - EXTENSOR,MÓDULO MULTIPARAMÉTRICO
EMMT0403,DE83759291,,MÓDULO MULTIPARAMÉTRICO,PI/TEMP - PI/TEMP (M3012A) - EXTENSOR,PHILIPS,SEMI-CRÍTICO,MÉDIA,HOSPITAL DAS CLÍNICAS,INSTITUTO CENTRAL - ICHC,IC - CENTRAL DE EQUIPAMENTOS DO INSTITUTO CENTRAL - 6º EE," AVENIDA DOUTOR ENÉAS DE CARVALHO AGUIAR 255, CERQUEIRA CÉSAR, SÃO PAULO-SP",SP,CERQUEIRA CÉSAR,SÃO PAULO,05403-010,"2929 - CENTRAL EQUIPAMENTO MÉDICO - CIEQ 09 PAMB ",,"15.000,00",,"15.000,00",,06/01/2015,,,,,,,PRÓPRIO,ATIVO,,,,b2c607f7-fc05-434b-9b7b-2d30c24325aa,,,,,,,,,,,,,,,,,,,,,,,CEIC,available,EMMT0403,PI/TEMP - PI/TEMP (M3012A) - EXTENSOR,MÓDULO MULTIPARAMÉTRICO
EMMT0404,DE83759296,,MÓDULO MULTIPARAMÉTRICO,PI/TEMP - PI/TEMP (M3012A) - EXTENSOR,PHILIPS,SEMI-CRÍTICO,MÉDIA,HOSPITAL DAS CLÍNICAS,INSTITUTO CENTRAL - ICHC,IC - CENTRAL DE EQUIPAMENTOS DO INSTITUTO CENTRAL - 6º EE," AVENIDA DOUTOR ENÉAS DE CARVALHO AGUIAR 255, CERQUEIRA CÉSAR, SÃO PAULO-SP",SP,CERQUEIRA CÉSAR,SÃO PAULO,05403-010,"2929 - CENTRAL EQUIPAMENTO MÉDICO - CIEQ 09 PAMB ",,"15.000,00",,"15.000,00",,06/01/2015,,,,,,,PRÓPRIO,ATIVO,,,,edc6786f-34f3-4ac7-8a4a-c480950a0fcc,,,,,,,,,,,,,,,,,,,,,,,CEIC,available,EMMT0404,PI/TEMP - PI/TEMP (M3012A) - EXTENSOR,MÓDULO MULTIPARAMÉTRICO
EMMT0405,DE83759292,,MÓDULO MULTIPARAMÉTRICO,PI/TEMP - PI/TEMP (M3012A) - EXTENSOR,PHILIPS,SEMI-CRÍTICO,MÉDIA,HOSPITAL DAS CLÍNICAS,INSTITUTO CENTRAL - ICHC,IC - CENTRAL DE EQUIPAMENTOS DO INSTITUTO CENTRAL - 6º EE," AVENIDA DOUTOR ENÉAS DE CARVALHO AGUIAR 255, CERQUEIRA CÉSAR, SÃO PAULO-SP",SP,CERQUEIRA CÉSAR,SÃO PAULO,05403-010,"2929 - CENTRAL EQUIPAMENTO MÉDICO - CIEQ 09 PAMB ",,"15.000,00",,"15.000,00",,06/01/2015,,,,,,,PRÓPRIO,ATIVO,,,,83c35961-cb56-4fec-95b6-afba721205bc,,,,,,,,,,,,,,,,,,,,,,,CEIC,available,EMMT0405,PI/TEMP - PI/TEMP (M3012A) - EXTENSOR,MÓDULO MULTIPARAMÉTRICO
EMMT0408,DE83759297,,MÓDULO MULTIPARAMÉTRICO,PI/TEMP - PI/TEMP (M3012A) - EXTENSOR,PHILIPS,SEMI-CRÍTICO,MÉDIA,HOSPITAL DAS CLÍNICAS,INSTITUTO CENTRAL - ICHC,IC - CENTRAL DE EQUIPAMENTOS DO INSTITUTO CENTRAL - 6º EE," AVENIDA DOUTOR ENÉAS DE CARVALHO AGUIAR 255, CERQUEIRA CÉSAR, SÃO PAULO-SP",SP,CERQUEIRA CÉSAR,SÃO PAULO,05403-010,"2929 - CENTRAL EQUIPAMENTO MÉDICO - CIEQ 09 PAMB ",,"15.000,00",,"15.000,00",,06/01/2015,,,,,,,PRÓPRIO,ATIVO,,,,1a0765c0-56c9-4e42-b1b8-3311210de7ff,,,,,,,,,,,,,,,,,,,,,,,CEIC,available,EMMT0408,PI/TEMP - PI/TEMP (M3012A) - EXTENSOR,MÓDULO MULTIPARAMÉTRICO
EMMT0409,DE83759298,,MÓDULO MULTIPARAMÉTRICO,PI/TEMP - PI/TEMP (M3012A) - EXTENSOR,PHILIPS,SEMI-CRÍTICO,MÉDIA,HOSPITAL DAS CLÍNICAS,INSTITUTO CENTRAL - ICHC,IC - CENTRAL DE EQUIPAMENTOS DO INSTITUTO CENTRAL - 6º EE," AVENIDA DOUTOR ENÉAS DE CARVALHO AGUIAR 255, CERQUEIRA CÉSAR, SÃO PAULO-SP",SP,CERQUEIRA CÉSAR,SÃO PAULO,05403-010,"2929 - CENTRAL EQUIPAMENTO MÉDICO - CIEQ 09 PAMB ",,"15.000,00",,"15.000,00",,06/01/2015,,,,,,,PRÓPRIO,ATIVO,,,,5f5b8cda-60fd-4b52-9040-34de57eb62ce,,,,,,,,,,,,,,,,,,,,,,,CEIC,available,EMMT0409,PI/TEMP - PI/TEMP (M3012A) - EXTENSOR,MÓDULO MULTIPARAMÉTRICO
EMMT0410,DE83759301,,MÓDULO MULTIPARAMÉTRICO,PI/TEMP - PI/TEMP (M3012A) - EXTENSOR,PHILIPS,SEMI-CRÍTICO,MÉDIA,HOSPITAL DAS CLÍNICAS,INSTITUTO CENTRAL - ICHC,IC - CENTRAL DE EQUIPAMENTOS DO INSTITUTO CENTRAL - 6º EE," AVENIDA DOUTOR ENÉAS DE CARVALHO AGUIAR 255, CERQUEIRA CÉSAR, SÃO PAULO-SP",SP,CERQUEIRA CÉSAR,SÃO PAULO,05403-010,"2929 - CENTRAL EQUIPAMENTO MÉDICO - CIEQ 09 PAMB ",,"15.000,00",,"15.000,00",,06/01/2015,,,,,,,PRÓPRIO,ATIVO,,,,5092fbfc-bfa4-4d0d-a37d-02b747f4ec7e,,,,,,,,,,,,,,,,,,,,,,,CEIC,available,EMMT0410,PI/TEMP - PI/TEMP (M3012A) - EXTENSOR,MÓDULO MULTIPARAMÉTRICO
EMMT0411,DE83759303,,MÓDULO MULTIPARAMÉTRICO,PI/TEMP - PI/TEMP (M3012A) - EXTENSOR,PHILIPS,SEMI-CRÍTICO,MÉDIA,HOSPITAL DAS CLÍNICAS,INSTITUTO CENTRAL - ICHC,IC - CENTRAL DE EQUIPAMENTOS DO INSTITUTO CENTRAL - 6º EE," AVENIDA DOUTOR ENÉAS DE CARVALHO AGUIAR 255, CERQUEIRA CÉSAR, SÃO PAULO-SP",SP,CERQUEIRA CÉSAR,SÃO PAULO,05403-010,"2929 - CENTRAL EQUIPAMENTO MÉDICO - CIEQ 09 PAMB ",,"15.000,00",,"15.000,00",,06/01/2015,,,,,,,PRÓPRIO,ATIVO,,,,a9b1fc1c-3b38-42a4-948e-963bcd94a8a2,,,,,,,,,,,,,,,,,,,,,,,CEIC,available,EMMT0411,PI/TEMP - PI/TEMP (M3012A) - EXTENSOR,MÓDULO MULTIPARAMÉTRICO
EMMT0414,DE83759340,,MÓDULO MULTIPARAMÉTRICO,PI/TEMP - PI/TEMP (M3012A) - EXTENSOR,PHILIPS,SEMI-CRÍTICO,MÉDIA,HOSPITAL DAS CLÍNICAS,INSTITUTO CENTRAL - ICHC,IC - CENTRAL DE EQUIPAMENTOS DO INSTITUTO CENTRAL - 6º EE," AVENIDA DOUTOR ENÉAS DE CARVALHO AGUIAR 255, CERQUEIRA CÉSAR, SÃO PAULO-SP",SP,CERQUEIRA CÉSAR,SÃO PAULO,05403-010,"2929 - CENTRAL EQUIPAMENTO MÉDICO - CIEQ 09 PAMB ",,"15.000,00",,"15.000,00",,06/01/2015,,,,,,,PRÓPRIO,ATIVO,,,,35bec95c-36f2-44a9-a5e1-47047f08e6e7,,,,,,,,,,,,,,,,,,,,,,,CEIC,available,EMMT0414,PI/TEMP - PI/TEMP (M3012A) - EXTENSOR,MÓDULO MULTIPARAMÉTRICO
EMMT0415,DE83759332,,MÓDULO MULTIPARAMÉTRICO,PI/TEMP - PI/TEMP (M3012A) - EXTENSOR,PHILIPS,SEMI-CRÍTICO,MÉDIA,HOSPITAL DAS CLÍNICAS,INSTITUTO CENTRAL - ICHC,IC - CENTRAL DE EQUIPAMENTOS DO INSTITUTO CENTRAL - 6º EE," AVENIDA DOUTOR ENÉAS DE CARVALHO AGUIAR 255, CERQUEIRA CÉSAR, SÃO PAULO-SP",SP,CERQUEIRA CÉSAR,SÃO PAULO,05403-010,"2929 - CENTRAL EQUIPAMENTO MÉDICO - CIEQ 09 PAMB ",,"15.000,00",,"15.000,00",,06/01/2015,,,,,,,PRÓPRIO,ATIVO,,,,ec736e40-e777-4712-8d6e-7e1101e5ca85,,,,,,,,,,,,,,,,,,,,,,,CEIC,available,EMMT0415,PI/TEMP - PI/TEMP (M3012A) - EXTENSOR,MÓDULO MULTIPARAMÉTRICO
EMMT0416,DE83759339,,MÓDULO MULTIPARAMÉTRICO,PI/TEMP - PI/TEMP (M3012A) - EXTENSOR,PHILIPS,SEMI-CRÍTICO,MÉDIA,HOSPITAL DAS CLÍNICAS,INSTITUTO CENTRAL - ICHC,IC - CENTRAL DE EQUIPAMENTOS DO INSTITUTO CENTRAL - 6º EE," AVENIDA DOUTOR ENÉAS DE CARVALHO AGUIAR 255, CERQUEIRA CÉSAR, SÃO PAULO-SP",SP,CERQUEIRA CÉSAR,SÃO PAULO,05403-010,"2929 - CENTRAL EQUIPAMENTO MÉDICO - CIEQ 09 PAMB ",,"15.000,00",,"15.000,00",,06/01/2015,,,,,,,PRÓPRIO,ATIVO,,,,2414b9d8-e464-43ae-9143-e0ac1e8b0155,,,,,,,,,,,,,,,,,,,,,,,CEIC,available,EMMT0416,PI/TEMP - PI/TEMP (M3012A) - EXTENSOR,MÓDULO MULTIPARAMÉTRICO
EMMT0417,DE83759329,,MÓDULO MULTIPARAMÉTRICO,PI/TEMP - PI/TEMP (M3012A) - EXTENSOR,PHILIPS,SEMI-CRÍTICO,MÉDIA,HOSPITAL DAS CLÍNICAS,INSTITUTO CENTRAL - ICHC,IC - CENTRAL DE EQUIPAMENTOS DO INSTITUTO CENTRAL - 6º EE," AVENIDA DOUTOR ENÉAS DE CARVALHO AGUIAR 255, CERQUEIRA CÉSAR, SÃO PAULO-SP",SP,CERQUEIRA CÉSAR,SÃO PAULO,05403-010,"2929 - CENTRAL EQUIPAMENTO MÉDICO - CIEQ 09 PAMB ",,"15.000,00",,"15.000,00",,06/01/2015,,,,,,,PRÓPRIO,ATIVO,,,,6472b165-a710-4a27-a357-26960224a113,,,,,,,,,,,,,,,,,,,,,,,CEIC,available,EMMT0417,PI/TEMP - PI/TEMP (M3012A) - EXTENSOR,MÓDULO MULTIPARAMÉTRICO
EMMT0418,DE83759256,,MÓDULO MULTIPARAMÉTRICO,PI/TEMP - PI/TEMP (M3012A) - EXTENSOR,PHILIPS,SEMI-CRÍTICO,MÉDIA,HOSPITAL DAS CLÍNICAS,INSTITUTO CENTRAL - ICHC,IC - CENTRAL DE EQUIPAMENTOS DO INSTITUTO CENTRAL - 6º EE," AVENIDA DOUTOR ENÉAS DE CARVALHO AGUIAR 255, CERQUEIRA CÉSAR, SÃO PAULO-SP",SP,CERQUEIRA CÉSAR,SÃO PAULO,05403-010,"2929 - CENTRAL EQUIPAMENTO MÉDICO - CIEQ 09 PAMB ",,"15.000,00",,"15.000,00",,06/01/2015,,,,,,,PRÓPRIO,ATIVO,,,,bed34ddf-4528-4bc1-9788-ff96f88e77b8,,,,,,,,,,,,,,,,,,,,,,,CEIC,available,EMMT0418,PI/TEMP - PI/TEMP (M3012A) - EXTENSOR,MÓDULO MULTIPARAMÉTRICO
EMMT0419,DE83759320,,MÓDULO MULTIPARAMÉTRICO,PI/TEMP - PI/TEMP (M3012A) - EXTENSOR,PHILIPS,SEMI-CRÍTICO,MÉDIA,HOSPITAL DAS CLÍNICAS,INSTITUTO CENTRAL - ICHC,IC - CENTRAL DE EQUIPAMENTOS DO INSTITUTO CENTRAL - 6º EE," AVENIDA DOUTOR ENÉAS DE CARVALHO AGUIAR 255, CERQUEIRA CÉSAR, SÃO PAULO-SP",SP,CERQUEIRA CÉSAR,SÃO PAULO,05403-010,"2929 - CENTRAL EQUIPAMENTO MÉDICO - CIEQ 09 PAMB ",,"15.000,00",,"15.000,00",,06/01/2015,,,,,,,PRÓPRIO,ATIVO,,,,46efb459-7797-448c-abc6-2cab0489288d,,,,,,,,,,,,,,,,,,,,,,,CEIC,available,EMMT0419,PI/TEMP - PI/TEMP (M3012A) - EXTENSOR,MÓDULO MULTIPARAMÉTRICO
EMMT0420,DE83759327,,MÓDULO MULTIPARAMÉTRICO,PI/TEMP - PI/TEMP (M3012A) - EXTENSOR,PHILIPS,SEMI-CRÍTICO,MÉDIA,HOSPITAL DAS CLÍNICAS,INSTITUTO CENTRAL - ICHC,IC - CENTRAL DE EQUIPAMENTOS DO INSTITUTO CENTRAL - 6º EE," AVENIDA DOUTOR ENÉAS DE CARVALHO AGUIAR 255, CERQUEIRA CÉSAR, SÃO PAULO-SP",SP,CERQUEIRA CÉSAR,SÃO PAULO,05403-010,"2929 - CENTRAL EQUIPAMENTO MÉDICO - CIEQ 09 PAMB ",,"15.000,00",,"15.000,00",,06/01/2015,,,,,,,PRÓPRIO,ATIVO,,,,d0eed4dd-4dee-4bec-a7e6-745d82915bf4,,,,,,,,,,,,,,,,,,,,,,,CEIC,available,EMMT0420,PI/TEMP - PI/TEMP (M3012A) - EXTENSOR,MÓDULO MULTIPARAMÉTRICO
EMMT0422,DE83759321,,MÓDULO MULTIPARAMÉTRICO,PI/TEMP - PI/TEMP (M3012A) - EXTENSOR,PHILIPS,SEMI-CRÍTICO,MÉDIA,HOSPITAL DAS CLÍNICAS,INSTITUTO CENTRAL - ICHC,IC - CENTRAL DE EQUIPAMENTOS DO INSTITUTO CENTRAL - 6º EE," AVENIDA DOUTOR ENÉAS DE CARVALHO AGUIAR 255, CERQUEIRA CÉSAR, SÃO PAULO-SP",SP,CERQUEIRA CÉSAR,SÃO PAULO,05403-010,"2929 - CENTRAL EQUIPAMENTO MÉDICO - CIEQ 09 PAMB ",,"15.000,00",,"15.000,00",,06/01/2015,,,,,,,PRÓPRIO,ATIVO,,,,0e9ced99-2f95-4c91-a383-8a1f9e6feb4e,,,,,,,,,,,,,,,,,,,,,,,CEIC,available,EMMT0422,PI/TEMP - PI/TEMP (M3012A) - EXTENSOR,MÓDULO MULTIPARAMÉTRICO
EMMT0423,DE83759322,,MÓDULO MULTIPARAMÉTRICO,PI/TEMP - PI/TEMP (M3012A) - EXTENSOR,PHILIPS,SEMI-CRÍTICO,MÉDIA,HOSPITAL DAS CLÍNICAS,INSTITUTO CENTRAL - ICHC,IC - CENTRAL DE EQUIPAMENTOS DO INSTITUTO CENTRAL - 6º EE," AVENIDA DOUTOR ENÉAS DE CARVALHO AGUIAR 255, CERQUEIRA CÉSAR, SÃO PAULO-SP",SP,CERQUEIRA CÉSAR,SÃO PAULO,05403-010,"2929 - CENTRAL EQUIPAMENTO MÉDICO - CIEQ 09 PAMB ",,"15.000,00",,"15.000,00",,06/01/2015,,,,,,,PRÓPRIO,ATIVO,,,,b19e2ac2-373a-49d3-830f-4de15d715276,,,,,,,,,,,,,,,,,,,,,,,CEIC,available,EMMT0423,PI/TEMP - PI/TEMP (M3012A) - EXTENSOR,MÓDULO MULTIPARAMÉTRICO
EMMT0424,DE83759328,,MÓDULO MULTIPARAMÉTRICO,PI/TEMP - PI/TEMP (M3012A) - EXTENSOR,PHILIPS,SEMI-CRÍTICO,MÉDIA,HOSPITAL DAS CLÍNICAS,INSTITUTO CENTRAL - ICHC,IC - CENTRAL DE EQUIPAMENTOS DO INSTITUTO CENTRAL - 6º EE," AVENIDA DOUTOR ENÉAS DE CARVALHO AGUIAR 255, CERQUEIRA CÉSAR, SÃO PAULO-SP",SP,CERQUEIRA CÉSAR,SÃO PAULO,05403-010,"2929 - CENTRAL EQUIPAMENTO MÉDICO - CIEQ 09 PAMB ",,"15.000,00",,"15.000,00",,06/01/2015,,,,,,,PRÓPRIO,ATIVO,,,,92bef2bf-8433-499e-b99b-b7b60917e6a2,,,,,,,,,,,,,,,,,,,,,,,CEIC,available,EMMT0424,PI/TEMP - PI/TEMP (M3012A) - EXTENSOR,MÓDULO MULTIPARAMÉTRICO
EMMT0425,DE83759217,,MÓDULO MULTIPARAMÉTRICO,PI/TEMP - PI/TEMP (M3012A) - EXTENSOR,PHILIPS,SEMI-CRÍTICO,MÉDIA,HOSPITAL DAS CLÍNICAS,INSTITUTO CENTRAL - ICHC,IC - CENTRAL DE EQUIPAMENTOS DO INSTITUTO CENTRAL - 6º EE," AVENIDA DOUTOR ENÉAS DE CARVALHO AGUIAR 255, CERQUEIRA CÉSAR, SÃO PAULO-SP",SP,CERQUEIRA CÉSAR,SÃO PAULO,05403-010,"2929 - CENTRAL EQUIPAMENTO MÉDICO - CIEQ 09 PAMB ",,"15.000,00",,"15.000,00",,06/01/2015,,,,,,,PRÓPRIO,ATIVO,,,,d49893dd-a1e0-4637-930d-3c4b467407a2,,,,,,,,,,,,,,,,,,,,,,,CEIC,available,EMMT0425,PI/TEMP - PI/TEMP (M3012A) - EXTENSOR,MÓDULO MULTIPARAMÉTRICO
EMMT0426,DE83759325,,MÓDULO MULTIPARAMÉTRICO,PI/TEMP - PI/TEMP (M3012A) - EXTENSOR,PHILIPS,SEMI-CRÍTICO,MÉDIA,HOSPITAL DAS CLÍNICAS,INSTITUTO CENTRAL - ICHC,IC - CENTRAL DE EQUIPAMENTOS DO INSTITUTO CENTRAL - 6º EE," AVENIDA DOUTOR ENÉAS DE CARVALHO AGUIAR 255, CERQUEIRA CÉSAR, SÃO PAULO-SP",SP,CERQUEIRA CÉSAR,SÃO PAULO,05403-010,"2929 - CENTRAL EQUIPAMENTO MÉDICO - CIEQ 09 PAMB ",,"15.000,00",,"15.000,00",,06/01/2015,,,,,,,PRÓPRIO,ATIVO,,,,5fcb6d71-f71f-48f2-a849-43c829557ac0,,,,,,,,,,,,,,,,,,,,,,,CEIC,available,EMMT0426,PI/TEMP - PI/TEMP (M3012A) - EXTENSOR,MÓDULO MULTIPARAMÉTRICO
EMMT0427,DE83759323,,MÓDULO MULTIPARAMÉTRICO,PI/TEMP - PI/TEMP (M3012A) - EXTENSOR,PHILIPS,SEMI-CRÍTICO,MÉDIA,HOSPITAL DAS CLÍNICAS,INSTITUTO CENTRAL - ICHC,IC - CENTRAL DE EQUIPAMENTOS DO INSTITUTO CENTRAL - 6º EE," AVENIDA DOUTOR ENÉAS DE CARVALHO AGUIAR 255, CERQUEIRA CÉSAR, SÃO PAULO-SP",SP,CERQUEIRA CÉSAR,SÃO PAULO,05403-010,"2929 - CENTRAL EQUIPAMENTO MÉDICO - CIEQ 09 PAMB ",,"15.000,00",,"15.000,00",,06/01/2015,,,,,,,PRÓPRIO,ATIVO,,,,3e2cf2cc-7e0a-4640-a722-0fd14b1cfbde,,,,,,,,,,,,,,,,,,,,,,,CEIC,available,EMMT0427,PI/TEMP - PI/TEMP (M3012A) - EXTENSOR,MÓDULO MULTIPARAMÉTRICO
EMMT0428,DE83759319,,MÓDULO MULTIPARAMÉTRICO,PI/TEMP - PI/TEMP (M3012A) - EXTENSOR,PHILIPS,SEMI-CRÍTICO,MÉDIA,HOSPITAL DAS CLÍNICAS,INSTITUTO CENTRAL - ICHC,IC - CENTRAL DE EQUIPAMENTOS DO INSTITUTO CENTRAL - 6º EE," AVENIDA DOUTOR ENÉAS DE CARVALHO AGUIAR 255, CERQUEIRA CÉSAR, SÃO PAULO-SP",SP,CERQUEIRA CÉSAR,SÃO PAULO,05403-010,"2929 - CENTRAL EQUIPAMENTO MÉDICO - CIEQ 09 PAMB ",,"15.000,00",,"15.000,00",,06/01/2015,,,,,,,PRÓPRIO,ATIVO,,,,c0e1059e-04e6-45aa-8ca0-b6d65e37c0cb,,,,,,,,,,,,,,,,,,,,,,,CEIC,available,EMMT0428,PI/TEMP - PI/TEMP (M3012A) - EXTENSOR,MÓDULO MULTIPARAMÉTRICO
EMMT0429,DE83759295,,MÓDULO MULTIPARAMÉTRICO,PI/TEMP - PI/TEMP (M3012A) - EXTENSOR,PHILIPS,SEMI-CRÍTICO,MÉDIA,HOSPITAL DAS CLÍNICAS,INSTITUTO CENTRAL - ICHC,IC - CENTRAL DE EQUIPAMENTOS DO INSTITUTO CENTRAL - 6º EE," AVENIDA DOUTOR ENÉAS DE CARVALHO AGUIAR 255, CERQUEIRA CÉSAR, SÃO PAULO-SP",SP,CERQUEIRA CÉSAR,SÃO PAULO,05403-010,"2929 - CENTRAL EQUIPAMENTO MÉDICO - CIEQ 09 PAMB ",,"15.000,00",,"15.000,00",,06/01/2015,,,,,,,PRÓPRIO,ATIVO,,,,4d94d2ba-ec96-42f6-a629-db2d442237e2,,,,,,,,,,,,,,,,,,,,,,,CEIC,available,EMMT0429,PI/TEMP - PI/TEMP (M3012A) - EXTENSOR,MÓDULO MULTIPARAMÉTRICO
EMMT0430,DE83759324,,MÓDULO MULTIPARAMÉTRICO,PI/TEMP - PI/TEMP (M3012A) - EXTENSOR,PHILIPS,SEMI-CRÍTICO,MÉDIA,HOSPITAL DAS CLÍNICAS,INSTITUTO CENTRAL - ICHC,IC - CENTRAL DE EQUIPAMENTOS DO INSTITUTO CENTRAL - 6º EE," AVENIDA DOUTOR ENÉAS DE CARVALHO AGUIAR 255, CERQUEIRA CÉSAR, SÃO PAULO-SP",SP,CERQUEIRA CÉSAR,SÃO PAULO,05403-010,"2929 - CENTRAL EQUIPAMENTO MÉDICO - CIEQ 09 PAMB ",,"15.000,00",,"15.000,00",,06/01/2015,,,,,,,PRÓPRIO,ATIVO,,,,011ad8e6-37a0-4ab1-80af-7039c3f9e4df,,,,,,,,,,,,,,,,,,,,,,,CEIC,available,EMMT0430,PI/TEMP - PI/TEMP (M3012A) - EXTENSOR,MÓDULO MULTIPARAMÉTRICO
EMMT0431,DE83759351,,MÓDULO MULTIPARAMÉTRICO,PI/TEMP - PI/TEMP (M3012A) - EXTENSOR,PHILIPS,SEMI-CRÍTICO,MÉDIA,HOSPITAL DAS CLÍNICAS,INSTITUTO CENTRAL - ICHC,IC - CENTRAL DE EQUIPAMENTOS DO INSTITUTO CENTRAL - 6º EE," AVENIDA DOUTOR ENÉAS DE CARVALHO AGUIAR 255, CERQUEIRA CÉSAR, SÃO PAULO-SP",SP,CERQUEIRA CÉSAR,SÃO PAULO,05403-010,"2929 - CENTRAL EQUIPAMENTO MÉDICO - CIEQ 09 PAMB ",,"15.000,00",,"15.000,00",,06/01/2015,,,,,,,PRÓPRIO,ATIVO,,,,1abc8fd2-fc05-4d74-aaff-e99151d31994,,,,,,,,,,,,,,,,,,,,,,,CEIC,available,EMMT0431,PI/TEMP - PI/TEMP (M3012A) - EXTENSOR,MÓDULO MULTIPARAMÉTRICO
EMMT0433,DE83759345,,MÓDULO MULTIPARAMÉTRICO,PI/TEMP - PI/TEMP (M3012A) - EXTENSOR,PHILIPS,SEMI-CRÍTICO,MÉDIA,HOSPITAL DAS CLÍNICAS,INSTITUTO CENTRAL - ICHC,IC - CENTRAL DE EQUIPAMENTOS DO INSTITUTO CENTRAL - 6º EE," AVENIDA DOUTOR ENÉAS DE CARVALHO AGUIAR 255, CERQUEIRA CÉSAR, SÃO PAULO-SP",SP,CERQUEIRA CÉSAR,SÃO PAULO,05403-010,"2929 - CENTRAL EQUIPAMENTO MÉDICO - CIEQ 09 PAMB ",,"15.000,00",,"15.000,00",,06/01/2015,,,,,,,PRÓPRIO,ATIVO,,,,5c8f21d5-7a9b-45fa-b68a-62936fc114d4,,,,,,,,,,,,,,,,,,,,,,,CEIC,available,EMMT0433,PI/TEMP - PI/TEMP (M3012A) - EXTENSOR,MÓDULO MULTIPARAMÉTRICO
EMMT0434,DE83759334,,MÓDULO MULTIPARAMÉTRICO,PI/TEMP - PI/TEMP (M3012A) - EXTENSOR,PHILIPS,SEMI-CRÍTICO,MÉDIA,HOSPITAL DAS CLÍNICAS,INSTITUTO CENTRAL - ICHC,IC - CENTRAL DE EQUIPAMENTOS DO INSTITUTO CENTRAL - 6º EE," AVENIDA DOUTOR ENÉAS DE CARVALHO AGUIAR 255, CERQUEIRA CÉSAR, SÃO PAULO-SP",SP,CERQUEIRA CÉSAR,SÃO PAULO,05403-010,"2929 - CENTRAL EQUIPAMENTO MÉDICO - CIEQ 09 PAMB ",,"15.000,00",,"15.000,00",,06/01/2015,,,,,,,PRÓPRIO,ATIVO,,,,cc563887-fff8-47bc-a892-fed1ac0f9ee7,,,,,,,,,,,,,,,,,,,,,,,CEIC,available,EMMT0434,PI/TEMP - PI/TEMP (M3012A) - EXTENSOR,MÓDULO MULTIPARAMÉTRICO
EMMT0436,DE83759349,,MÓDULO MULTIPARAMÉTRICO,PI/TEMP - PI/TEMP (M3012A) - EXTENSOR,PHILIPS,SEMI-CRÍTICO,MÉDIA,HOSPITAL DAS CLÍNICAS,INSTITUTO CENTRAL - ICHC,IC - CENTRAL DE EQUIPAMENTOS DO INSTITUTO CENTRAL - 6º EE," AVENIDA DOUTOR ENÉAS DE CARVALHO AGUIAR 255, CERQUEIRA CÉSAR, SÃO PAULO-SP",SP,CERQUEIRA CÉSAR,SÃO PAULO,05403-010,"2929 - CENTRAL EQUIPAMENTO MÉDICO - CIEQ 09 PAMB ",,"15.000,00",,"15.000,00",,06/01/2015,,,,,,,PRÓPRIO,ATIVO,,,,0ff37e82-6549-499d-bb5d-dd79f358f268,,,,,,,,,,,,,,,,,,,,,,,CEIC,available,EMMT0436,PI/TEMP - PI/TEMP (M3012A) - EXTENSOR,MÓDULO MULTIPARAMÉTRICO
EMMT0437,DE83759347,,MÓDULO MULTIPARAMÉTRICO,PI/TEMP - PI/TEMP (M3012A) - EXTENSOR,PHILIPS,SEMI-CRÍTICO,MÉDIA,HOSPITAL DAS CLÍNICAS,INSTITUTO CENTRAL - ICHC,IC - CENTRAL DE EQUIPAMENTOS DO INSTITUTO CENTRAL - 6º EE," AVENIDA DOUTOR ENÉAS DE CARVALHO AGUIAR 255, CERQUEIRA CÉSAR, SÃO PAULO-SP",SP,CERQUEIRA CÉSAR,SÃO PAULO,05403-010,"2929 - CENTRAL EQUIPAMENTO MÉDICO - CIEQ 09 PAMB ",,"15.000,00",,"15.000,00",,06/01/2015,,,,,,,PRÓPRIO,ATIVO,,,,fa034539-ba60-44b5-a468-3948c357d4f6,,,,,,,,,,,,,,,,,,,,,,,CEIC,available,EMMT0437,PI/TEMP - PI/TEMP (M3012A) - EXTENSOR,MÓDULO MULTIPARAMÉTRICO
EMMT0438,DE83759282,,MÓDULO MULTIPARAMÉTRICO,PI/TEMP - PI/TEMP (M3012A) - EXTENSOR,PHILIPS,SEMI-CRÍTICO,MÉDIA,HOSPITAL DAS CLÍNICAS,INSTITUTO CENTRAL - ICHC,IC - CENTRAL DE EQUIPAMENTOS DO INSTITUTO CENTRAL - 6º EE," AVENIDA DOUTOR ENÉAS DE CARVALHO AGUIAR 255, CERQUEIRA CÉSAR, SÃO PAULO-SP",SP,CERQUEIRA CÉSAR,SÃO PAULO,05403-010,"2929 - CENTRAL EQUIPAMENTO MÉDICO - CIEQ 09 PAMB ",,"15.000,00",,"15.000,00",,06/01/2015,,,,,,,PRÓPRIO,ATIVO,,,,5ce170c8-9c4e-4f22-9493-fb65c9ebeb28,,,,,,,,,,,,,,,,,,,,,,,CEIC,available,EMMT0438,PI/TEMP - PI/TEMP (M3012A) - EXTENSOR,MÓDULO MULTIPARAMÉTRICO
EMMT0439,DE83759353,,MÓDULO MULTIPARAMÉTRICO,PI/TEMP - PI/TEMP (M3012A) - EXTENSOR,PHILIPS,SEMI-CRÍTICO,MÉDIA,HOSPITAL DAS CLÍNICAS,INSTITUTO CENTRAL - ICHC,IC - CENTRAL DE EQUIPAMENTOS DO INSTITUTO CENTRAL - 6º EE," AVENIDA DOUTOR ENÉAS DE CARVALHO AGUIAR 255, CERQUEIRA CÉSAR, SÃO PAULO-SP",SP,CERQUEIRA CÉSAR,SÃO PAULO,05403-010,"2929 - CENTRAL EQUIPAMENTO MÉDICO - CIEQ 09 PAMB ",,"15.000,00",,"15.000,00",,06/01/2015,,,,,,,PRÓPRIO,ATIVO,,,,7e3840db-6ff6-4e34-93cb-cbf61a65f16d,,,,,,,,,,,,,,,,,,,,,,,CEIC,available,EMMT0439,PI/TEMP - PI/TEMP (M3012A) - EXTENSOR,MÓDULO MULTIPARAMÉTRICO
EMMT0443,DE83759355,,MÓDULO MULTIPARAMÉTRICO,PI/TEMP - PI/TEMP (M3012A) - EXTENSOR,PHILIPS,SEMI-CRÍTICO,MÉDIA,HOSPITAL DAS CLÍNICAS,INSTITUTO CENTRAL - ICHC,IC - CENTRAL DE EQUIPAMENTOS DO INSTITUTO CENTRAL - 6º EE," AVENIDA DOUTOR ENÉAS DE CARVALHO AGUIAR 255, CERQUEIRA CÉSAR, SÃO PAULO-SP",SP,CERQUEIRA CÉSAR,SÃO PAULO,05403-010,"2929 - CENTRAL EQUIPAMENTO MÉDICO - CIEQ 09 PAMB ",,"15.000,00",,"15.000,00",,06/01/2015,,,,,,,PRÓPRIO,ATIVO,,,,db19ec0b-79e9-4dc1-9e51-5d3d04850fac,,,,,,,,,,,,,,,,,,,,,,,CEIC,available,EMMT0443,PI/TEMP - PI/TEMP (M3012A) - EXTENSOR,MÓDULO MULTIPARAMÉTRICO
EMMT0444,DE83759361,,MÓDULO MULTIPARAMÉTRICO,PI/TEMP - PI/TEMP (M3012A) - EXTENSOR,PHILIPS,SEMI-CRÍTICO,MÉDIA,HOSPITAL DAS CLÍNICAS,INSTITUTO CENTRAL - ICHC,IC - CENTRAL DE EQUIPAMENTOS DO INSTITUTO CENTRAL - 6º EE," AVENIDA DOUTOR ENÉAS DE CARVALHO AGUIAR 255, CERQUEIRA CÉSAR, SÃO PAULO-SP",SP,CERQUEIRA CÉSAR,SÃO PAULO,05403-010,"2929 - CENTRAL EQUIPAMENTO MÉDICO - CIEQ 09 PAMB ",,"15.000,00",,"15.000,00",,06/01/2015,,,,,,,PRÓPRIO,ATIVO,,,,2f19f523-7b41-4d23-bb6c-3f55aabff6a2,,,,,,,,,,,,,,,,,,,,,,,CEIC,available,EMMT0444,PI/TEMP - PI/TEMP (M3012A) - EXTENSOR,MÓDULO MULTIPARAMÉTRICO
EMMT0445,DE83759358,,MÓDULO MULTIPARAMÉTRICO,PI/TEMP - PI/TEMP (M3012A) - EXTENSOR,PHILIPS,SEMI-CRÍTICO,MÉDIA,HOSPITAL DAS CLÍNICAS,INSTITUTO CENTRAL - ICHC,IC - CENTRAL DE EQUIPAMENTOS DO INSTITUTO CENTRAL - 6º EE," AVENIDA DOUTOR ENÉAS DE CARVALHO AGUIAR 255, CERQUEIRA CÉSAR, SÃO PAULO-SP",SP,CERQUEIRA CÉSAR,SÃO PAULO,05403-010,"2929 - CENTRAL EQUIPAMENTO MÉDICO - CIEQ 09 PAMB ",,"15.000,00",,"15.000,00",,06/01/2015,,,,,,,PRÓPRIO,ATIVO,,,,f6cb9a81-dd98-4ed0-9c7d-69980077fad4,,,,,,,,,,,,,,,,,,,,,,,CEIC,available,EMMT0445,PI/TEMP - PI/TEMP (M3012A) - EXTENSOR,MÓDULO MULTIPARAMÉTRICO
EMMT0446,DE83759365,,MÓDULO MULTIPARAMÉTRICO,PI/TEMP - PI/TEMP (M3012A) - EXTENSOR,PHILIPS,SEMI-CRÍTICO,MÉDIA,HOSPITAL DAS CLÍNICAS,INSTITUTO CENTRAL - ICHC,IC - CENTRAL DE EQUIPAMENTOS DO INSTITUTO CENTRAL - 6º EE," AVENIDA DOUTOR ENÉAS DE CARVALHO AGUIAR 255, CERQUEIRA CÉSAR, SÃO PAULO-SP",SP,CERQUEIRA CÉSAR,SÃO PAULO,05403-010,"2929 - CENTRAL EQUIPAMENTO MÉDICO - CIEQ 09 PAMB ",,"15.000,00",,"15.000,00",,06/01/2015,,,,,,,PRÓPRIO,ATIVO,,,,956fa7ca-5af7-46e1-9876-2e153aebce56,,,,,,,,,,,,,,,,,,,,,,,CEIC,available,EMMT0446,PI/TEMP - PI/TEMP (M3012A) - EXTENSOR,MÓDULO MULTIPARAMÉTRICO
EMMT0447,DE83759360,,MÓDULO MULTIPARAMÉTRICO,PI/TEMP - PI/TEMP (M3012A) - EXTENSOR,PHILIPS,SEMI-CRÍTICO,MÉDIA,HOSPITAL DAS CLÍNICAS,INSTITUTO CENTRAL - ICHC,IC - CENTRAL DE EQUIPAMENTOS DO INSTITUTO CENTRAL - 6º EE," AVENIDA DOUTOR ENÉAS DE CARVALHO AGUIAR 255, CERQUEIRA CÉSAR, SÃO PAULO-SP",SP,CERQUEIRA CÉSAR,SÃO PAULO,05403-010,"2929 - CENTRAL EQUIPAMENTO MÉDICO - CIEQ 09 PAMB ",,"15.000,00",,"15.000,00",,06/01/2015,,,,,,,PRÓPRIO,ATIVO,,,,eff518c7-77c0-4155-8030-4aa18a5dd16b,,,,,,,,,,,,,,,,,,,,,,,CEIC,available,EMMT0447,PI/TEMP - PI/TEMP (M3012A) - EXTENSOR,MÓDULO MULTIPARAMÉTRICO
EMMT0448,DE83759363,,MÓDULO MULTIPARAMÉTRICO,PI/TEMP - PI/TEMP (M3012A) - EXTENSOR,PHILIPS,SEMI-CRÍTICO,MÉDIA,HOSPITAL DAS CLÍNICAS,INSTITUTO CENTRAL - ICHC,IC - CENTRAL DE EQUIPAMENTOS DO INSTITUTO CENTRAL - 6º EE," AVENIDA DOUTOR ENÉAS DE CARVALHO AGUIAR 255, CERQUEIRA CÉSAR, SÃO PAULO-SP",SP,CERQUEIRA CÉSAR,SÃO PAULO,05403-010,"2929 - CENTRAL EQUIPAMENTO MÉDICO - CIEQ 09 PAMB ",,"15.000,00",,"15.000,00",,06/01/2015,,,,,,,PRÓPRIO,ATIVO,,,,af57afc6-9302-4bd3-994c-d594bfd4a520,,,,,,,,,,,,,,,,,,,,,,,CEIC,available,EMMT0448,PI/TEMP - PI/TEMP (M3012A) - EXTENSOR,MÓDULO MULTIPARAMÉTRICO
EMMT0450,DE83759354,,MÓDULO MULTIPARAMÉTRICO,PI/TEMP - PI/TEMP (M3012A) - EXTENSOR,PHILIPS,SEMI-CRÍTICO,MÉDIA,HOSPITAL DAS CLÍNICAS,INSTITUTO CENTRAL - ICHC,IC - CENTRAL DE EQUIPAMENTOS DO INSTITUTO CENTRAL - 6º EE," AVENIDA DOUTOR ENÉAS DE CARVALHO AGUIAR 255, CERQUEIRA CÉSAR, SÃO PAULO-SP",SP,CERQUEIRA CÉSAR,SÃO PAULO,05403-010,"2929 - CENTRAL EQUIPAMENTO MÉDICO - CIEQ 09 PAMB ",,"15.000,00",,"15.000,00",,06/01/2015,,,,,,,PRÓPRIO,ATIVO,,,,4a54405c-2431-4732-ad7a-8196509470f5,,,,,,,,,,,,,,,,,,,,,,,CEIC,available,EMMT0450,PI/TEMP - PI/TEMP (M3012A) - EXTENSOR,MÓDULO MULTIPARAMÉTRICO
EMMT0452,DE83759330,,MÓDULO MULTIPARAMÉTRICO,PI/TEMP - PI/TEMP (M3012A) - EXTENSOR,PHILIPS,SEMI-CRÍTICO,MÉDIA,HOSPITAL DAS CLÍNICAS,INSTITUTO CENTRAL - ICHC,IC - CENTRAL DE EQUIPAMENTOS DO INSTITUTO CENTRAL - 6º EE," AVENIDA DOUTOR ENÉAS DE CARVALHO AGUIAR 255, CERQUEIRA CÉSAR, SÃO PAULO-SP",SP,CERQUEIRA CÉSAR,SÃO PAULO,05403-010,"2929 - CENTRAL EQUIPAMENTO MÉDICO - CIEQ 09 PAMB ",,"15.000,00",,"15.000,00",,06/01/2015,,,,,,,PRÓPRIO,ATIVO,,,,70ed21fa-3bd0-46de-8d6d-c2d847933181,,,,,,,,,,,,,,,,,,,,,,,CEIC,available,EMMT0452,PI/TEMP - PI/TEMP (M3012A) - EXTENSOR,MÓDULO MULTIPARAMÉTRICO
EMMT0470,DE3450D6FH,,MÓDULO MULTIPARAMÉTRICO,ECG/SPO2/PNI/TEMP/PI (M3001A),PHILIPS,SEMI-CRÍTICO,MÉDIA,HOSPITAL DAS CLÍNICAS,INSTITUTO CENTRAL - ICHC,IC - CENTRAL DE EQUIPAMENTOS DO INSTITUTO CENTRAL - 6º EE," AVENIDA DOUTOR ENÉAS DE CARVALHO AGUIAR 255, CERQUEIRA CÉSAR, SÃO PAULO-SP",SP,CERQUEIRA CÉSAR,SÃO PAULO,05403-010,"2929 - CENTRAL EQUIPAMENTO MÉDICO - CIEQ 09 PAMB ",,"15.000,00",,"15.000,00",,08/01/2015,,,,,,,PRÓPRIO,ATIVO,,,,6b0f65e7-b395-4ff9-b64e-7f6b626d7914,,,,,,,,,,,,,,,,,,,,,,,CEIC,available,EMMT0470,ECG/SPO2/PNI/TEMP/PI (M3001A),MÓDULO MULTIPARAMÉTRICO
EMMT0490,DE3450D6FT,,MÓDULO MULTIPARAMÉTRICO,ECG/SPO2/PNI/TEMP/PI (M3001A),PHILIPS,SEMI-CRÍTICO,MÉDIA,HOSPITAL DAS CLÍNICAS,INSTITUTO CENTRAL - ICHC,IC - CENTRAL DE EQUIPAMENTOS DO INSTITUTO CENTRAL - 6º EE," AVENIDA DOUTOR ENÉAS DE CARVALHO AGUIAR 255, CERQUEIRA CÉSAR, SÃO PAULO-SP",SP,CERQUEIRA CÉSAR,SÃO PAULO,05403-010,"2929 - CENTRAL EQUIPAMENTO MÉDICO - CIEQ 09 PAMB ",,"15.000,00",,"15.000,00",,19/01/2015,,,,,,,PRÓPRIO,ATIVO,,,,7ffd6fc5-2435-454b-82bf-c0464c31d9e6,,,,,,,,,,,,,,,,,,,,,,,CEIC,available,EMMT0490,ECG/SPO2/PNI/TEMP/PI (M3001A),MÓDULO MULTIPARAMÉTRICO
EMMT0492,DE3450D5M4,,MÓDULO MULTIPARAMÉTRICO,ECG/SPO2/PNI/TEMP/PI (M3001A),PHILIPS,SEMI-CRÍTICO,MÉDIA,HOSPITAL DAS CLÍNICAS,INSTITUTO CENTRAL - ICHC,IC - CENTRAL DE EQUIPAMENTOS DO INSTITUTO CENTRAL - 6º EE," AVENIDA DOUTOR ENÉAS DE CARVALHO AGUIAR 255, CERQUEIRA CÉSAR, SÃO PAULO-SP",SP,CERQUEIRA CÉSAR,SÃO PAULO,05403-010,"2929 - CENTRAL EQUIPAMENTO MÉDICO - CIEQ 09 PAMB ",,"15.000,00",,"15.000,00",,19/01/2015,,,,,,,PRÓPRIO,ATIVO,,,,8ddfec02-f209-4e29-a8cc-cf4250d839f2,,,,,,,,,,,,,,,,,,,,,,,CEIC,available,EMMT0492,ECG/SPO2/PNI/TEMP/PI (M3001A),MÓDULO MULTIPARAMÉTRICO
EMMT0495,DE3450D62M,,MÓDULO MULTIPARAMÉTRICO,ECG/SPO2/PNI/TEMP/PI (M3001A),PHILIPS,SEMI-CRÍTICO,MÉDIA,HOSPITAL DAS CLÍNICAS,INSTITUTO CENTRAL - ICHC,IC - CENTRAL DE EQUIPAMENTOS DO INSTITUTO CENTRAL - 6º EE," AVENIDA DOUTOR ENÉAS DE CARVALHO AGUIAR 255, CERQUEIRA CÉSAR, SÃO PAULO-SP",SP,CERQUEIRA CÉSAR,SÃO PAULO,05403-010,"2929 - CENTRAL EQUIPAMENTO MÉDICO - CIEQ 09 PAMB ",,"15.000,00",,"15.000,00",,19/01/2015,,,,,,,PRÓPRIO,ATIVO,,,,3484195b-bcd0-41c9-a535-0fc720f25d77,,,,,,,,,,,,,,,,,,,,,,,CEIC,available,EMMT0495,ECG/SPO2/PNI/TEMP/PI (M3001A),MÓDULO MULTIPARAMÉTRICO
EMMT0498,DE3450D5PM,,MÓDULO MULTIPARAMÉTRICO,ECG/SPO2/PNI/TEMP/PI (M3001A),PHILIPS,SEMI-CRÍTICO,MÉDIA,HOSPITAL DAS CLÍNICAS,INSTITUTO CENTRAL - ICHC,IC - CENTRAL DE EQUIPAMENTOS DO INSTITUTO CENTRAL - 6º EE," AVENIDA DOUTOR ENÉAS DE CARVALHO AGUIAR 255, CERQUEIRA CÉSAR, SÃO PAULO-SP",SP,CERQUEIRA CÉSAR,SÃO PAULO,05403-010,"2929 - CENTRAL EQUIPAMENTO MÉDICO - CIEQ 09 PAMB ",,"15.000,00",,"15.000,00",,19/01/2015,,,,,,,PRÓPRIO,ATIVO,,,,3033e416-a5ab-451f-b413-d53aaa2b08ed,,,,,,,,,,,,,,,,,,,,,,,CEIC,available,EMMT0498,ECG/SPO2/PNI/TEMP/PI (M3001A),MÓDULO MULTIPARAMÉTRICO
EMNO0101,20500594,,MONITOR DE ÓXIDO NÍTRICO,NOX 1000,J. G. MORIYA,NÃO CRÍTICO,BAIXA,HOSPITAL DAS CLÍNICAS,INSTITUTO CENTRAL - ICHC,IC - CENTRAL DE EQUIPAMENTOS DO INSTITUTO CENTRAL - 6º EE," AVENIDA DOUTOR ENÉAS DE CARVALHO AGUIAR 255, CERQUEIRA CÉSAR, SÃO PAULO-SP",SP,CERQUEIRA CÉSAR,SÃO PAULO,05403-010,"2929 - CENTRAL EQUIPAMENTO MÉDICO - CIEQ 09 PAMB ",11/02/2025,"58.000,00",193677,"58.000,00",,12/02/2025,,,,,10349590143,,COMODATO - CONTRATO WHITE MARTINS - ÓXIDO NITRÍCO,ATIVO,WHITE MARTINS PRAXAIR INC.,12/02 - RECEBEMOS ESTE EQUIPAMENTO REFERENTE A TROCA DO EQUIPAMENTO TAG EMNO0075 - SN:20490571 DA EMPRESA WHITE MARTINS.,,98d21c69-c1af-490e-84fd-e35bc2572b31,03DN,,2026-03-29 20:52:38.647+00,true,,,,,false,,,,,,,,,,,,true,2026-03-29 20:55:57.724+00,CEIC,available,EMNO0101,NOX 1000,MONITOR DE ÓXIDO NÍTRICO
EMNO0110,20330511,,MONITOR DE ÓXIDO NÍTRICO,NOX 1000,J. G. MORIYA,NÃO CRÍTICO,BAIXA,HOSPITAL DAS CLÍNICAS,INSTITUTO CENTRAL - ICHC,IC - CENTRAL DE EQUIPAMENTOS DO INSTITUTO CENTRAL - 6º EE," AVENIDA DOUTOR ENÉAS DE CARVALHO AGUIAR 255, CERQUEIRA CÉSAR, SÃO PAULO-SP",SP,CERQUEIRA CÉSAR,SÃO PAULO,05403-010,"2929 - CENTRAL EQUIPAMENTO MÉDICO - CIEQ 09 PAMB ",22/08/2025,"38.000,00",226688,"38.000,00",,29/08/2025,,,,,10349590143,,COMODATO,ATIVO,WHITE MARTINS PRAXAIR INC.,22/08/2025 - RECEBEMOS ESTE EQUIPAMENTO REFERENTE A TROCA DO EQUIPAMENTO TAG EMNO0107 - SN:20330515 DA EMPRESA WHITE MARTINS.,,2843234a-26a9-46de-ad6f-def22fa112e7,,,,,,,,,,,,,,,,,,,,,,,CEIC,available,EMNO0110,NOX 1000,MONITOR DE ÓXIDO NÍTRICO
EMNO0117,23290926,,MONITOR DE ÓXIDO NÍTRICO,NOX 1000,J. G. MORIYA,NÃO CRÍTICO,ALTA,HOSPITAL DAS CLÍNICAS,INSTITUTO CENTRAL - ICHC,IC - CENTRAL DE EQUIPAMENTOS DO INSTITUTO CENTRAL - 6º EE," AVENIDA DOUTOR ENÉAS DE CARVALHO AGUIAR 255, CERQUEIRA CÉSAR, SÃO PAULO-SP",SP,CERQUEIRA CÉSAR,SÃO PAULO,05403-010,"2929 - CENTRAL EQUIPAMENTO MÉDICO - CIEQ 09 PAMB ",,"0,00",,"38.000,00",,06/03/2026,,05/03/2027,,,10349590143,,COMODATO,ATIVO,WHITE MARTINS PRAXAIR INC.,,,470afd92-e8f0-4d79-ab3c-8316ece8545a,,,,,,,,,,,,,,,,,,,,,,,CEIC,available,EMNO0117,NOX 1000,MONITOR DE ÓXIDO NÍTRICO
EMPI0232,DE805T8285,,MÓDULO DE PRESSÃO INVASIVA,M1006B,PHILIPS,NÃO CRÍTICO,BAIXA,HOSPITAL DAS CLÍNICAS,INSTITUTO CENTRAL - ICHC,IC - CENTRAL DE EQUIPAMENTOS DO INSTITUTO CENTRAL - 6º EE," AVENIDA DOUTOR ENÉAS DE CARVALHO AGUIAR 255, CERQUEIRA CÉSAR, SÃO PAULO-SP",SP,CERQUEIRA CÉSAR,SÃO PAULO,05403-010,"2929 - CENTRAL EQUIPAMENTO MÉDICO - CIEQ 09 PAMB ",,"4.214,00",,"4.214,00",,16/09/2014,,,,,,,PRÓPRIO,ATIVO,,,,eb9ae470-140d-43a4-a988-266bf542fbd7,,,,,,,,,,,,,,,,,,,,,,,CEIC,available,EMPI0232,M1006B,MÓDULO DE PRESSÃO INVASIVA
EPIC0007,821/11/0175,,MONITOR DE PRESSÃO INTRACRANIANA,MPR2 LOG0,RAUMEDIC AG,CRÍTICO,ALTA,HOSPITAL DAS CLÍNICAS,INSTITUTO CENTRAL - ICHC,IC - CENTRAL DE EQUIPAMENTOS DO INSTITUTO CENTRAL - 6º EE," AVENIDA DOUTOR ENÉAS DE CARVALHO AGUIAR 255, CERQUEIRA CÉSAR, SÃO PAULO-SP",SP,CERQUEIRA CÉSAR,SÃO PAULO,05403-010,"2929 - CENTRAL EQUIPAMENTO MÉDICO - CIEQ 09 PAMB ",,"25.000,00",40464,"0,00",,27/04/2016,,,,,80208360061,,COMODATO - RAUMEDIC,ATIVO,,"EQUIPAMENTO ACOMPANHA:

01 CABO ÓPTICO;
01 CABO PIC;
01 FONTE EXTERNA;
01 SUPORTE, SÉRIE: 820.1/11/0167;
01 MALETA.",,03aa4b4d-0703-4ae3-af0a-2bba68c067b9,,,,,,,,,,,,,,,,,,,,,,,CEIC,available,EPIC0007,MPR2 LOG0,MONITOR DE PRESSÃO INTRACRANIANA
EPIC0021,821 / 14 / 1072,,MONITOR DE PRESSÃO INTRACRANIANA,MPR2 LOG0,RAUMEDIC AG,SEMI-CRÍTICO,,HOSPITAL DAS CLÍNICAS,INSTITUTO CENTRAL - ICHC,IC - CENTRAL DE EQUIPAMENTOS DO INSTITUTO CENTRAL - 6º EE," AVENIDA DOUTOR ENÉAS DE CARVALHO AGUIAR 255, CERQUEIRA CÉSAR, SÃO PAULO-SP",SP,CERQUEIRA CÉSAR,SÃO PAULO,05403-010,"2929 - CENTRAL EQUIPAMENTO MÉDICO - CIEQ 09 PAMB ",15/08/2023,"25.000,00",,"0,00",,15/08/2023,,,,,80208360061,,COMODATO - RAUMEDIC,ATIVO,,"31/01/2024 - O EQUIPAMENTO FICARÁ NO ICHC COMO SUBSTITUTO DO EPIC0014 DA ORDEM DE SERVIÇO 2314831.
15/08/2023 - EQUIPAMENTO RECEBIDO PELA HEMOCAT COMO UM BACKUP PARA A ORDEM DE SERVIÇO 2314831.",,355ad021-72a3-4eeb-ae4b-aa777659f029,,,,,,,,,,,,,,,,,,,,,,,CEIC,available,EPIC0021,MPR2 LOG0,MONITOR DE PRESSÃO INTRACRANIANA
EPIC0025,820/16/1176,,MONITOR DE PRESSÃO INTRACRANIANA,MPR1 DATALOGGER,RAUMEDIC AG,SEMI-CRÍTICO,,HOSPITAL DAS CLÍNICAS,INSTITUTO CENTRAL - ICHC,IC - CENTRAL DE EQUIPAMENTOS DO INSTITUTO CENTRAL - 6º EE," AVENIDA DOUTOR ENÉAS DE CARVALHO AGUIAR 255, CERQUEIRA CÉSAR, SÃO PAULO-SP",SP,CERQUEIRA CÉSAR,SÃO PAULO,05403-010,"2929 - CENTRAL EQUIPAMENTO MÉDICO - CIEQ 09 PAMB ",19/09/2025,"35.000,00",4458,"0,00",,19/09/2025,,18/09/2026,,,10355870074,,COMODATO - CATH CARE,ATIVO,HEMOCAT COMERCIO E IMPORTAÇÃO LTDA,"19/09/2025 - EQUIPAMENTO INSTALADO EM SUBSTITUIÇÃO AO EPIC0019 QUE TERÁ QUE SER DESATIVADO (ORDEM DE SERVIÇO 2538894). 

1 MALETA
1 SUPORTE DE FIXAÇÃO
1 MONITOR
1 FONTE
1 CABO PIC LOT K 811 7497",,018b8a1f-ce6d-4225-9568-07235b49da66,,,,,,,,,,,,,,,,,,,,,,,CEIC,available,EPIC0025,MPR1 DATALOGGER,MONITOR DE PRESSÃO INTRACRANIANA
EPIM0041,7021930,,PROCESSADORA DE IMAGEM,OTV-SC,OLYMPUS,NÃO CRÍTICO,BAIXA,HOSPITAL DAS CLÍNICAS,INSTITUTO CENTRAL - ICHC,IC - CENTRAL DE EQUIPAMENTOS DO INSTITUTO CENTRAL - 6º EE," AVENIDA DOUTOR ENÉAS DE CARVALHO AGUIAR 255, CERQUEIRA CÉSAR, SÃO PAULO-SP",SP,CERQUEIRA CÉSAR,SÃO PAULO,05403-010,"2929 - CENTRAL EQUIPAMENTO MÉDICO - CIEQ 09 PAMB ",,"40.000,00",,"40.000,00",,06/06/2014,,,,,80124630093,,PRÓPRIO,ATIVO,,,,65207d1a-9155-4bbd-ae61-71ca78568120,,,,,,,,,,,,,,,,,,,,,,,CEIC,available,EPIM0041,OTV-SC,PROCESSADORA DE IMAGEM
ERVT0002,300VRA-0090001,,REGULADOR DE VÁCUO TORÁCICO,VRA-301,ACARE TECHNOLOGY COM. LTDA (BHP),NÃO CRÍTICO,BAIXA,HOSPITAL DAS CLÍNICAS,INSTITUTO CENTRAL - ICHC,IC - CENTRAL DE EQUIPAMENTOS DO INSTITUTO CENTRAL - 6º EE," AVENIDA DOUTOR ENÉAS DE CARVALHO AGUIAR 255, CERQUEIRA CÉSAR, SÃO PAULO-SP",SP,CERQUEIRA CÉSAR,SÃO PAULO,05403-010,"2929 - CENTRAL EQUIPAMENTO MÉDICO - CIEQ 09 PAMB ",,"4.800,00",,"0,00",,09/04/2021,,,,,,,DEMONSTRAÇÃO,ATIVO,BHP PRODUTOS MÉDICO HOSPITALARES LTDA EEP,,,298c09b2-56a5-42bf-abea-fc213f4e87a9,,,,,,,,,,,,,,,,,,,,,,,CEIC,available,ERVT0002,VRA-301,REGULADOR DE VÁCUO TORÁCICO
EUMI0002,M3-9709-00201,,UMIDIFICADOR,MISTY 3,INTERMED,NÃO CRÍTICO,BAIXA,HOSPITAL DAS CLÍNICAS,INSTITUTO CENTRAL - ICHC,IC - CENTRAL DE EQUIPAMENTOS DO INSTITUTO CENTRAL - 6º EE," AVENIDA DOUTOR ENÉAS DE CARVALHO AGUIAR 255, CERQUEIRA CÉSAR, SÃO PAULO-SP",SP,CERQUEIRA CÉSAR,SÃO PAULO,05403-010,"2929 - CENTRAL EQUIPAMENTO MÉDICO - CIEQ 09 PAMB ",,"3.325,00",,"3.325,00",,24/07/2013,,,,,10243240031,,PRÓPRIO,ATIVO,,,,f58cef92-a37c-4372-a25a-8767bb79b06b,,,,,,,,,,,,,,,,,,,,,,,CEIC,available,EUMI0002,MISTY 3,UMIDIFICADOR
EUMI0004,10JHU-26066,,UMIDIFICADOR,MR410,FISHER & PAYKEL,NÃO CRÍTICO,BAIXA,HOSPITAL DAS CLÍNICAS,INSTITUTO CENTRAL - ICHC,IC - CENTRAL DE EQUIPAMENTOS DO INSTITUTO CENTRAL - 6º EE," AVENIDA DOUTOR ENÉAS DE CARVALHO AGUIAR 255, CERQUEIRA CÉSAR, SÃO PAULO-SP",SP,CERQUEIRA CÉSAR,SÃO PAULO,05403-010,"2929 - CENTRAL EQUIPAMENTO MÉDICO - CIEQ 09 PAMB ",,"3.325,00",,"3.325,00",,24/07/2013,,,,,,,PRÓPRIO,ATIVO,,,,8688a4af-8ab4-4de8-b3b7-2d9fb3c6eb18,,,,,,,,,,,,,,,,,,,,,,,CEIC,available,EUMI0004,MR410,UMIDIFICADOR
EUMI0035,M3-9910-03223,,UMIDIFICADOR,MISTY 3,INTERMED,NÃO CRÍTICO,,HOSPITAL DAS CLÍNICAS,INSTITUTO CENTRAL - ICHC,IC - CENTRAL DE EQUIPAMENTOS DO INSTITUTO CENTRAL - 6º EE," AVENIDA DOUTOR ENÉAS DE CARVALHO AGUIAR 255, CERQUEIRA CÉSAR, SÃO PAULO-SP",SP,CERQUEIRA CÉSAR,SÃO PAULO,05403-010,"2929 - CENTRAL EQUIPAMENTO MÉDICO - CIEQ 09 PAMB ",,"3.325,00",,"3.325,00",,24/07/2013,,,,,10243240031,,PRÓPRIO,ATIVO,,,,885b7b3a-5a1e-4ff1-818a-43c0f3cf3f34,,,,,,,,,,,,,,,,,,,,,,,CEIC,available,EUMI0035,MISTY 3,UMIDIFICADOR
EUMI0047,2001-41JSP03233,,UMIDIFICADOR,MR410,FISHER & PAYKEL,NÃO CRÍTICO,BAIXA,HOSPITAL DAS CLÍNICAS,INSTITUTO CENTRAL - ICHC,IC - CENTRAL DE EQUIPAMENTOS DO INSTITUTO CENTRAL - 6º EE," AVENIDA DOUTOR ENÉAS DE CARVALHO AGUIAR 255, CERQUEIRA CÉSAR, SÃO PAULO-SP",SP,CERQUEIRA CÉSAR,SÃO PAULO,05403-010,"2929 - CENTRAL EQUIPAMENTO MÉDICO - CIEQ 09 PAMB ",,"3.325,00",,"3.325,00",,24/07/2013,,,,,,,PRÓPRIO,ATIVO,,,,520384c7-1814-444f-8db7-a88e538a1cfb,,,,,,,,,,,,,,,,,,,,,,,CEIC,available,EUMI0047,MR410,UMIDIFICADOR
EUMI0067,090205001077,,UMIDIFICADOR,HC 150,FISHER & PAYKEL,NÃO CRÍTICO,BAIXA,HOSPITAL DAS CLÍNICAS,INSTITUTO CENTRAL - ICHC,IC - CENTRAL DE EQUIPAMENTOS DO INSTITUTO CENTRAL - 6º EE," AVENIDA DOUTOR ENÉAS DE CARVALHO AGUIAR 255, CERQUEIRA CÉSAR, SÃO PAULO-SP",SP,CERQUEIRA CÉSAR,SÃO PAULO,05403-010,"2929 - CENTRAL EQUIPAMENTO MÉDICO - CIEQ 09 PAMB ",,"3.325,00",,"3.325,00",,24/07/2013,,,,,80102510376,,PRÓPRIO,ATIVO,,,,d29b1cc7-ccf1-4a74-bb74-3122f52942ad,,,,,,,,,,,,,,,,,,,,,,,CEIC,available,EUMI0067,HC 150,UMIDIFICADOR
EUMI0071,M320040812039,,UMIDIFICADOR,MISTY 3,INTERMED,NÃO CRÍTICO,BAIXA,HOSPITAL DAS CLÍNICAS,INSTITUTO CENTRAL - ICHC,IC - CENTRAL DE EQUIPAMENTOS DO INSTITUTO CENTRAL - 6º EE," AVENIDA DOUTOR ENÉAS DE CARVALHO AGUIAR 255, CERQUEIRA CÉSAR, SÃO PAULO-SP",SP,CERQUEIRA CÉSAR,SÃO PAULO,05403-010,"2929 - CENTRAL EQUIPAMENTO MÉDICO - CIEQ 09 PAMB ",,"3.325,00",,"3.325,00",,26/08/2013,,,,,10243240031,,PRÓPRIO,ATIVO,,,,18399e34-56b8-4a78-a451-e7bcf888ffd6,,,,,,,,,,,,,,,,,,,,,,,CEIC,available,EUMI0071,MISTY 3,UMIDIFICADOR
EUMI0076,M3991003235,,UMIDIFICADOR,MISTY 3,INTERMED,NÃO CRÍTICO,BAIXA,HOSPITAL DAS CLÍNICAS,INSTITUTO CENTRAL - ICHC,IC - CENTRAL DE EQUIPAMENTOS DO INSTITUTO CENTRAL - 6º EE," AVENIDA DOUTOR ENÉAS DE CARVALHO AGUIAR 255, CERQUEIRA CÉSAR, SÃO PAULO-SP",SP,CERQUEIRA CÉSAR,SÃO PAULO,05403-010,"2929 - CENTRAL EQUIPAMENTO MÉDICO - CIEQ 09 PAMB ",,"3.325,00",,"3.325,00",,26/08/2013,,,,,10243240031,,PRÓPRIO,ATIVO,,,,f862554c-354a-4d10-8eba-9c7f27fe4a77,,,,,,,,,,,,,,,,,,,,,,,CEIC,available,EUMI0076,MISTY 3,UMIDIFICADOR
EUMI0212,M3-9807-01512,,UMIDIFICADOR,MISTY 3,INTERMED,NÃO CRÍTICO,BAIXA,HOSPITAL DAS CLÍNICAS,INSTITUTO CENTRAL - ICHC,IC - CENTRAL DE EQUIPAMENTOS DO INSTITUTO CENTRAL - 6º EE," AVENIDA DOUTOR ENÉAS DE CARVALHO AGUIAR 255, CERQUEIRA CÉSAR, SÃO PAULO-SP",SP,CERQUEIRA CÉSAR,SÃO PAULO,05403-010,"2929 - CENTRAL EQUIPAMENTO MÉDICO - CIEQ 09 PAMB ",,"3.325,00",,"3.325,00",,08/01/2015,,,,,10243240031,,PRÓPRIO,ATIVO,,,,7cfedb26-22a1-48b6-b4fb-82b25b5e15eb,,,,,,,,,,,,,,,,,,,,,,,CEIC,available,EUMI0212,MISTY 3,UMIDIFICADOR
EUMI0215,M3980401113,,UMIDIFICADOR,MISTY 3,INTERMED,NÃO CRÍTICO,BAIXA,HOSPITAL DAS CLÍNICAS,INSTITUTO CENTRAL - ICHC,IC - CENTRAL DE EQUIPAMENTOS DO INSTITUTO CENTRAL - 6º EE," AVENIDA DOUTOR ENÉAS DE CARVALHO AGUIAR 255, CERQUEIRA CÉSAR, SÃO PAULO-SP",SP,CERQUEIRA CÉSAR,SÃO PAULO,05403-010,"2929 - CENTRAL EQUIPAMENTO MÉDICO - CIEQ 09 PAMB ",,"3.325,00",,"3.325,00",,27/01/2015,,,,,10243240031,,PRÓPRIO,ATIVO,,,,e0df02c7-7b0a-43a8-97d3-5d81cf51dd2b,,,,,,,,,,,,,,,,,,,,,,,CEIC,available,EUMI0215,MISTY 3,UMIDIFICADOR
EUMI0219,M3991003289,,UMIDIFICADOR,MISTY 3,INTERMED,NÃO CRÍTICO,BAIXA,HOSPITAL DAS CLÍNICAS,INSTITUTO CENTRAL - ICHC,IC - CENTRAL DE EQUIPAMENTOS DO INSTITUTO CENTRAL - 6º EE," AVENIDA DOUTOR ENÉAS DE CARVALHO AGUIAR 255, CERQUEIRA CÉSAR, SÃO PAULO-SP",SP,CERQUEIRA CÉSAR,SÃO PAULO,05403-010,"2929 - CENTRAL EQUIPAMENTO MÉDICO - CIEQ 09 PAMB ",,"3.325,00",,"3.325,00",,06/03/2015,,,,,10243240031,,PRÓPRIO,ATIVO,,,,f9694d87-d29a-4cb3-a9bd-fb41f6c0ff6e,,,,,,,,,,,,,,,,,,,,,,,CEIC,available,EUMI0219,MISTY 3,UMIDIFICADOR
EUMI0252,M398040112,,UMIDIFICADOR,MISTY 3,INTERMED,NÃO CRÍTICO,BAIXA,HOSPITAL DAS CLÍNICAS,INSTITUTO CENTRAL - ICHC,IC - CENTRAL DE EQUIPAMENTOS DO INSTITUTO CENTRAL - 6º EE," AVENIDA DOUTOR ENÉAS DE CARVALHO AGUIAR 255, CERQUEIRA CÉSAR, SÃO PAULO-SP",SP,CERQUEIRA CÉSAR,SÃO PAULO,05403-010,"2929 - CENTRAL EQUIPAMENTO MÉDICO - CIEQ 09 PAMB ",,"3.325,00",,"3.325,00",,26/04/2016,,,,,10243240031,,PRÓPRIO,ATIVO,,,,852de6e2-89c7-4673-8a5f-ca5c68ae4140,,,,,,,,,,,,,,,,,,,,,,,CEIC,available,EUMI0252,MISTY 3,UMIDIFICADOR
EUMI0257,140507211570,,UMIDIFICADOR,MR850,FISHER & PAYKEL,NÃO CRÍTICO,BAIXA,HOSPITAL DAS CLÍNICAS,INSTITUTO CENTRAL - ICHC,IC - CENTRAL DE EQUIPAMENTOS DO INSTITUTO CENTRAL - 6º EE," AVENIDA DOUTOR ENÉAS DE CARVALHO AGUIAR 255, CERQUEIRA CÉSAR, SÃO PAULO-SP",SP,CERQUEIRA CÉSAR,SÃO PAULO,05403-010,"2929 - CENTRAL EQUIPAMENTO MÉDICO - CIEQ 09 PAMB ",,"3.325,00",,"0,00",,13/09/2016,,,,,81447959030,,COMODATO - AIR LIQUIDE,ATIVO,AIR LIQUIDE DO BRASIL LTDA,,DE SERVIÇO: MULT MED EQUIPAMENTOS HOSPITALARES LTDA ATÉ: 29/07/2022 NA OS: 2117164,60b9167c-0f85-4e1f-b2bc-c80a437a9b1a,,,,,,,,,,,,,,,,,,,,,,,CEIC,available,EUMI0257,MR850,UMIDIFICADOR
EUMI0260,141124227180,,UMIDIFICADOR,MR850,FISHER & PAYKEL,NÃO CRÍTICO,BAIXA,HOSPITAL DAS CLÍNICAS,INSTITUTO CENTRAL - ICHC,IC - CENTRAL DE EQUIPAMENTOS DO INSTITUTO CENTRAL - 6º EE," AVENIDA DOUTOR ENÉAS DE CARVALHO AGUIAR 255, CERQUEIRA CÉSAR, SÃO PAULO-SP",SP,CERQUEIRA CÉSAR,SÃO PAULO,05403-010,"2929 - CENTRAL EQUIPAMENTO MÉDICO - CIEQ 09 PAMB ",,"3.325,00",,"24.445,00",,27/12/2016,,,,,81447959030,,PRÓPRIO,ATIVO,,,,1f014886-e089-41db-9582-051ff9410944,,,,,,,,,,,,,,,,,,,,,,,CEIC,available,EUMI0260,MR850,UMIDIFICADOR
EUMI0261,141124227182,,UMIDIFICADOR,MR850,FISHER & PAYKEL,NÃO CRÍTICO,BAIXA,HOSPITAL DAS CLÍNICAS,INSTITUTO CENTRAL - ICHC,IC - CENTRAL DE EQUIPAMENTOS DO INSTITUTO CENTRAL - 6º EE," AVENIDA DOUTOR ENÉAS DE CARVALHO AGUIAR 255, CERQUEIRA CÉSAR, SÃO PAULO-SP",SP,CERQUEIRA CÉSAR,SÃO PAULO,05403-010,"2929 - CENTRAL EQUIPAMENTO MÉDICO - CIEQ 09 PAMB ",,"3.325,00",,"24.445,00",,27/12/2016,,,,,81447959030,,PRÓPRIO,ATIVO,,,,8fbf85bf-11e7-4638-bca8-dccdf4fd25aa,,,,,,,,,,,,,,,,,,,,,,,CEIC,available,EUMI0261,MR850,UMIDIFICADOR
EUMI0264,141124227181,,UMIDIFICADOR,MR850,FISHER & PAYKEL,NÃO CRÍTICO,BAIXA,HOSPITAL DAS CLÍNICAS,INSTITUTO CENTRAL - ICHC,IC - CENTRAL DE EQUIPAMENTOS DO INSTITUTO CENTRAL - 6º EE," AVENIDA DOUTOR ENÉAS DE CARVALHO AGUIAR 255, CERQUEIRA CÉSAR, SÃO PAULO-SP",SP,CERQUEIRA CÉSAR,SÃO PAULO,05403-010,"2929 - CENTRAL EQUIPAMENTO MÉDICO - CIEQ 09 PAMB ",,"3.325,00",,"24.445,00",,27/12/2016,,,,,81447959030,,PRÓPRIO,ATIVO,,,,827413a7-1a1a-4ee0-97bf-5a5b692968fd,,,,,,,,,,,,,,,,,,,,,,,CEIC,available,EUMI0264,MR850,UMIDIFICADOR
EUMI0265,141124227187,,UMIDIFICADOR,MR850,FISHER & PAYKEL,NÃO CRÍTICO,BAIXA,HOSPITAL DAS CLÍNICAS,INSTITUTO CENTRAL - ICHC,IC - CENTRAL DE EQUIPAMENTOS DO INSTITUTO CENTRAL - 6º EE," AVENIDA DOUTOR ENÉAS DE CARVALHO AGUIAR 255, CERQUEIRA CÉSAR, SÃO PAULO-SP",SP,CERQUEIRA CÉSAR,SÃO PAULO,05403-010,"2929 - CENTRAL EQUIPAMENTO MÉDICO - CIEQ 09 PAMB ",,"3.325,00",,"24.445,00",,27/12/2016,,,,,81447959030,,PRÓPRIO,ATIVO,,,,c7acc616-47df-4b68-954a-72156380634f,,,,,,,,,,,,,,,,,,,,,,,CEIC,available,EUMI0265,MR850,UMIDIFICADOR
EUMI0266,141120226756,,UMIDIFICADOR,MR850,FISHER & PAYKEL,NÃO CRÍTICO,BAIXA,HOSPITAL DAS CLÍNICAS,INSTITUTO CENTRAL - ICHC,IC - CENTRAL DE EQUIPAMENTOS DO INSTITUTO CENTRAL - 6º EE," AVENIDA DOUTOR ENÉAS DE CARVALHO AGUIAR 255, CERQUEIRA CÉSAR, SÃO PAULO-SP",SP,CERQUEIRA CÉSAR,SÃO PAULO,05403-010,"2929 - CENTRAL EQUIPAMENTO MÉDICO - CIEQ 09 PAMB ",,"3.325,00",,"24.445,00",,27/12/2016,,,,,81447959030,,PRÓPRIO,ATIVO,,,,86f0f6eb-a9cc-4289-ab3a-a954359be34c,,,,,,,,,,,,,,,,,,,,,,,CEIC,available,EUMI0266,MR850,UMIDIFICADOR
EUMI0268,141120226753,,UMIDIFICADOR,MR850,FISHER & PAYKEL,NÃO CRÍTICO,BAIXA,HOSPITAL DAS CLÍNICAS,INSTITUTO CENTRAL - ICHC,IC - CENTRAL DE EQUIPAMENTOS DO INSTITUTO CENTRAL - 6º EE," AVENIDA DOUTOR ENÉAS DE CARVALHO AGUIAR 255, CERQUEIRA CÉSAR, SÃO PAULO-SP",SP,CERQUEIRA CÉSAR,SÃO PAULO,05403-010,"2929 - CENTRAL EQUIPAMENTO MÉDICO - CIEQ 09 PAMB ",,"3.325,00",,"24.445,00",,27/12/2016,,,,,81447959030,,PRÓPRIO,ATIVO,,,,21925760-6bf4-4796-a0ba-cedeeaa3d95c,,,,,,,,,,,,,,,,,,,,,,,CEIC,available,EUMI0268,MR850,UMIDIFICADOR
EUMI0269,141120226752,,UMIDIFICADOR,MR850,FISHER & PAYKEL,NÃO CRÍTICO,BAIXA,HOSPITAL DAS CLÍNICAS,INSTITUTO CENTRAL - ICHC,IC - CENTRAL DE EQUIPAMENTOS DO INSTITUTO CENTRAL - 6º EE," AVENIDA DOUTOR ENÉAS DE CARVALHO AGUIAR 255, CERQUEIRA CÉSAR, SÃO PAULO-SP",SP,CERQUEIRA CÉSAR,SÃO PAULO,05403-010,"2929 - CENTRAL EQUIPAMENTO MÉDICO - CIEQ 09 PAMB ",,"3.325,00",,"24.445,00",,27/12/2016,,,,,81447959030,,PRÓPRIO,ATIVO,,,,e9cefa79-5eb3-405a-b3cb-8f63b9fb109c,,,,,,,,,,,,,,,,,,,,,,,CEIC,available,EUMI0269,MR850,UMIDIFICADOR
EUMI0270,141202227955,,UMIDIFICADOR,MR850,FISHER & PAYKEL,NÃO CRÍTICO,BAIXA,HOSPITAL DAS CLÍNICAS,INSTITUTO CENTRAL - ICHC,IC - CENTRAL DE EQUIPAMENTOS DO INSTITUTO CENTRAL - 6º EE," AVENIDA DOUTOR ENÉAS DE CARVALHO AGUIAR 255, CERQUEIRA CÉSAR, SÃO PAULO-SP",SP,CERQUEIRA CÉSAR,SÃO PAULO,05403-010,"2929 - CENTRAL EQUIPAMENTO MÉDICO - CIEQ 09 PAMB ",,"3.325,00",,"24.445,00",,27/12/2016,,,,,81447959030,,PRÓPRIO,ATIVO,,,DE SERVIÇO: MULT MED EQUIPAMENTOS HOSPITALARES LTDA ATÉ: 21/12/2021 NA OS: 2107958,c4a64dee-7360-4805-862d-3a6290c69ae1,,,,,,,,,,,,,,,,,,,,,,,CEIC,available,EUMI0270,MR850,UMIDIFICADOR
EUMI0271,141124227184,,UMIDIFICADOR,MR850,FISHER & PAYKEL,NÃO CRÍTICO,BAIXA,HOSPITAL DAS CLÍNICAS,INSTITUTO CENTRAL - ICHC,IC - CENTRAL DE EQUIPAMENTOS DO INSTITUTO CENTRAL - 6º EE," AVENIDA DOUTOR ENÉAS DE CARVALHO AGUIAR 255, CERQUEIRA CÉSAR, SÃO PAULO-SP",SP,CERQUEIRA CÉSAR,SÃO PAULO,05403-010,"2929 - CENTRAL EQUIPAMENTO MÉDICO - CIEQ 09 PAMB ",,"3.325,00",,"24.445,00",,27/12/2016,,,,,81447959030,,PRÓPRIO,ATIVO,,,,3aca1ac3-b645-4114-a2eb-1a3aeec4e802,,,,,,,,,,,,,,,,,,,,,,,CEIC,available,EUMI0271,MR850,UMIDIFICADOR
EUMI0272,141124227179,,UMIDIFICADOR,MR850,FISHER & PAYKEL,NÃO CRÍTICO,BAIXA,HOSPITAL DAS CLÍNICAS,INSTITUTO CENTRAL - ICHC,IC - CENTRAL DE EQUIPAMENTOS DO INSTITUTO CENTRAL - 6º EE," AVENIDA DOUTOR ENÉAS DE CARVALHO AGUIAR 255, CERQUEIRA CÉSAR, SÃO PAULO-SP",SP,CERQUEIRA CÉSAR,SÃO PAULO,05403-010,"2929 - CENTRAL EQUIPAMENTO MÉDICO - CIEQ 09 PAMB ",,"3.325,00",,"24.445,00",,27/12/2016,,,,,81447959030,,PRÓPRIO,ATIVO,,,DE SERVIÇO: MULT MED EQUIPAMENTOS HOSPITALARES LTDA ATÉ: 21/12/2021 NA OS: 2105645,5b05f372-d54f-4e10-800f-71f7f05847d1,,,,,,,,,,,,,,,,,,,,,,,CEIC,available,EUMI0272,MR850,UMIDIFICADOR
EUMI0273,1411120226755,,UMIDIFICADOR,MR850,FISHER & PAYKEL,NÃO CRÍTICO,BAIXA,HOSPITAL DAS CLÍNICAS,INSTITUTO CENTRAL - ICHC,IC - CENTRAL DE EQUIPAMENTOS DO INSTITUTO CENTRAL - 6º EE," AVENIDA DOUTOR ENÉAS DE CARVALHO AGUIAR 255, CERQUEIRA CÉSAR, SÃO PAULO-SP",SP,CERQUEIRA CÉSAR,SÃO PAULO,05403-010,"2929 - CENTRAL EQUIPAMENTO MÉDICO - CIEQ 09 PAMB ",,"3.325,00",,"24.445,00",,27/12/2016,,,,,81447959030,,PRÓPRIO,ATIVO,,,,2580d501-7c80-4119-ad54-38599fa2a4bf,,,,,,,,,,,,,,,,,,,,,,,CEIC,available,EUMI0273,MR850,UMIDIFICADOR
EUMI0274,141124227178,,UMIDIFICADOR,MR850,FISHER & PAYKEL,NÃO CRÍTICO,BAIXA,HOSPITAL DAS CLÍNICAS,INSTITUTO CENTRAL - ICHC,IC - CENTRAL DE EQUIPAMENTOS DO INSTITUTO CENTRAL - 6º EE," AVENIDA DOUTOR ENÉAS DE CARVALHO AGUIAR 255, CERQUEIRA CÉSAR, SÃO PAULO-SP",SP,CERQUEIRA CÉSAR,SÃO PAULO,05403-010,"2929 - CENTRAL EQUIPAMENTO MÉDICO - CIEQ 09 PAMB ",,"3.325,00",,"24.445,00",,27/12/2016,,,,,81447959030,,PRÓPRIO,ATIVO,,,DE SERVIÇO: MULT MED EQUIPAMENTOS HOSPITALARES LTDA ATÉ: 29/07/2022 NA OS: 2204291,04ff6469-8218-4104-8ee8-62c704a8a511,,,,,,,,,,,,,,,,,,,,,,,CEIC,available,EUMI0274,MR850,UMIDIFICADOR
EUMI0275,141120226748,,UMIDIFICADOR,MR850,FISHER & PAYKEL,NÃO CRÍTICO,BAIXA,HOSPITAL DAS CLÍNICAS,INSTITUTO CENTRAL - ICHC,IC - CENTRAL DE EQUIPAMENTOS DO INSTITUTO CENTRAL - 6º EE," AVENIDA DOUTOR ENÉAS DE CARVALHO AGUIAR 255, CERQUEIRA CÉSAR, SÃO PAULO-SP",SP,CERQUEIRA CÉSAR,SÃO PAULO,05403-010,"2929 - CENTRAL EQUIPAMENTO MÉDICO - CIEQ 09 PAMB ",,"3.325,00",,"24.445,00",,27/12/2016,,,,,81447959030,,PRÓPRIO,ATIVO,,,,083ce0c0-d22f-49f7-929c-4890e42b3bcd,,,,,,,,,,,,,,,,,,,,,,,CEIC,available,EUMI0275,MR850,UMIDIFICADOR
EUMI0276,141124227183,,UMIDIFICADOR,MR850,FISHER & PAYKEL,NÃO CRÍTICO,BAIXA,HOSPITAL DAS CLÍNICAS,INSTITUTO CENTRAL - ICHC,IC - CENTRAL DE EQUIPAMENTOS DO INSTITUTO CENTRAL - 6º EE," AVENIDA DOUTOR ENÉAS DE CARVALHO AGUIAR 255, CERQUEIRA CÉSAR, SÃO PAULO-SP",SP,CERQUEIRA CÉSAR,SÃO PAULO,05403-010,"2929 - CENTRAL EQUIPAMENTO MÉDICO - CIEQ 09 PAMB ",,"3.325,00",,"24.445,00",,27/12/2016,,,,,81447959030,,PRÓPRIO,ATIVO,,,DE SERVIÇO: MULT MED EQUIPAMENTOS HOSPITALARES LTDA ATÉ: 21/12/2021 NA OS: 2107907,1e2649fe-ead6-4024-a377-4fd14e9fdfef,,,,,,,,,,,,,,,,,,,,,,,CEIC,available,EUMI0276,MR850,UMIDIFICADOR
EUMI0278,141202227956,,UMIDIFICADOR,MR850,FISHER & PAYKEL,NÃO CRÍTICO,BAIXA,HOSPITAL DAS CLÍNICAS,INSTITUTO CENTRAL - ICHC,IC - CENTRAL DE EQUIPAMENTOS DO INSTITUTO CENTRAL - 6º EE," AVENIDA DOUTOR ENÉAS DE CARVALHO AGUIAR 255, CERQUEIRA CÉSAR, SÃO PAULO-SP",SP,CERQUEIRA CÉSAR,SÃO PAULO,05403-010,"2929 - CENTRAL EQUIPAMENTO MÉDICO - CIEQ 09 PAMB ",,"3.325,00",,"24.445,00",,27/12/2016,,,,,81447959030,,PRÓPRIO,ATIVO,,,,8985c8db-8535-45e7-a2f0-d247557e9def,,,,,,,,,,,,,,,,,,,,,,,CEIC,available,EUMI0278,MR850,UMIDIFICADOR
EUMI0389,131106198150,MM001819,UMIDIFICADOR,MR850,FISHER & PAYKEL,NÃO CRÍTICO,BAIXA,HOSPITAL DAS CLÍNICAS,INSTITUTO CENTRAL - ICHC,IC - CENTRAL DE EQUIPAMENTOS DO INSTITUTO CENTRAL - 6º EE," AVENIDA DOUTOR ENÉAS DE CARVALHO AGUIAR 255, CERQUEIRA CÉSAR, SÃO PAULO-SP",SP,CERQUEIRA CÉSAR,SÃO PAULO,05403-010,"2929 - CENTRAL EQUIPAMENTO MÉDICO - CIEQ 09 PAMB ",,"3.325,00",,"0,00",,01/06/2019,,,,,81447959030,,COMODATO - MULTMED,ATIVO,MULT MED EQUIPAMENTOS HOSPITALARES LTDA,,,07cbe09e-aef6-4716-b7c1-c67a536d39e6,,,,,,,,,,,,,,,,,,,,,,,CEIC,available,EUMI0389,MR850,UMIDIFICADOR
EUMI0391,131111198632,MM001818,UMIDIFICADOR,MR850,FISHER & PAYKEL,NÃO CRÍTICO,BAIXA,HOSPITAL DAS CLÍNICAS,INSTITUTO CENTRAL - ICHC,IC - CENTRAL DE EQUIPAMENTOS DO INSTITUTO CENTRAL - 6º EE," AVENIDA DOUTOR ENÉAS DE CARVALHO AGUIAR 255, CERQUEIRA CÉSAR, SÃO PAULO-SP",SP,CERQUEIRA CÉSAR,SÃO PAULO,05403-010,"2929 - CENTRAL EQUIPAMENTO MÉDICO - CIEQ 09 PAMB ",,"3.325,00",,"0,00",,01/06/2019,,,,,81447959030,,COMODATO - MULTMED,ATIVO,,,,68d7ceb9-9afb-46da-a405-c7edfd9cd4d9,,,,,,,,,,,,,,,,,,,,,,,CEIC,available,EUMI0391,MR850,UMIDIFICADOR
EUMI0393,HU12180271,,UMIDIFICADOR,GT5000,GLOBAL TEC,NÃO CRÍTICO,BAIXA,HOSPITAL DAS CLÍNICAS,INSTITUTO CENTRAL - ICHC,IC - CENTRAL DE EQUIPAMENTOS DO INSTITUTO CENTRAL - 6º EE," AVENIDA DOUTOR ENÉAS DE CARVALHO AGUIAR 255, CERQUEIRA CÉSAR, SÃO PAULO-SP",SP,CERQUEIRA CÉSAR,SÃO PAULO,05403-010,"2929 - CENTRAL EQUIPAMENTO MÉDICO - CIEQ 09 PAMB ",,"1.148,41",8297,"1.148,41",,26/02/2019,,26/02/2020,,,80389130032,,PRÓPRIO,ATIVO,OXYSYSTEM  EQUIPAMENTOS MÉDICOS LTDA ME,,,e2277309-e4ee-4394-87fb-ab48eab594bf,,,,,,,,,,,,,,,,,,,,,,,CEIC,available,EUMI0393,GT5000,UMIDIFICADOR
EUMI0394,HU12180256,,UMIDIFICADOR,GT5000,GLOBAL TEC,NÃO CRÍTICO,BAIXA,HOSPITAL DAS CLÍNICAS,INSTITUTO CENTRAL - ICHC,IC - CENTRAL DE EQUIPAMENTOS DO INSTITUTO CENTRAL - 6º EE," AVENIDA DOUTOR ENÉAS DE CARVALHO AGUIAR 255, CERQUEIRA CÉSAR, SÃO PAULO-SP",SP,CERQUEIRA CÉSAR,SÃO PAULO,05403-010,"2929 - CENTRAL EQUIPAMENTO MÉDICO - CIEQ 09 PAMB ",,"1.148,41",8297,"1.148,41",,26/02/2019,,26/02/2020,,,80389130032,,PRÓPRIO,ATIVO,OXYSYSTEM  EQUIPAMENTOS MÉDICOS LTDA ME,,,fffa6309-cb81-4585-9398-b4e42cac9d4d,,,,,,,,,,,,,,,,,,,,,,,CEIC,available,EUMI0394,GT5000,UMIDIFICADOR
EUMI0395,HU12180260,,UMIDIFICADOR,GT5000,GLOBAL TEC,NÃO CRÍTICO,BAIXA,HOSPITAL DAS CLÍNICAS,INSTITUTO CENTRAL - ICHC,IC - CENTRAL DE EQUIPAMENTOS DO INSTITUTO CENTRAL - 6º EE," AVENIDA DOUTOR ENÉAS DE CARVALHO AGUIAR 255, CERQUEIRA CÉSAR, SÃO PAULO-SP",SP,CERQUEIRA CÉSAR,SÃO PAULO,05403-010,"2929 - CENTRAL EQUIPAMENTO MÉDICO - CIEQ 09 PAMB ",,"1.148,41",8297,"1.148,41",,26/02/2019,,26/02/2020,,,80389130032,,PRÓPRIO,ATIVO,OXYSYSTEM  EQUIPAMENTOS MÉDICOS LTDA ME,,,de1bdf9a-23e7-411c-93ce-22e36470559e,,,,,,,,,,,,,,,,,,,,,,,CEIC,available,EUMI0395,GT5000,UMIDIFICADOR
EUMI0396,HU12180264,,UMIDIFICADOR,GT5000,GLOBAL TEC,NÃO CRÍTICO,BAIXA,HOSPITAL DAS CLÍNICAS,INSTITUTO CENTRAL - ICHC,IC - CENTRAL DE EQUIPAMENTOS DO INSTITUTO CENTRAL - 6º EE," AVENIDA DOUTOR ENÉAS DE CARVALHO AGUIAR 255, CERQUEIRA CÉSAR, SÃO PAULO-SP",SP,CERQUEIRA CÉSAR,SÃO PAULO,05403-010,"2929 - CENTRAL EQUIPAMENTO MÉDICO - CIEQ 09 PAMB ",,"1.148,41",8297,"1.148,41",,26/02/2019,,26/02/2020,,,80389130032,,PRÓPRIO,ATIVO,OXYSYSTEM  EQUIPAMENTOS MÉDICOS LTDA ME,,,4cf383f7-694a-4439-b949-80ea4ef28ef5,,,,,,,,,,,,,,,,,,,,,,,CEIC,available,EUMI0396,GT5000,UMIDIFICADOR
EUMI0398,HU12180278,,UMIDIFICADOR,GT5000,GLOBAL TEC,NÃO CRÍTICO,BAIXA,HOSPITAL DAS CLÍNICAS,INSTITUTO CENTRAL - ICHC,IC - CENTRAL DE EQUIPAMENTOS DO INSTITUTO CENTRAL - 6º EE," AVENIDA DOUTOR ENÉAS DE CARVALHO AGUIAR 255, CERQUEIRA CÉSAR, SÃO PAULO-SP",SP,CERQUEIRA CÉSAR,SÃO PAULO,05403-010,"2929 - CENTRAL EQUIPAMENTO MÉDICO - CIEQ 09 PAMB ",,"1.148,41",8297,"1.148,41",,26/02/2019,,26/02/2020,,,80389130032,,PRÓPRIO,ATIVO,OXYSYSTEM  EQUIPAMENTOS MÉDICOS LTDA ME,,,c8b3e6b8-cdfa-43a9-b15b-6df7477ff16f,,,,,,,,,,,,,,,,,,,,,,,CEIC,available,EUMI0398,GT5000,UMIDIFICADOR
EUMI0399,HU12180280,,UMIDIFICADOR,GT5000,GLOBAL TEC,NÃO CRÍTICO,BAIXA,HOSPITAL DAS CLÍNICAS,INSTITUTO CENTRAL - ICHC,IC - CENTRAL DE EQUIPAMENTOS DO INSTITUTO CENTRAL - 6º EE," AVENIDA DOUTOR ENÉAS DE CARVALHO AGUIAR 255, CERQUEIRA CÉSAR, SÃO PAULO-SP",SP,CERQUEIRA CÉSAR,SÃO PAULO,05403-010,"2929 - CENTRAL EQUIPAMENTO MÉDICO - CIEQ 09 PAMB ",,"1.148,41",8297,"1.148,41",,26/02/2019,,26/02/2020,,,80389130032,,PRÓPRIO,ATIVO,OXYSYSTEM  EQUIPAMENTOS MÉDICOS LTDA ME,,,62be1979-373a-43f9-bdb0-e34f6e42d189,,,,,,,,,,,,,,,,,,,,,,,CEIC,available,EUMI0399,GT5000,UMIDIFICADOR
EUMI0400,HU12180269,,UMIDIFICADOR,GT5000,GLOBAL TEC,NÃO CRÍTICO,BAIXA,HOSPITAL DAS CLÍNICAS,INSTITUTO CENTRAL - ICHC,IC - CENTRAL DE EQUIPAMENTOS DO INSTITUTO CENTRAL - 6º EE," AVENIDA DOUTOR ENÉAS DE CARVALHO AGUIAR 255, CERQUEIRA CÉSAR, SÃO PAULO-SP",SP,CERQUEIRA CÉSAR,SÃO PAULO,05403-010,"2929 - CENTRAL EQUIPAMENTO MÉDICO - CIEQ 09 PAMB ",,"1.148,41",8297,"1.148,41",,26/02/2019,,26/02/2020,,,80389130032,,PRÓPRIO,ATIVO,OXYSYSTEM  EQUIPAMENTOS MÉDICOS LTDA ME,,,f0dcba51-ad33-4de9-a905-c5c7c104871b,,,,,,,,,,,,,,,,,,,,,,,CEIC,available,EUMI0400,GT5000,UMIDIFICADOR
EUMI0401,HU12180258,,UMIDIFICADOR,GT5000,GLOBAL TEC,NÃO CRÍTICO,BAIXA,HOSPITAL DAS CLÍNICAS,INSTITUTO CENTRAL - ICHC,IC - CENTRAL DE EQUIPAMENTOS DO INSTITUTO CENTRAL - 6º EE," AVENIDA DOUTOR ENÉAS DE CARVALHO AGUIAR 255, CERQUEIRA CÉSAR, SÃO PAULO-SP",SP,CERQUEIRA CÉSAR,SÃO PAULO,05403-010,"2929 - CENTRAL EQUIPAMENTO MÉDICO - CIEQ 09 PAMB ",,"1.148,41",8297,"1.148,41",,26/02/2019,,26/02/2020,,,80389130032,,PRÓPRIO,ATIVO,OXYSYSTEM  EQUIPAMENTOS MÉDICOS LTDA ME,,,33395c2f-8063-4730-ad49-fc5612b0226f,,,,,,,,,,,,,,,,,,,,,,,CEIC,available,EUMI0401,GT5000,UMIDIFICADOR
EUMI0402,HU12180274,,UMIDIFICADOR,GT5000,GLOBAL TEC,NÃO CRÍTICO,BAIXA,HOSPITAL DAS CLÍNICAS,INSTITUTO CENTRAL - ICHC,IC - CENTRAL DE EQUIPAMENTOS DO INSTITUTO CENTRAL - 6º EE," AVENIDA DOUTOR ENÉAS DE CARVALHO AGUIAR 255, CERQUEIRA CÉSAR, SÃO PAULO-SP",SP,CERQUEIRA CÉSAR,SÃO PAULO,05403-010,"2929 - CENTRAL EQUIPAMENTO MÉDICO - CIEQ 09 PAMB ",,"1.148,41",8297,"1.148,41",,26/02/2019,,26/02/2020,,,80389130032,,PRÓPRIO,ATIVO,OXYSYSTEM  EQUIPAMENTOS MÉDICOS LTDA ME,,,d71e98b7-c8b8-43c4-aa12-65d9ba446a0d,,,,,,,,,,,,,,,,,,,,,,,CEIC,available,EUMI0402,GT5000,UMIDIFICADOR
EUMI0403,HU12180277,,UMIDIFICADOR,GT5000,GLOBAL TEC,NÃO CRÍTICO,BAIXA,HOSPITAL DAS CLÍNICAS,INSTITUTO CENTRAL - ICHC,IC - CENTRAL DE EQUIPAMENTOS DO INSTITUTO CENTRAL - 6º EE," AVENIDA DOUTOR ENÉAS DE CARVALHO AGUIAR 255, CERQUEIRA CÉSAR, SÃO PAULO-SP",SP,CERQUEIRA CÉSAR,SÃO PAULO,05403-010,"2929 - CENTRAL EQUIPAMENTO MÉDICO - CIEQ 09 PAMB ",,"1.148,41",8297,"1.148,41",,26/02/2019,,26/02/2020,,,80389130032,,PRÓPRIO,ATIVO,OXYSYSTEM  EQUIPAMENTOS MÉDICOS LTDA ME,,,c9825f25-ab39-4e10-b46c-2de3c3a0f85c,,,,,,,,,,,,,,,,,,,,,,,CEIC,available,EUMI0403,GT5000,UMIDIFICADOR
EUMI0404,HU12180262,,UMIDIFICADOR,GT5000,GLOBAL TEC,NÃO CRÍTICO,BAIXA,HOSPITAL DAS CLÍNICAS,INSTITUTO CENTRAL - ICHC,IC - CENTRAL DE EQUIPAMENTOS DO INSTITUTO CENTRAL - 6º EE," AVENIDA DOUTOR ENÉAS DE CARVALHO AGUIAR 255, CERQUEIRA CÉSAR, SÃO PAULO-SP",SP,CERQUEIRA CÉSAR,SÃO PAULO,05403-010,"2929 - CENTRAL EQUIPAMENTO MÉDICO - CIEQ 09 PAMB ",,"1.148,41",8297,"1.148,41",,26/02/2019,,26/02/2020,,,80389130032,,PRÓPRIO,ATIVO,OXYSYSTEM  EQUIPAMENTOS MÉDICOS LTDA ME,,,884869f1-795a-4208-883d-59096b2f9d21,,,,,,,,,,,,,,,,,,,,,,,CEIC,available,EUMI0404,GT5000,UMIDIFICADOR
EUMI0419,181003367624,MM002617,UMIDIFICADOR,MR850,FISHER & PAYKEL,NÃO CRÍTICO,BAIXA,HOSPITAL DAS CLÍNICAS,INSTITUTO CENTRAL - ICHC,IC - CENTRAL DE EQUIPAMENTOS DO INSTITUTO CENTRAL - 6º EE," AVENIDA DOUTOR ENÉAS DE CARVALHO AGUIAR 255, CERQUEIRA CÉSAR, SÃO PAULO-SP",SP,CERQUEIRA CÉSAR,SÃO PAULO,05403-010,"2929 - CENTRAL EQUIPAMENTO MÉDICO - CIEQ 09 PAMB ",,"3.325,00",,"0,00",,07/07/2020,,,,,81447959030,,COMODATO - MULTMED,ATIVO,MULT MED EQUIPAMENTOS HOSPITALARES LTDA,,,acf3513b-90f6-4ce8-a244-1efda05fd9a7,,,,,,,,,,,,,,,,,,,,,,,CEIC,available,EUMI0419,MR850,UMIDIFICADOR
EUMI0422,131112198865,MM002224,UMIDIFICADOR,MR850,FISHER & PAYKEL,NÃO CRÍTICO,BAIXA,HOSPITAL DAS CLÍNICAS,INSTITUTO CENTRAL - ICHC,IC - CENTRAL DE EQUIPAMENTOS DO INSTITUTO CENTRAL - 6º EE," AVENIDA DOUTOR ENÉAS DE CARVALHO AGUIAR 255, CERQUEIRA CÉSAR, SÃO PAULO-SP",SP,CERQUEIRA CÉSAR,SÃO PAULO,05403-010,"2929 - CENTRAL EQUIPAMENTO MÉDICO - CIEQ 09 PAMB ",,"3.325,00",,"0,00",,07/07/2020,,,,,81447959030,,COMODATO - MULTMED,ATIVO,MULT MED EQUIPAMENTOS HOSPITALARES LTDA,,,4ae8e486-5111-4bba-abce-75043902419f,,,,,,,,,,,,,,,,,,,,,,,CEIC,available,EUMI0422,MR850,UMIDIFICADOR
EUMI0423,131112198881,MM002294,UMIDIFICADOR,MR850,FISHER & PAYKEL,NÃO CRÍTICO,BAIXA,HOSPITAL DAS CLÍNICAS,INSTITUTO CENTRAL - ICHC,IC - CENTRAL DE EQUIPAMENTOS DO INSTITUTO CENTRAL - 6º EE," AVENIDA DOUTOR ENÉAS DE CARVALHO AGUIAR 255, CERQUEIRA CÉSAR, SÃO PAULO-SP",SP,CERQUEIRA CÉSAR,SÃO PAULO,05403-010,"2929 - CENTRAL EQUIPAMENTO MÉDICO - CIEQ 09 PAMB ",,"3.325,00",,"0,00",,18/05/2020,,,,,81447959030,,COMODATO - MULTMED,ATIVO,MULT MED EQUIPAMENTOS HOSPITALARES LTDA,,,e287da5e-ef7b-43ae-9314-b019f2b25e61,,,,,,,,,,,,,,,,,,,,,,,CEIC,available,EUMI0423,MR850,UMIDIFICADOR
EUMI0427,HU05200087,,UMIDIFICADOR,GT5000,GLOBAL TEC,NÃO CRÍTICO,BAIXA,HOSPITAL DAS CLÍNICAS,INSTITUTO CENTRAL - ICHC,IC - CENTRAL DE EQUIPAMENTOS DO INSTITUTO CENTRAL - 6º EE," AVENIDA DOUTOR ENÉAS DE CARVALHO AGUIAR 255, CERQUEIRA CÉSAR, SÃO PAULO-SP",SP,CERQUEIRA CÉSAR,SÃO PAULO,05403-010,"2929 - CENTRAL EQUIPAMENTO MÉDICO - CIEQ 09 PAMB ",25/05/2020,"1.148,41",,"1.148,41",01/01/2020,25/05/2020,,25/05/2021,,,80389130032,,PRÓPRIO,ATIVO,MAGNAMED TECNOLOGIA MÉDICA S.A.,,,4b8fb9e6-e025-4c5a-8f22-74132f52da9b,,,,,,,,,,,,,,,,,,,,,,,CEIC,available,EUMI0427,GT5000,UMIDIFICADOR
EUMI0429,HU05200111,,UMIDIFICADOR,GT5000,GLOBAL TEC,NÃO CRÍTICO,BAIXA,HOSPITAL DAS CLÍNICAS,INSTITUTO CENTRAL - ICHC,IC - CENTRAL DE EQUIPAMENTOS DO INSTITUTO CENTRAL - 6º EE," AVENIDA DOUTOR ENÉAS DE CARVALHO AGUIAR 255, CERQUEIRA CÉSAR, SÃO PAULO-SP",SP,CERQUEIRA CÉSAR,SÃO PAULO,05403-010,"2929 - CENTRAL EQUIPAMENTO MÉDICO - CIEQ 09 PAMB ",25/05/2020,"1.148,41",,"1.148,41",01/01/2020,25/05/2020,,25/05/2021,,,80389130032,,PRÓPRIO,ATIVO,MAGNAMED TECNOLOGIA MÉDICA S.A.,,,a9e34834-b902-4be7-a58c-55cab353dbbb,,,,,,,,,,,,,,,,,,,,,,,CEIC,available,EUMI0429,GT5000,UMIDIFICADOR
EUMI0430,HU05200108,,UMIDIFICADOR,GT5000,GLOBAL TEC,NÃO CRÍTICO,BAIXA,HOSPITAL DAS CLÍNICAS,INSTITUTO CENTRAL - ICHC,IC - CENTRAL DE EQUIPAMENTOS DO INSTITUTO CENTRAL - 6º EE," AVENIDA DOUTOR ENÉAS DE CARVALHO AGUIAR 255, CERQUEIRA CÉSAR, SÃO PAULO-SP",SP,CERQUEIRA CÉSAR,SÃO PAULO,05403-010,"2929 - CENTRAL EQUIPAMENTO MÉDICO - CIEQ 09 PAMB ",25/05/2020,"1.148,41",,"1.148,41",01/01/2020,25/05/2020,,25/05/2021,,,80389130032,,PRÓPRIO,ATIVO,MAGNAMED TECNOLOGIA MÉDICA S.A.,,,63f6154a-b743-49b8-8881-9eafb01f5b98,,,,,,,,,,,,,,,,,,,,,,,CEIC,available,EUMI0430,GT5000,UMIDIFICADOR
EUMI0431,HU05200103,,UMIDIFICADOR,GT5000,GLOBAL TEC,NÃO CRÍTICO,BAIXA,HOSPITAL DAS CLÍNICAS,INSTITUTO CENTRAL - ICHC,IC - CENTRAL DE EQUIPAMENTOS DO INSTITUTO CENTRAL - 6º EE," AVENIDA DOUTOR ENÉAS DE CARVALHO AGUIAR 255, CERQUEIRA CÉSAR, SÃO PAULO-SP",SP,CERQUEIRA CÉSAR,SÃO PAULO,05403-010,"2929 - CENTRAL EQUIPAMENTO MÉDICO - CIEQ 09 PAMB ",25/05/2020,"1.148,41",,"1.148,41",01/01/2020,25/05/2020,,25/05/2021,,,80389130032,,PRÓPRIO,ATIVO,MAGNAMED TECNOLOGIA MÉDICA S.A.,,,48603404-c9b6-4d07-a358-f9955a0be8e1,,,,,,,,,,,,,,,,,,,,,,,CEIC,available,EUMI0431,GT5000,UMIDIFICADOR
EUMI0434,HU05200017,,UMIDIFICADOR,GT5000,GLOBAL TEC,NÃO CRÍTICO,BAIXA,HOSPITAL DAS CLÍNICAS,INSTITUTO CENTRAL - ICHC,IC - CENTRAL DE EQUIPAMENTOS DO INSTITUTO CENTRAL - 6º EE," AVENIDA DOUTOR ENÉAS DE CARVALHO AGUIAR 255, CERQUEIRA CÉSAR, SÃO PAULO-SP",SP,CERQUEIRA CÉSAR,SÃO PAULO,05403-010,"2929 - CENTRAL EQUIPAMENTO MÉDICO - CIEQ 09 PAMB ",25/05/2020,"1.148,41",,"1.148,41",01/01/2020,25/05/2020,,25/05/2021,,,80389130032,,PRÓPRIO,ATIVO,MAGNAMED TECNOLOGIA MÉDICA S.A.,,,5e9e4212-6080-4e2a-b780-0cc30da36c98,,,,,,,,,,,,,,,,,,,,,,,CEIC,available,EUMI0434,GT5000,UMIDIFICADOR
EUMI0439,HU05200099,,UMIDIFICADOR,GT5000,GLOBAL TEC,NÃO CRÍTICO,BAIXA,HOSPITAL DAS CLÍNICAS,INSTITUTO CENTRAL - ICHC,IC - CENTRAL DE EQUIPAMENTOS DO INSTITUTO CENTRAL - 6º EE," AVENIDA DOUTOR ENÉAS DE CARVALHO AGUIAR 255, CERQUEIRA CÉSAR, SÃO PAULO-SP",SP,CERQUEIRA CÉSAR,SÃO PAULO,05403-010,"2929 - CENTRAL EQUIPAMENTO MÉDICO - CIEQ 09 PAMB ",25/05/2020,"1.148,41",,"1.148,41",01/01/2020,25/05/2020,,25/05/2021,,,80389130032,,PRÓPRIO,ATIVO,MAGNAMED TECNOLOGIA MÉDICA S.A.,,,db443ca4-784c-4721-b3b0-eae10dd3d6e3,,,,,,,,,,,,,,,,,,,,,,,CEIC,available,EUMI0439,GT5000,UMIDIFICADOR
EUMI0444,131112198892,MM002443,UMIDIFICADOR,MR850,FISHER & PAYKEL,NÃO CRÍTICO,BAIXA,HOSPITAL DAS CLÍNICAS,INSTITUTO CENTRAL - ICHC,IC - CENTRAL DE EQUIPAMENTOS DO INSTITUTO CENTRAL - 6º EE," AVENIDA DOUTOR ENÉAS DE CARVALHO AGUIAR 255, CERQUEIRA CÉSAR, SÃO PAULO-SP",SP,CERQUEIRA CÉSAR,SÃO PAULO,05403-010,"2929 - CENTRAL EQUIPAMENTO MÉDICO - CIEQ 09 PAMB ",,"3.325,00",,"0,00",,04/06/2020,,,,,81447959030,,COMODATO - MULTMED,ATIVO,MULT MED EQUIPAMENTOS HOSPITALARES LTDA,,,b87a32a9-80db-46e8-a72d-48a9eff41f49,,,,,,,,,,,,,,,,,,,,,,,CEIC,available,EUMI0444,MR850,UMIDIFICADOR
EUMI0447,HU12150011,,UMIDIFICADOR,GT5000,GLOBAL TEC,NÃO CRÍTICO,BAIXA,HOSPITAL DAS CLÍNICAS,INSTITUTO CENTRAL - ICHC,IC - CENTRAL DE EQUIPAMENTOS DO INSTITUTO CENTRAL - 6º EE," AVENIDA DOUTOR ENÉAS DE CARVALHO AGUIAR 255, CERQUEIRA CÉSAR, SÃO PAULO-SP",SP,CERQUEIRA CÉSAR,SÃO PAULO,05403-010,"2929 - CENTRAL EQUIPAMENTO MÉDICO - CIEQ 09 PAMB ",,"1.148,41",,"1.148,41",,18/06/2020,,25/05/2021,,,80389130032,,PRÓPRIO,ATIVO,MAGNAMED TECNOLOGIA MÉDICA S.A.,,,845ee4ae-cdf0-4a30-a52c-2935ab22ebaa,,,,,,,,,,,,,,,,,,,,,,,CEIC,available,EUMI0447,GT5000,UMIDIFICADOR
EUMI0450,181026369950,FFM63536,UMIDIFICADOR,MR850,FISHER & PAYKEL,NÃO CRÍTICO,BAIXA,HOSPITAL DAS CLÍNICAS,INSTITUTO CENTRAL - ICHC,IC - CENTRAL DE EQUIPAMENTOS DO INSTITUTO CENTRAL - 6º EE," AVENIDA DOUTOR ENÉAS DE CARVALHO AGUIAR 255, CERQUEIRA CÉSAR, SÃO PAULO-SP",SP,CERQUEIRA CÉSAR,SÃO PAULO,05403-010,"2929 - CENTRAL EQUIPAMENTO MÉDICO - CIEQ 09 PAMB ",26/06/2020,"3.325,00","18292,68","3.325,00",,26/06/2020,,26/06/2021,,,81447959030,,PRÓPRIO,ATIVO,MULT MED EQUIPAMENTOS HOSPITALARES LTDA,,,991695ba-faaa-4d09-9de2-0492149cfe2d,,,,,,,,,,,,,,,,,,,,,,,CEIC,available,EUMI0450,MR850,UMIDIFICADOR
EUMI0451,181026369955,FFM63547,UMIDIFICADOR,MR850,FISHER & PAYKEL,NÃO CRÍTICO,BAIXA,HOSPITAL DAS CLÍNICAS,INSTITUTO CENTRAL - ICHC,IC - CENTRAL DE EQUIPAMENTOS DO INSTITUTO CENTRAL - 6º EE," AVENIDA DOUTOR ENÉAS DE CARVALHO AGUIAR 255, CERQUEIRA CÉSAR, SÃO PAULO-SP",SP,CERQUEIRA CÉSAR,SÃO PAULO,05403-010,"2929 - CENTRAL EQUIPAMENTO MÉDICO - CIEQ 09 PAMB ",26/06/2020,"3.325,00","18292,68","3.325,00",,26/06/2020,,26/06/2021,,,81447959030,,PRÓPRIO,ATIVO,MULT MED EQUIPAMENTOS HOSPITALARES LTDA,,,b38bcc96-31e7-4554-bd6a-da2057fffe92,,,,,,,,,,,,,,,,,,,,,,,CEIC,available,EUMI0451,MR850,UMIDIFICADOR
EUMI0452,181026369956,FFM63548,UMIDIFICADOR,MR850,FISHER & PAYKEL,NÃO CRÍTICO,BAIXA,HOSPITAL DAS CLÍNICAS,INSTITUTO CENTRAL - ICHC,IC - CENTRAL DE EQUIPAMENTOS DO INSTITUTO CENTRAL - 6º EE," AVENIDA DOUTOR ENÉAS DE CARVALHO AGUIAR 255, CERQUEIRA CÉSAR, SÃO PAULO-SP",SP,CERQUEIRA CÉSAR,SÃO PAULO,05403-010,"2929 - CENTRAL EQUIPAMENTO MÉDICO - CIEQ 09 PAMB ",26/06/2020,"3.325,00","18292,68","18.430,53",,26/06/2020,,26/06/2021,,,81447959030,,PRÓPRIO,ATIVO,MULT MED EQUIPAMENTOS HOSPITALARES LTDA,,,178b16d1-f676-4f4d-8b8b-37386e6e0a4f,,,,,,,,,,,,,,,,,,,,,,,CEIC,available,EUMI0452,MR850,UMIDIFICADOR
EUMI0453,200406419839,FFM63549,UMIDIFICADOR,MR850,FISHER & PAYKEL,NÃO CRÍTICO,BAIXA,HOSPITAL DAS CLÍNICAS,INSTITUTO CENTRAL - ICHC,IC - CENTRAL DE EQUIPAMENTOS DO INSTITUTO CENTRAL - 6º EE," AVENIDA DOUTOR ENÉAS DE CARVALHO AGUIAR 255, CERQUEIRA CÉSAR, SÃO PAULO-SP",SP,CERQUEIRA CÉSAR,SÃO PAULO,05403-010,"2929 - CENTRAL EQUIPAMENTO MÉDICO - CIEQ 09 PAMB ",26/06/2020,"3.325,00","18292,68","3.325,00",,26/06/2020,,26/06/2021,,,81447959030,,PRÓPRIO,ATIVO,MULT MED EQUIPAMENTOS HOSPITALARES LTDA,,,066c9194-89c2-4544-942f-4939448b54c0,,,,,,,,,,,,,,,,,,,,,,,CEIC,available,EUMI0453,MR850,UMIDIFICADOR
EUMI0454,200406419838,FFM63542,UMIDIFICADOR,MR850,FISHER & PAYKEL,NÃO CRÍTICO,BAIXA,HOSPITAL DAS CLÍNICAS,INSTITUTO CENTRAL - ICHC,IC - CENTRAL DE EQUIPAMENTOS DO INSTITUTO CENTRAL - 6º EE," AVENIDA DOUTOR ENÉAS DE CARVALHO AGUIAR 255, CERQUEIRA CÉSAR, SÃO PAULO-SP",SP,CERQUEIRA CÉSAR,SÃO PAULO,05403-010,"2929 - CENTRAL EQUIPAMENTO MÉDICO - CIEQ 09 PAMB ",26/06/2020,"3.325,00","18292,68","24.445,00",,26/06/2020,,26/06/2021,,,81447959030,,PRÓPRIO,ATIVO,MULT MED EQUIPAMENTOS HOSPITALARES LTDA,,DE SERVIÇO: MULT MED EQUIPAMENTOS HOSPITALARES LTDA ATÉ: 26/08/2021 NA OS: 2111609,7ec29e52-c628-4063-b895-17ac8937b893,,,,,,,,,,,,,,,,,,,,,,,CEIC,available,EUMI0454,MR850,UMIDIFICADOR
EUMI0455,200406419840,FFM63535,UMIDIFICADOR,MR850,FISHER & PAYKEL,NÃO CRÍTICO,BAIXA,HOSPITAL DAS CLÍNICAS,INSTITUTO CENTRAL - ICHC,IC - CENTRAL DE EQUIPAMENTOS DO INSTITUTO CENTRAL - 6º EE," AVENIDA DOUTOR ENÉAS DE CARVALHO AGUIAR 255, CERQUEIRA CÉSAR, SÃO PAULO-SP",SP,CERQUEIRA CÉSAR,SÃO PAULO,05403-010,"2929 - CENTRAL EQUIPAMENTO MÉDICO - CIEQ 09 PAMB ",26/06/2020,"3.325,00","18292,68","3.325,00",,26/06/2020,,26/06/2021,,,81447959030,,PRÓPRIO,ATIVO,MULT MED EQUIPAMENTOS HOSPITALARES LTDA,,,925c0ebc-ab44-4989-a80a-fd5dffe10451,,,,,,,,,,,,,,,,,,,,,,,CEIC,available,EUMI0455,MR850,UMIDIFICADOR
EUMI0456,200406419837,FFM63550,UMIDIFICADOR,MR850,FISHER & PAYKEL,NÃO CRÍTICO,BAIXA,HOSPITAL DAS CLÍNICAS,INSTITUTO CENTRAL - ICHC,IC - CENTRAL DE EQUIPAMENTOS DO INSTITUTO CENTRAL - 6º EE," AVENIDA DOUTOR ENÉAS DE CARVALHO AGUIAR 255, CERQUEIRA CÉSAR, SÃO PAULO-SP",SP,CERQUEIRA CÉSAR,SÃO PAULO,05403-010,"2929 - CENTRAL EQUIPAMENTO MÉDICO - CIEQ 09 PAMB ",26/06/2020,"3.325,00","18292,68","3.325,00",,26/06/2020,,26/06/2021,,,81447959030,,PRÓPRIO,ATIVO,MULT MED EQUIPAMENTOS HOSPITALARES LTDA,,,8e71be7b-1894-4dc6-ba96-1a0edaee7f9c,,,,,,,,,,,,,,,,,,,,,,,CEIC,available,EUMI0456,MR850,UMIDIFICADOR
EUMI0457,181026369949,FFM63552,UMIDIFICADOR,MR850,FISHER & PAYKEL,NÃO CRÍTICO,BAIXA,HOSPITAL DAS CLÍNICAS,INSTITUTO CENTRAL - ICHC,IC - CENTRAL DE EQUIPAMENTOS DO INSTITUTO CENTRAL - 6º EE," AVENIDA DOUTOR ENÉAS DE CARVALHO AGUIAR 255, CERQUEIRA CÉSAR, SÃO PAULO-SP",SP,CERQUEIRA CÉSAR,SÃO PAULO,05403-010,"2929 - CENTRAL EQUIPAMENTO MÉDICO - CIEQ 09 PAMB ",26/06/2020,"3.325,00","18292,68","3.325,00",,26/06/2020,,26/06/2021,,,81447959030,,PRÓPRIO,ATIVO,MULT MED EQUIPAMENTOS HOSPITALARES LTDA,,,a416b768-95a2-45ab-9c8e-1cc9b708fb07,,,,,,,,,,,,,,,,,,,,,,,CEIC,available,EUMI0457,MR850,UMIDIFICADOR
EUMI0458,200406419857,FFM63534,UMIDIFICADOR,MR850,FISHER & PAYKEL,NÃO CRÍTICO,BAIXA,HOSPITAL DAS CLÍNICAS,INSTITUTO CENTRAL - ICHC,IC - CENTRAL DE EQUIPAMENTOS DO INSTITUTO CENTRAL - 6º EE," AVENIDA DOUTOR ENÉAS DE CARVALHO AGUIAR 255, CERQUEIRA CÉSAR, SÃO PAULO-SP",SP,CERQUEIRA CÉSAR,SÃO PAULO,05403-010,"2929 - CENTRAL EQUIPAMENTO MÉDICO - CIEQ 09 PAMB ",26/06/2020,"3.325,00","18292,68","3.325,00",,26/06/2020,,26/06/2021,,,81447959030,,PRÓPRIO,ATIVO,MULT MED EQUIPAMENTOS HOSPITALARES LTDA,,,12875a60-351e-4e36-af88-540f834357d9,,,,,,,,,,,,,,,,,,,,,,,CEIC,available,EUMI0458,MR850,UMIDIFICADOR
EUMI0459,181026369942,FFM63538,UMIDIFICADOR,MR850,FISHER & PAYKEL,NÃO CRÍTICO,BAIXA,HOSPITAL DAS CLÍNICAS,INSTITUTO CENTRAL - ICHC,IC - CENTRAL DE EQUIPAMENTOS DO INSTITUTO CENTRAL - 6º EE," AVENIDA DOUTOR ENÉAS DE CARVALHO AGUIAR 255, CERQUEIRA CÉSAR, SÃO PAULO-SP",SP,CERQUEIRA CÉSAR,SÃO PAULO,05403-010,"2929 - CENTRAL EQUIPAMENTO MÉDICO - CIEQ 09 PAMB ",26/06/2020,"3.325,00","18292,68","3.325,00",,26/06/2020,,26/06/2021,,,81447959030,,PRÓPRIO,ATIVO,MULT MED EQUIPAMENTOS HOSPITALARES LTDA,,,37f6d86a-6597-4a2c-8fe7-5d6d9cbaee5f,,,,,,,,,,,,,,,,,,,,,,,CEIC,available,EUMI0459,MR850,UMIDIFICADOR
EUMI0460,200406419858,FFM63537,UMIDIFICADOR,MR850,FISHER & PAYKEL,NÃO CRÍTICO,BAIXA,HOSPITAL DAS CLÍNICAS,INSTITUTO CENTRAL - ICHC,IC - CENTRAL DE EQUIPAMENTOS DO INSTITUTO CENTRAL - 6º EE," AVENIDA DOUTOR ENÉAS DE CARVALHO AGUIAR 255, CERQUEIRA CÉSAR, SÃO PAULO-SP",SP,CERQUEIRA CÉSAR,SÃO PAULO,05403-010,"2929 - CENTRAL EQUIPAMENTO MÉDICO - CIEQ 09 PAMB ",26/06/2020,"3.325,00","18292,68","3.325,00",,26/06/2020,,26/06/2021,,,81447959030,,PRÓPRIO,ATIVO,MULT MED EQUIPAMENTOS HOSPITALARES LTDA,,,11a9412f-fc3e-4f48-9616-897178d32012,,,,,,,,,,,,,,,,,,,,,,,CEIC,available,EUMI0460,MR850,UMIDIFICADOR
EUMI0461,181003367626,FFM63546,UMIDIFICADOR,MR850,FISHER & PAYKEL,NÃO CRÍTICO,BAIXA,HOSPITAL DAS CLÍNICAS,INSTITUTO CENTRAL - ICHC,IC - CENTRAL DE EQUIPAMENTOS DO INSTITUTO CENTRAL - 6º EE," AVENIDA DOUTOR ENÉAS DE CARVALHO AGUIAR 255, CERQUEIRA CÉSAR, SÃO PAULO-SP",SP,CERQUEIRA CÉSAR,SÃO PAULO,05403-010,"2929 - CENTRAL EQUIPAMENTO MÉDICO - CIEQ 09 PAMB ",26/06/2020,"3.325,00","18292,68","3.325,00",,26/06/2020,,26/06/2021,,,81447959030,,PRÓPRIO,ATIVO,MULT MED EQUIPAMENTOS HOSPITALARES LTDA,,,5d3c8be4-934d-4dee-b526-5b62c8724a2f,,,,,,,,,,,,,,,,,,,,,,,CEIC,available,EUMI0461,MR850,UMIDIFICADOR
EUMI0462,200406419841,FFM63543,UMIDIFICADOR,MR850,FISHER & PAYKEL,NÃO CRÍTICO,BAIXA,HOSPITAL DAS CLÍNICAS,INSTITUTO CENTRAL - ICHC,IC - CENTRAL DE EQUIPAMENTOS DO INSTITUTO CENTRAL - 6º EE," AVENIDA DOUTOR ENÉAS DE CARVALHO AGUIAR 255, CERQUEIRA CÉSAR, SÃO PAULO-SP",SP,CERQUEIRA CÉSAR,SÃO PAULO,05403-010,"2929 - CENTRAL EQUIPAMENTO MÉDICO - CIEQ 09 PAMB ",26/06/2020,"3.325,00","18292,68","3.325,00",,26/06/2020,,26/06/2021,,,81447959030,,PRÓPRIO,ATIVO,MULT MED EQUIPAMENTOS HOSPITALARES LTDA,,,b8dd8645-5e9e-4a08-99f8-a0780227bbaa,,,,,,,,,,,,,,,,,,,,,,,CEIC,available,EUMI0462,MR850,UMIDIFICADOR
EUMI0463,181026369953,FFM63539,UMIDIFICADOR,MR850,FISHER & PAYKEL,NÃO CRÍTICO,BAIXA,HOSPITAL DAS CLÍNICAS,INSTITUTO CENTRAL - ICHC,IC - CENTRAL DE EQUIPAMENTOS DO INSTITUTO CENTRAL - 6º EE," AVENIDA DOUTOR ENÉAS DE CARVALHO AGUIAR 255, CERQUEIRA CÉSAR, SÃO PAULO-SP",SP,CERQUEIRA CÉSAR,SÃO PAULO,05403-010,"2929 - CENTRAL EQUIPAMENTO MÉDICO - CIEQ 09 PAMB ",26/06/2020,"3.325,00","18292,68","3.325,00",,26/06/2020,,26/06/2021,,,81447959030,,PRÓPRIO,ATIVO,MULT MED EQUIPAMENTOS HOSPITALARES LTDA,,,059d1555-4f32-4369-8e8d-0446b3d7164c,,,,,,,,,,,,,,,,,,,,,,,CEIC,available,EUMI0463,MR850,UMIDIFICADOR
EUMI0464,181026369954,FFM63544,UMIDIFICADOR,MR850,FISHER & PAYKEL,NÃO CRÍTICO,BAIXA,HOSPITAL DAS CLÍNICAS,INSTITUTO CENTRAL - ICHC,IC - CENTRAL DE EQUIPAMENTOS DO INSTITUTO CENTRAL - 6º EE," AVENIDA DOUTOR ENÉAS DE CARVALHO AGUIAR 255, CERQUEIRA CÉSAR, SÃO PAULO-SP",SP,CERQUEIRA CÉSAR,SÃO PAULO,05403-010,"2929 - CENTRAL EQUIPAMENTO MÉDICO - CIEQ 09 PAMB ",26/06/2020,"3.325,00","18292,68","3.325,00",,26/06/2020,,26/06/2021,,,81447959030,,PRÓPRIO,ATIVO,MULT MED EQUIPAMENTOS HOSPITALARES LTDA,,,8c69457d-ece9-4111-807c-b3c30ca3d183,,,,,,,,,,,,,,,,,,,,,,,CEIC,available,EUMI0464,MR850,UMIDIFICADOR
EUMI0465,200406419856,FFM63545,UMIDIFICADOR,MR850,FISHER & PAYKEL,NÃO CRÍTICO,BAIXA,HOSPITAL DAS CLÍNICAS,INSTITUTO CENTRAL - ICHC,IC - CENTRAL DE EQUIPAMENTOS DO INSTITUTO CENTRAL - 6º EE," AVENIDA DOUTOR ENÉAS DE CARVALHO AGUIAR 255, CERQUEIRA CÉSAR, SÃO PAULO-SP",SP,CERQUEIRA CÉSAR,SÃO PAULO,05403-010,"2929 - CENTRAL EQUIPAMENTO MÉDICO - CIEQ 09 PAMB ",26/06/2020,"3.325,00","18292,68","3.325,00",,26/06/2020,,26/06/2021,,,81447959030,,PRÓPRIO,ATIVO,MULT MED EQUIPAMENTOS HOSPITALARES LTDA,,DE SERVIÇO: MULT MED EQUIPAMENTOS HOSPITALARES LTDA ATÉ: 29/07/2022 NA OS: 2113750,f38412ea-f51b-44e0-8843-4cb813844925,,,,,,,,,,,,,,,,,,,,,,,CEIC,available,EUMI0465,MR850,UMIDIFICADOR
EUMI0466,200406419855,FFM63540,UMIDIFICADOR,MR850,FISHER & PAYKEL,NÃO CRÍTICO,BAIXA,HOSPITAL DAS CLÍNICAS,INSTITUTO CENTRAL - ICHC,IC - CENTRAL DE EQUIPAMENTOS DO INSTITUTO CENTRAL - 6º EE," AVENIDA DOUTOR ENÉAS DE CARVALHO AGUIAR 255, CERQUEIRA CÉSAR, SÃO PAULO-SP",SP,CERQUEIRA CÉSAR,SÃO PAULO,05403-010,"2929 - CENTRAL EQUIPAMENTO MÉDICO - CIEQ 09 PAMB ",26/06/2020,"3.325,00","18292,68","18.430,53",,26/06/2020,,26/06/2021,,,81447959030,,PRÓPRIO,ATIVO,MULT MED EQUIPAMENTOS HOSPITALARES LTDA,,,7758ca33-ea7b-4f5d-a359-e56bb90b4dd1,,,,,,,,,,,,,,,,,,,,,,,CEIC,available,EUMI0466,MR850,UMIDIFICADOR
EUMI0470,200530435093,FFM63553,UMIDIFICADOR,MR850,FISHER & PAYKEL,NÃO CRÍTICO,BAIXA,HOSPITAL DAS CLÍNICAS,INSTITUTO CENTRAL - ICHC,IC - CENTRAL DE EQUIPAMENTOS DO INSTITUTO CENTRAL - 6º EE," AVENIDA DOUTOR ENÉAS DE CARVALHO AGUIAR 255, CERQUEIRA CÉSAR, SÃO PAULO-SP",SP,CERQUEIRA CÉSAR,SÃO PAULO,05403-010,"2929 - CENTRAL EQUIPAMENTO MÉDICO - CIEQ 09 PAMB ",,"3.325,00",,"3.325,00",,09/09/2020,,,,,81447959030,,PRÓPRIO,ATIVO,MULT MED EQUIPAMENTOS HOSPITALARES LTDA,,,84ed57d5-a3c3-467f-baa9-e6a78198db20,,,,,,,,,,,,,,,,,,,,,,,CEIC,available,EUMI0470,MR850,UMIDIFICADOR
EUMI0478,140407210487,MM001011,UMIDIFICADOR,MR850,FISHER & PAYKEL,NÃO CRÍTICO,BAIXA,HOSPITAL DAS CLÍNICAS,INSTITUTO CENTRAL - ICHC,IC - CENTRAL DE EQUIPAMENTOS DO INSTITUTO CENTRAL - 6º EE," AVENIDA DOUTOR ENÉAS DE CARVALHO AGUIAR 255, CERQUEIRA CÉSAR, SÃO PAULO-SP",SP,CERQUEIRA CÉSAR,SÃO PAULO,05403-010,"2929 - CENTRAL EQUIPAMENTO MÉDICO - CIEQ 09 PAMB ",,"3.325,00",,"0,00",,09/06/2020,,,,,81447959030,,COMODATO - MULTMED,ATIVO,MULT MED EQUIPAMENTOS HOSPITALARES LTDA,,,d2ef3cfd-7eab-41c2-b6be-9e275eaf8efa,,,,,,,,,,,,,,,,,,,,,,,CEIC,available,EUMI0478,MR850,UMIDIFICADOR
EUMI0596,131111198633,,UMIDIFICADOR,MR850,FISHER & PAYKEL,NÃO CRÍTICO,,HOSPITAL DAS CLÍNICAS,INSTITUTO CENTRAL - ICHC,IC - CENTRAL DE EQUIPAMENTOS DO INSTITUTO CENTRAL - 6º EE," AVENIDA DOUTOR ENÉAS DE CARVALHO AGUIAR 255, CERQUEIRA CÉSAR, SÃO PAULO-SP",SP,CERQUEIRA CÉSAR,SÃO PAULO,05403-010,"2929 - CENTRAL EQUIPAMENTO MÉDICO - CIEQ 09 PAMB ",,"3.325,00",,"3.325,00",,23/04/2025,,,,,81447959030,,COMODATO - MULT MED,ATIVO,MULT MED EQUIPAMENTOS HOSPITALARES LTDA,,,0ba6420d-e9ed-415c-b7da-bb62a8940d4a,,,,,,,,,,,,,,,,,,,,,,,CEIC,available,EUMI0596,MR850,UMIDIFICADOR
EUMI0600,200915480959,,UMIDIFICADOR,MR850,FISHER & PAYKEL,NÃO CRÍTICO,,HOSPITAL DAS CLÍNICAS,INSTITUTO CENTRAL - ICHC,IC - CENTRAL DE EQUIPAMENTOS DO INSTITUTO CENTRAL - 6º EE," AVENIDA DOUTOR ENÉAS DE CARVALHO AGUIAR 255, CERQUEIRA CÉSAR, SÃO PAULO-SP",SP,CERQUEIRA CÉSAR,SÃO PAULO,05403-010,"2929 - CENTRAL EQUIPAMENTO MÉDICO - CIEQ 09 PAMB ",,"3.325,00",CARTA 250527-107023,"3.325,00",,27/05/2025,,,,,81447959030,,COMODATO - MULTMED,ATIVO,MULT MED EQUIPAMENTOS HOSPITALARES LTDA,,,3222d6e0-f46d-4719-9482-229fa9ae1bc3,,,,,,,,,,,,,,,,,,,,,,,CEIC,available,EUMI0600,MR850,UMIDIFICADOR
EUMI0603,131111198639,,UMIDIFICADOR,MR850,FISHER & PAYKEL,NÃO CRÍTICO,,HOSPITAL DAS CLÍNICAS,INSTITUTO CENTRAL - ICHC,IC - CENTRAL DE EQUIPAMENTOS DO INSTITUTO CENTRAL - 6º EE," AVENIDA DOUTOR ENÉAS DE CARVALHO AGUIAR 255, CERQUEIRA CÉSAR, SÃO PAULO-SP",SP,CERQUEIRA CÉSAR,SÃO PAULO,05403-010,"2929 - CENTRAL EQUIPAMENTO MÉDICO - CIEQ 09 PAMB ",,"3.325,00",CARTA 250811-115018,"3.325,00",,13/08/2025,,,,,81447959030,,COMODATO - MULTMED,ATIVO,MULT MED EQUIPAMENTOS HOSPITALARES LTDA,EQUIPAMENTO SUBSTITUTO DO SN: 201007492257,,3f7fcf10-34f3-4786-a424-5dd1c03fcdd0,,,,,,,,,,,,,,,,,,,,,,,CEIC,available,EUMI0603,MR850,UMIDIFICADOR
EUMI0610,HU07250123,,UMIDIFICADOR,GT5000,GLOBAL TEC,NÃO CRÍTICO,,HOSPITAL DAS CLÍNICAS,INSTITUTO CENTRAL - ICHC,IC - CENTRAL DE EQUIPAMENTOS DO INSTITUTO CENTRAL - 6º EE," AVENIDA DOUTOR ENÉAS DE CARVALHO AGUIAR 255, CERQUEIRA CÉSAR, SÃO PAULO-SP",SP,CERQUEIRA CÉSAR,SÃO PAULO,05403-010,"2929 - CENTRAL EQUIPAMENTO MÉDICO - CIEQ 09 PAMB ",27/11/2025,"1.303,68",65776,"1.148,41",,28/11/2025,,27/11/2027,26/11/2027,,80389130032,,PRÓPRIO,ATIVO,MAQUET DO BRASIL EQUIPAMENTOS MÉDICOS  LTDA.,,,00cc427a-9851-46a7-bd4f-a0a622024d25,,,,,,,,,,,,,,,,,,,,,,,CEIC,available,EUMI0610,GT5000,UMIDIFICADOR
EUMI0611,HU07250126,,UMIDIFICADOR,GT5000,GLOBAL TEC,NÃO CRÍTICO,,HOSPITAL DAS CLÍNICAS,INSTITUTO CENTRAL - ICHC,IC - CENTRAL DE EQUIPAMENTOS DO INSTITUTO CENTRAL - 6º EE," AVENIDA DOUTOR ENÉAS DE CARVALHO AGUIAR 255, CERQUEIRA CÉSAR, SÃO PAULO-SP",SP,CERQUEIRA CÉSAR,SÃO PAULO,05403-010,"2929 - CENTRAL EQUIPAMENTO MÉDICO - CIEQ 09 PAMB ",27/11/2025,"1.303,68",65776,"1.148,41",,28/11/2025,,26/11/2027,26/11/2027,,80389130032,,PRÓPRIO,ATIVO,MAQUET DO BRASIL EQUIPAMENTOS MÉDICOS  LTDA.,,,8aaf1e40-d5d2-4172-9b77-04c3834818de,,,,,,,,,,,,,,,,,,,,,,,CEIC,available,EUMI0611,GT5000,UMIDIFICADOR
EUMI0612,HU07250129,,UMIDIFICADOR,GT5000,GLOBAL TEC,NÃO CRÍTICO,,HOSPITAL DAS CLÍNICAS,INSTITUTO CENTRAL - ICHC,IC - CENTRAL DE EQUIPAMENTOS DO INSTITUTO CENTRAL - 6º EE," AVENIDA DOUTOR ENÉAS DE CARVALHO AGUIAR 255, CERQUEIRA CÉSAR, SÃO PAULO-SP",SP,CERQUEIRA CÉSAR,SÃO PAULO,05403-010,"2929 - CENTRAL EQUIPAMENTO MÉDICO - CIEQ 09 PAMB ",27/11/2025,"1.303,68",65776,"1.148,41",,28/11/2025,,26/11/2027,26/11/2027,,80389130032,,PRÓPRIO,ATIVO,MAQUET DO BRASIL EQUIPAMENTOS MÉDICOS  LTDA.,,,5f75de78-9e3c-4846-8eae-10eb304684ae,,,,,,,,,,,,,,,,,,,,,,,CEIC,available,EUMI0612,GT5000,UMIDIFICADOR
EUMI0613,HU07250130,,UMIDIFICADOR,GT5000,GLOBAL TEC,NÃO CRÍTICO,,HOSPITAL DAS CLÍNICAS,INSTITUTO CENTRAL - ICHC,IC - CENTRAL DE EQUIPAMENTOS DO INSTITUTO CENTRAL - 6º EE," AVENIDA DOUTOR ENÉAS DE CARVALHO AGUIAR 255, CERQUEIRA CÉSAR, SÃO PAULO-SP",SP,CERQUEIRA CÉSAR,SÃO PAULO,05403-010,"2929 - CENTRAL EQUIPAMENTO MÉDICO - CIEQ 09 PAMB ",27/11/2025,"1.303,68",65776,"1.148,41",,28/11/2025,,26/11/2027,26/11/2027,,80389130032,,PRÓPRIO,ATIVO,MAQUET DO BRASIL EQUIPAMENTOS MÉDICOS  LTDA.,,,def3e6db-804c-4bab-9279-e91d5a6bba16,,,,,,,,,,,,,,,,,,,,,,,CEIC,available,EUMI0613,GT5000,UMIDIFICADOR
EUMI0614,HU07250137,,UMIDIFICADOR,GT5000,GLOBAL TEC,NÃO CRÍTICO,,HOSPITAL DAS CLÍNICAS,INSTITUTO CENTRAL - ICHC,IC - CENTRAL DE EQUIPAMENTOS DO INSTITUTO CENTRAL - 6º EE," AVENIDA DOUTOR ENÉAS DE CARVALHO AGUIAR 255, CERQUEIRA CÉSAR, SÃO PAULO-SP",SP,CERQUEIRA CÉSAR,SÃO PAULO,05403-010,"2929 - CENTRAL EQUIPAMENTO MÉDICO - CIEQ 09 PAMB ",27/11/2025,"1.303,68",65776,"1.148,41",,28/11/2025,,27/11/2027,26/11/2027,,80389130032,,PRÓPRIO,ATIVO,MAQUET DO BRASIL EQUIPAMENTOS MÉDICOS  LTDA.,,,1e6d94d7-9a00-4276-a9b4-b7446012f2dc,,,,,,,,,,,,,,,,,,,,,,,CEIC,available,EUMI0614,GT5000,UMIDIFICADOR
EUMI0615,HU07250138,,UMIDIFICADOR,GT5000,GLOBAL TEC,NÃO CRÍTICO,,HOSPITAL DAS CLÍNICAS,INSTITUTO CENTRAL - ICHC,IC - CENTRAL DE EQUIPAMENTOS DO INSTITUTO CENTRAL - 6º EE," AVENIDA DOUTOR ENÉAS DE CARVALHO AGUIAR 255, CERQUEIRA CÉSAR, SÃO PAULO-SP",SP,CERQUEIRA CÉSAR,SÃO PAULO,05403-010,"2929 - CENTRAL EQUIPAMENTO MÉDICO - CIEQ 09 PAMB ",27/11/2025,"1.303,68",65776,"1.148,41",,28/11/2025,,26/11/2027,,,80389130032,,PRÓPRIO,ATIVO,MAQUET DO BRASIL EQUIPAMENTOS MÉDICOS  LTDA.,,,ab8e7801-adda-4101-a8a5-315d44f7885f,,,,,,,,,,,,,,,,,,,,,,,CEIC,available,EUMI0615,GT5000,UMIDIFICADOR
EUMI0616,HU07250143,,UMIDIFICADOR,GT5000,GLOBAL TEC,NÃO CRÍTICO,,HOSPITAL DAS CLÍNICAS,INSTITUTO CENTRAL - ICHC,IC - CENTRAL DE EQUIPAMENTOS DO INSTITUTO CENTRAL - 6º EE," AVENIDA DOUTOR ENÉAS DE CARVALHO AGUIAR 255, CERQUEIRA CÉSAR, SÃO PAULO-SP",SP,CERQUEIRA CÉSAR,SÃO PAULO,05403-010,"2929 - CENTRAL EQUIPAMENTO MÉDICO - CIEQ 09 PAMB ",27/11/2025,"1.303,68",65776,"1.148,41",,28/11/2025,,26/11/2027,,,80389130032,,PRÓPRIO,ATIVO,MAQUET DO BRASIL EQUIPAMENTOS MÉDICOS  LTDA.,,,e4396c3f-9b34-4679-b1fa-88a3782ccb15,,,,,,,,,,,,,,,,,,,,,,,CEIC,available,EUMI0616,GT5000,UMIDIFICADOR
EUMI0617,HU07250145,,UMIDIFICADOR,GT5000,GLOBAL TEC,NÃO CRÍTICO,,HOSPITAL DAS CLÍNICAS,INSTITUTO CENTRAL - ICHC,IC - CENTRAL DE EQUIPAMENTOS DO INSTITUTO CENTRAL - 6º EE," AVENIDA DOUTOR ENÉAS DE CARVALHO AGUIAR 255, CERQUEIRA CÉSAR, SÃO PAULO-SP",SP,CERQUEIRA CÉSAR,SÃO PAULO,05403-010,"2929 - CENTRAL EQUIPAMENTO MÉDICO - CIEQ 09 PAMB ",27/11/2025,"1.303,68",65776,"1.148,41",,28/11/2025,,26/11/2027,,,80389130032,,PRÓPRIO,ATIVO,MAQUET DO BRASIL EQUIPAMENTOS MÉDICOS  LTDA.,,,9307aed8-5e0e-4418-941f-f0d8bd5fd0d2,,,,,,,,,,,,,,,,,,,,,,,CEIC,available,EUMI0617,GT5000,UMIDIFICADOR
EUMI0618,HU07250146,,UMIDIFICADOR,GT5000,GLOBAL TEC,NÃO CRÍTICO,,HOSPITAL DAS CLÍNICAS,INSTITUTO CENTRAL - ICHC,IC - CENTRAL DE EQUIPAMENTOS DO INSTITUTO CENTRAL - 6º EE," AVENIDA DOUTOR ENÉAS DE CARVALHO AGUIAR 255, CERQUEIRA CÉSAR, SÃO PAULO-SP",SP,CERQUEIRA CÉSAR,SÃO PAULO,05403-010,"2929 - CENTRAL EQUIPAMENTO MÉDICO - CIEQ 09 PAMB ",27/11/2025,"1.303,68",65776,"1.148,41",,28/11/2025,,26/11/2027,,,80389130032,,PRÓPRIO,ATIVO,MAQUET DO BRASIL EQUIPAMENTOS MÉDICOS  LTDA.,,,47c3fbdd-d617-44a7-8eb5-d11f71eea7ca,,,,,,,,,,,,,,,,,,,,,,,CEIC,available,EUMI0618,GT5000,UMIDIFICADOR
EUMI0619,HU07250147,,UMIDIFICADOR,GT5000,GLOBAL TEC,NÃO CRÍTICO,,HOSPITAL DAS CLÍNICAS,INSTITUTO CENTRAL - ICHC,IC - CENTRAL DE EQUIPAMENTOS DO INSTITUTO CENTRAL - 6º EE," AVENIDA DOUTOR ENÉAS DE CARVALHO AGUIAR 255, CERQUEIRA CÉSAR, SÃO PAULO-SP",SP,CERQUEIRA CÉSAR,SÃO PAULO,05403-010,"2929 - CENTRAL EQUIPAMENTO MÉDICO - CIEQ 09 PAMB ",27/11/2025,"1.303,68",65776,"1.148,41",,28/11/2025,,26/11/2027,,,80389130032,,PRÓPRIO,ATIVO,MAQUET DO BRASIL EQUIPAMENTOS MÉDICOS  LTDA.,,,f14a2da3-ec98-45c6-9137-02a707facb96,,,,,,,,,,,,,,,,,,,,,,,CEIC,available,EUMI0619,GT5000,UMIDIFICADOR
EUMI0620,HU07250148,,UMIDIFICADOR,GT5000,GLOBAL TEC,NÃO CRÍTICO,,HOSPITAL DAS CLÍNICAS,INSTITUTO CENTRAL - ICHC,IC - CENTRAL DE EQUIPAMENTOS DO INSTITUTO CENTRAL - 6º EE," AVENIDA DOUTOR ENÉAS DE CARVALHO AGUIAR 255, CERQUEIRA CÉSAR, SÃO PAULO-SP",SP,CERQUEIRA CÉSAR,SÃO PAULO,05403-010,"2929 - CENTRAL EQUIPAMENTO MÉDICO - CIEQ 09 PAMB ",27/11/2025,"1.303,68",65776,"1.148,41",,28/11/2025,,26/11/2027,,,80389130032,,PRÓPRIO,ATIVO,MAQUET DO BRASIL EQUIPAMENTOS MÉDICOS  LTDA.,,,1dcab081-bdab-4f70-9ccc-5fc143fd8396,,,,,,,,,,,,,,,,,,,,,,,CEIC,available,EUMI0620,GT5000,UMIDIFICADOR
EUMI0621,HU07250152,,UMIDIFICADOR,GT5000,GLOBAL TEC,NÃO CRÍTICO,,HOSPITAL DAS CLÍNICAS,INSTITUTO CENTRAL - ICHC,IC - CENTRAL DE EQUIPAMENTOS DO INSTITUTO CENTRAL - 6º EE," AVENIDA DOUTOR ENÉAS DE CARVALHO AGUIAR 255, CERQUEIRA CÉSAR, SÃO PAULO-SP",SP,CERQUEIRA CÉSAR,SÃO PAULO,05403-010,"2929 - CENTRAL EQUIPAMENTO MÉDICO - CIEQ 09 PAMB ",27/11/2025,"1.303,68",65776,"1.148,41",,28/11/2025,,26/11/2027,,,80389130032,,PRÓPRIO,ATIVO,MAQUET DO BRASIL EQUIPAMENTOS MÉDICOS  LTDA.,,,51540573-3b55-49b0-827e-8fd2a7c3a064,,,,,,,,,,,,,,,,,,,,,,,CEIC,available,EUMI0621,GT5000,UMIDIFICADOR
EUMI0622,HU07250155,,UMIDIFICADOR,GT5000,GLOBAL TEC,NÃO CRÍTICO,,HOSPITAL DAS CLÍNICAS,INSTITUTO CENTRAL - ICHC,IC - CENTRAL DE EQUIPAMENTOS DO INSTITUTO CENTRAL - 6º EE," AVENIDA DOUTOR ENÉAS DE CARVALHO AGUIAR 255, CERQUEIRA CÉSAR, SÃO PAULO-SP",SP,CERQUEIRA CÉSAR,SÃO PAULO,05403-010,"2929 - CENTRAL EQUIPAMENTO MÉDICO - CIEQ 09 PAMB ",27/11/2025,"1.303,68",65776,"1.148,41",,28/11/2025,,26/11/2027,,,80389130032,,PRÓPRIO,ATIVO,MAQUET DO BRASIL EQUIPAMENTOS MÉDICOS  LTDA.,,,57525ce7-3842-494c-9632-d365bd72acf6,,,,,,,,,,,,,,,,,,,,,,,CEIC,available,EUMI0622,GT5000,UMIDIFICADOR
EUMI0623,HU07250159,,UMIDIFICADOR,GT5000,GLOBAL TEC,NÃO CRÍTICO,,HOSPITAL DAS CLÍNICAS,INSTITUTO CENTRAL - ICHC,IC - CENTRAL DE EQUIPAMENTOS DO INSTITUTO CENTRAL - 6º EE," AVENIDA DOUTOR ENÉAS DE CARVALHO AGUIAR 255, CERQUEIRA CÉSAR, SÃO PAULO-SP",SP,CERQUEIRA CÉSAR,SÃO PAULO,05403-010,"2929 - CENTRAL EQUIPAMENTO MÉDICO - CIEQ 09 PAMB ",27/11/2025,"1.303,68",65776,"1.148,41",,28/11/2025,,26/11/2027,,,80389130032,,PRÓPRIO,ATIVO,MAQUET DO BRASIL EQUIPAMENTOS MÉDICOS  LTDA.,,,020db44e-6980-4084-beaf-1a7266bbaec3,,,,,,,,,,,,,,,,,,,,,,,CEIC,available,EUMI0623,GT5000,UMIDIFICADOR
EUMI0624,HU07250160,,UMIDIFICADOR,GT5000,GLOBAL TEC,NÃO CRÍTICO,,HOSPITAL DAS CLÍNICAS,INSTITUTO CENTRAL - ICHC,IC - CENTRAL DE EQUIPAMENTOS DO INSTITUTO CENTRAL - 6º EE," AVENIDA DOUTOR ENÉAS DE CARVALHO AGUIAR 255, CERQUEIRA CÉSAR, SÃO PAULO-SP",SP,CERQUEIRA CÉSAR,SÃO PAULO,05403-010,"2929 - CENTRAL EQUIPAMENTO MÉDICO - CIEQ 09 PAMB ",27/11/2025,"1.303,68",65776,"1.148,41",,28/11/2025,,26/11/2027,,,80389130032,,PRÓPRIO,ATIVO,MAQUET DO BRASIL EQUIPAMENTOS MÉDICOS  LTDA.,,,cdd02028-0bc0-4ba9-a7cd-9089d3c167ad,,,,,,,,,,,,,,,,,,,,,,,CEIC,available,EUMI0624,GT5000,UMIDIFICADOR
EUMI0625,HU07250161,,UMIDIFICADOR,GT5000,GLOBAL TEC,NÃO CRÍTICO,,HOSPITAL DAS CLÍNICAS,INSTITUTO CENTRAL - ICHC,IC - CENTRAL DE EQUIPAMENTOS DO INSTITUTO CENTRAL - 6º EE," AVENIDA DOUTOR ENÉAS DE CARVALHO AGUIAR 255, CERQUEIRA CÉSAR, SÃO PAULO-SP",SP,CERQUEIRA CÉSAR,SÃO PAULO,05403-010,"2929 - CENTRAL EQUIPAMENTO MÉDICO - CIEQ 09 PAMB ",27/11/2025,"1.303,68",65776,"1.148,41",,28/11/2025,,26/11/2027,,,80389130032,,PRÓPRIO,ATIVO,MAQUET DO BRASIL EQUIPAMENTOS MÉDICOS  LTDA.,,,b64ad731-a2c9-472b-b5e4-48140d793ff4,,,,,,,,,,,,,,,,,,,,,,,CEIC,available,EUMI0625,GT5000,UMIDIFICADOR
EUMI0626,HU07250163,,UMIDIFICADOR,GT5000,GLOBAL TEC,NÃO CRÍTICO,,HOSPITAL DAS CLÍNICAS,INSTITUTO CENTRAL - ICHC,IC - CENTRAL DE EQUIPAMENTOS DO INSTITUTO CENTRAL - 6º EE," AVENIDA DOUTOR ENÉAS DE CARVALHO AGUIAR 255, CERQUEIRA CÉSAR, SÃO PAULO-SP",SP,CERQUEIRA CÉSAR,SÃO PAULO,05403-010,"2929 - CENTRAL EQUIPAMENTO MÉDICO - CIEQ 09 PAMB ",27/11/2025,"1.303,68",65776,"1.148,41",,28/11/2025,,26/11/2027,,,80389130032,,PRÓPRIO,ATIVO,MAQUET DO BRASIL EQUIPAMENTOS MÉDICOS  LTDA.,,,80733e22-e180-4c5e-bbaf-3b96f8915471,,,,,,,,,,,,,,,,,,,,,,,CEIC,available,EUMI0626,GT5000,UMIDIFICADOR
EUMI0627,HU07250164,,UMIDIFICADOR,GT5000,GLOBAL TEC,NÃO CRÍTICO,,HOSPITAL DAS CLÍNICAS,INSTITUTO CENTRAL - ICHC,IC - CENTRAL DE EQUIPAMENTOS DO INSTITUTO CENTRAL - 6º EE," AVENIDA DOUTOR ENÉAS DE CARVALHO AGUIAR 255, CERQUEIRA CÉSAR, SÃO PAULO-SP",SP,CERQUEIRA CÉSAR,SÃO PAULO,05403-010,"2929 - CENTRAL EQUIPAMENTO MÉDICO - CIEQ 09 PAMB ",27/11/2025,"1.303,68",65776,"1.148,41",,28/11/2025,,26/11/2027,,,80389130032,,PRÓPRIO,ATIVO,MAQUET DO BRASIL EQUIPAMENTOS MÉDICOS  LTDA.,,,9b7f1cb1-9ce3-47a8-9f4f-373fb02f3b60,,,,,,,,,,,,,,,,,,,,,,,CEIC,available,EUMI0627,GT5000,UMIDIFICADOR
EUMI0628,HU07250165,,UMIDIFICADOR,GT5000,GLOBAL TEC,NÃO CRÍTICO,,HOSPITAL DAS CLÍNICAS,INSTITUTO CENTRAL - ICHC,IC - CENTRAL DE EQUIPAMENTOS DO INSTITUTO CENTRAL - 6º EE," AVENIDA DOUTOR ENÉAS DE CARVALHO AGUIAR 255, CERQUEIRA CÉSAR, SÃO PAULO-SP",SP,CERQUEIRA CÉSAR,SÃO PAULO,05403-010,"2929 - CENTRAL EQUIPAMENTO MÉDICO - CIEQ 09 PAMB ",27/11/2025,"1.303,68",65776,"1.148,41",,28/11/2025,,26/11/2027,,,80389130032,,PRÓPRIO,ATIVO,MAQUET DO BRASIL EQUIPAMENTOS MÉDICOS  LTDA.,,,61bdd2af-d042-4022-b7bd-a099bf0a933a,,,,,,,,,,,,,,,,,,,,,,,CEIC,available,EUMI0628,GT5000,UMIDIFICADOR
EUMI0629,HU07250167,,UMIDIFICADOR,GT5000,GLOBAL TEC,NÃO CRÍTICO,,HOSPITAL DAS CLÍNICAS,INSTITUTO CENTRAL - ICHC,IC - CENTRAL DE EQUIPAMENTOS DO INSTITUTO CENTRAL - 6º EE," AVENIDA DOUTOR ENÉAS DE CARVALHO AGUIAR 255, CERQUEIRA CÉSAR, SÃO PAULO-SP",SP,CERQUEIRA CÉSAR,SÃO PAULO,05403-010,"2929 - CENTRAL EQUIPAMENTO MÉDICO - CIEQ 09 PAMB ",27/11/2025,"1.303,68",65776,"1.148,41",,28/11/2025,,26/11/2027,,,80389130032,,PRÓPRIO,ATIVO,MAQUET DO BRASIL EQUIPAMENTOS MÉDICOS  LTDA.,,,24b55fbb-0efd-410c-9651-02f0af4c3df9,,,,,,,,,,,,,,,,,,,,,,,CEIC,available,EUMI0629,GT5000,UMIDIFICADOR
EUMI0630,HU07250171,,UMIDIFICADOR,GT5000,GLOBAL TEC,NÃO CRÍTICO,,HOSPITAL DAS CLÍNICAS,INSTITUTO CENTRAL - ICHC,IC - CENTRAL DE EQUIPAMENTOS DO INSTITUTO CENTRAL - 6º EE," AVENIDA DOUTOR ENÉAS DE CARVALHO AGUIAR 255, CERQUEIRA CÉSAR, SÃO PAULO-SP",SP,CERQUEIRA CÉSAR,SÃO PAULO,05403-010,"2929 - CENTRAL EQUIPAMENTO MÉDICO - CIEQ 09 PAMB ",27/11/2025,"1.303,68",65776,"1.148,41",,28/11/2025,,26/11/2027,,,80389130032,,PRÓPRIO,ATIVO,MAQUET DO BRASIL EQUIPAMENTOS MÉDICOS  LTDA.,,,5ea57b4d-cbb1-443a-b774-49c18117c289,,,,,,,,,,,,,,,,,,,,,,,CEIC,available,EUMI0630,GT5000,UMIDIFICADOR
EUMI0631,HU07250172,,UMIDIFICADOR,GT5000,GLOBAL TEC,NÃO CRÍTICO,,HOSPITAL DAS CLÍNICAS,INSTITUTO CENTRAL - ICHC,IC - CENTRAL DE EQUIPAMENTOS DO INSTITUTO CENTRAL - 6º EE," AVENIDA DOUTOR ENÉAS DE CARVALHO AGUIAR 255, CERQUEIRA CÉSAR, SÃO PAULO-SP",SP,CERQUEIRA CÉSAR,SÃO PAULO,05403-010,"2929 - CENTRAL EQUIPAMENTO MÉDICO - CIEQ 09 PAMB ",27/11/2025,"1.303,68",65776,"1.148,41",,28/11/2025,,26/11/2027,,,80389130032,,PRÓPRIO,ATIVO,MAQUET DO BRASIL EQUIPAMENTOS MÉDICOS  LTDA.,,,2355b5a8-139d-4ae3-9a2f-22e2f582f7bf,,,,,,,,,,,,,,,,,,,,,,,CEIC,available,EUMI0631,GT5000,UMIDIFICADOR
EUMI0632,HU07250173,,UMIDIFICADOR,GT5000,GLOBAL TEC,NÃO CRÍTICO,,HOSPITAL DAS CLÍNICAS,INSTITUTO CENTRAL - ICHC,IC - CENTRAL DE EQUIPAMENTOS DO INSTITUTO CENTRAL - 6º EE," AVENIDA DOUTOR ENÉAS DE CARVALHO AGUIAR 255, CERQUEIRA CÉSAR, SÃO PAULO-SP",SP,CERQUEIRA CÉSAR,SÃO PAULO,05403-010,"2929 - CENTRAL EQUIPAMENTO MÉDICO - CIEQ 09 PAMB ",27/11/2025,"1.303,68",65776,"1.148,41",,28/11/2025,,26/11/2027,,,80389130032,,PRÓPRIO,ATIVO,MAQUET DO BRASIL EQUIPAMENTOS MÉDICOS  LTDA.,,,281b94bf-7042-4ada-913f-007410d1f064,,,,,,,,,,,,,,,,,,,,,,,CEIC,available,EUMI0632,GT5000,UMIDIFICADOR
EUMI0633,HU07250174,,UMIDIFICADOR,GT5000,GLOBAL TEC,NÃO CRÍTICO,,HOSPITAL DAS CLÍNICAS,INSTITUTO CENTRAL - ICHC,IC - CENTRAL DE EQUIPAMENTOS DO INSTITUTO CENTRAL - 6º EE," AVENIDA DOUTOR ENÉAS DE CARVALHO AGUIAR 255, CERQUEIRA CÉSAR, SÃO PAULO-SP",SP,CERQUEIRA CÉSAR,SÃO PAULO,05403-010,"2929 - CENTRAL EQUIPAMENTO MÉDICO - CIEQ 09 PAMB ",27/11/2025,"1.303,68",65776,"1.148,41",,28/11/2025,,26/11/2027,,,80389130032,,PRÓPRIO,ATIVO,MAQUET DO BRASIL EQUIPAMENTOS MÉDICOS  LTDA.,,,ef9db36b-1688-4c81-86df-0d883020b2bd,,,,,,,,,,,,,,,,,,,,,,,CEIC,available,EUMI0633,GT5000,UMIDIFICADOR
EUMI0634,HU07250175,,UMIDIFICADOR,GT5000,GLOBAL TEC,NÃO CRÍTICO,,HOSPITAL DAS CLÍNICAS,INSTITUTO CENTRAL - ICHC,IC - CENTRAL DE EQUIPAMENTOS DO INSTITUTO CENTRAL - 6º EE," AVENIDA DOUTOR ENÉAS DE CARVALHO AGUIAR 255, CERQUEIRA CÉSAR, SÃO PAULO-SP",SP,CERQUEIRA CÉSAR,SÃO PAULO,05403-010,"2929 - CENTRAL EQUIPAMENTO MÉDICO - CIEQ 09 PAMB ",27/11/2025,"1.303,68",65776,"1.148,41",,28/11/2025,,26/11/2027,,,80389130032,,PRÓPRIO,ATIVO,MAQUET DO BRASIL EQUIPAMENTOS MÉDICOS  LTDA.,,,f1d8f004-de8c-4b2a-b688-37f7c576488a,,,,,,,,,,,,,,,,,,,,,,,CEIC,available,EUMI0634,GT5000,UMIDIFICADOR
EUMI0635,HU07250177,,UMIDIFICADOR,GT5000,GLOBAL TEC,NÃO CRÍTICO,,HOSPITAL DAS CLÍNICAS,INSTITUTO CENTRAL - ICHC,IC - CENTRAL DE EQUIPAMENTOS DO INSTITUTO CENTRAL - 6º EE," AVENIDA DOUTOR ENÉAS DE CARVALHO AGUIAR 255, CERQUEIRA CÉSAR, SÃO PAULO-SP",SP,CERQUEIRA CÉSAR,SÃO PAULO,05403-010,"2929 - CENTRAL EQUIPAMENTO MÉDICO - CIEQ 09 PAMB ",27/11/2025,"1.303,68",65776,"1.148,41",,28/11/2025,,26/11/2027,,,80389130032,,PRÓPRIO,ATIVO,MAQUET DO BRASIL EQUIPAMENTOS MÉDICOS  LTDA.,,,b1082d60-48ef-456d-98a6-d6914fe610b5,,,,,,,,,,,,,,,,,,,,,,,CEIC,available,EUMI0635,GT5000,UMIDIFICADOR
EUMI0636,HU07250181,,UMIDIFICADOR,GT5000,GLOBAL TEC,NÃO CRÍTICO,,HOSPITAL DAS CLÍNICAS,INSTITUTO CENTRAL - ICHC,IC - CENTRAL DE EQUIPAMENTOS DO INSTITUTO CENTRAL - 6º EE," AVENIDA DOUTOR ENÉAS DE CARVALHO AGUIAR 255, CERQUEIRA CÉSAR, SÃO PAULO-SP",SP,CERQUEIRA CÉSAR,SÃO PAULO,05403-010,"2929 - CENTRAL EQUIPAMENTO MÉDICO - CIEQ 09 PAMB ",27/11/2025,"1.303,68",65776,"1.148,41",,28/11/2025,,26/11/2027,,,80389130032,,PRÓPRIO,ATIVO,MAQUET DO BRASIL EQUIPAMENTOS MÉDICOS  LTDA.,,,992f5544-516a-4543-9562-ff1b0633da80,,,,,,,,,,,,,,,,,,,,,,,CEIC,available,EUMI0636,GT5000,UMIDIFICADOR
EUMI0637,HU07250182,,UMIDIFICADOR,GT5000,GLOBAL TEC,NÃO CRÍTICO,,HOSPITAL DAS CLÍNICAS,INSTITUTO CENTRAL - ICHC,IC - CENTRAL DE EQUIPAMENTOS DO INSTITUTO CENTRAL - 6º EE," AVENIDA DOUTOR ENÉAS DE CARVALHO AGUIAR 255, CERQUEIRA CÉSAR, SÃO PAULO-SP",SP,CERQUEIRA CÉSAR,SÃO PAULO,05403-010,"2929 - CENTRAL EQUIPAMENTO MÉDICO - CIEQ 09 PAMB ",27/11/2025,"1.303,68",65776,"1.148,41",,28/11/2025,,26/11/2027,,,80389130032,,PRÓPRIO,ATIVO,MAQUET DO BRASIL EQUIPAMENTOS MÉDICOS  LTDA.,,,37ca6821-9902-4cdf-a816-9ed7615d7e54,,,,,,,,,,,,,,,,,,,,,,,CEIC,available,EUMI0637,GT5000,UMIDIFICADOR
EUMI0638,HU07250183,,UMIDIFICADOR,GT5000,GLOBAL TEC,NÃO CRÍTICO,,HOSPITAL DAS CLÍNICAS,INSTITUTO CENTRAL - ICHC,IC - CENTRAL DE EQUIPAMENTOS DO INSTITUTO CENTRAL - 6º EE," AVENIDA DOUTOR ENÉAS DE CARVALHO AGUIAR 255, CERQUEIRA CÉSAR, SÃO PAULO-SP",SP,CERQUEIRA CÉSAR,SÃO PAULO,05403-010,"2929 - CENTRAL EQUIPAMENTO MÉDICO - CIEQ 09 PAMB ",27/11/2025,"1.303,68",65776,"1.148,41",,28/11/2025,,26/11/2027,,,80389130032,,PRÓPRIO,ATIVO,MAQUET DO BRASIL EQUIPAMENTOS MÉDICOS  LTDA.,,,567283cb-0845-4faa-bf43-ea3316961c5b,,,,,,,,,,,,,,,,,,,,,,,CEIC,available,EUMI0638,GT5000,UMIDIFICADOR
EUMI0639,HU07250187,,UMIDIFICADOR,GT5000,GLOBAL TEC,NÃO CRÍTICO,,HOSPITAL DAS CLÍNICAS,INSTITUTO CENTRAL - ICHC,IC - CENTRAL DE EQUIPAMENTOS DO INSTITUTO CENTRAL - 6º EE," AVENIDA DOUTOR ENÉAS DE CARVALHO AGUIAR 255, CERQUEIRA CÉSAR, SÃO PAULO-SP",SP,CERQUEIRA CÉSAR,SÃO PAULO,05403-010,"2929 - CENTRAL EQUIPAMENTO MÉDICO - CIEQ 09 PAMB ",27/11/2025,"1.303,68",65776,"1.148,41",,28/11/2025,,26/11/2027,,,80389130032,,PRÓPRIO,ATIVO,MAQUET DO BRASIL EQUIPAMENTOS MÉDICOS  LTDA.,,,fbed604c-6c19-4f2f-bf13-5232d9269011,,,,,,,,,,,,,,,,,,,,,,,CEIC,available,EUMI0639,GT5000,UMIDIFICADOR
EVEN0019,11532,HC138008,VENTILADOR PULMONAR,SERVO-S,MAQUET,CRÍTICO,ALTA,HOSPITAL DAS CLÍNICAS,INSTITUTO CENTRAL - ICHC,IC - CENTRAL DE EQUIPAMENTOS DO INSTITUTO CENTRAL - 6º EE," AVENIDA DOUTOR ENÉAS DE CARVALHO AGUIAR 255, CERQUEIRA CÉSAR, SÃO PAULO-SP",SP,CERQUEIRA CÉSAR,SÃO PAULO,05403-010,"2929 - CENTRAL EQUIPAMENTO MÉDICO - CIEQ 09 PAMB ",26/12/2008,"61.803,43",TERMO DE DOAÇÃO,"61.803,43",,26/12/2008,,26/12/2010,,,80259110034,,PRÓPRIO,ATIVO,,"S/N TELA - 210156

PROCESSO ORIGINAL:07816/2009
PROCESSO SPDOC:1035481/2019",,da338bfd-1d14-49da-a0e9-00bdf26727e1,,,,,,,,,,,,,,,,,,,,,,,CEIC,available,EVEN0019,SERVO-S,VENTILADOR PULMONAR
EVEN0039,3510061607,HC132844,VENTILADOR PULMONAR,840,PURITAN BENNETT,CRÍTICO,ALTA,HOSPITAL DAS CLÍNICAS,INSTITUTO CENTRAL - ICHC,IC - CENTRAL DE EQUIPAMENTOS DO INSTITUTO CENTRAL - 6º EE," AVENIDA DOUTOR ENÉAS DE CARVALHO AGUIAR 255, CERQUEIRA CÉSAR, SÃO PAULO-SP",SP,CERQUEIRA CÉSAR,SÃO PAULO,05403-010,"2929 - CENTRAL EQUIPAMENTO MÉDICO - CIEQ 09 PAMB ",,"100.000,00",,"100.000,00",,31/07/2013,,30/07/2014,,,10139810058,,PRÓPRIO,ATIVO,,AUTONOMIA DAS BATERIAS: 1 HORA,"DE SERVIÇO: LRM - LABORATORIO METROLOGICO COM. SERV. LTDA ATÉ: 11/11/2015 NA OS: 14008157;
DE SERVIÇO: LRM - LABORATORIO METROLOGICO COM. SERV. LTDA ATÉ: 05/11/2015 NA OS: 15011247;
DE SERVIÇO: LRM - LABORATORIO METROLOGICO COM. SERV. LTDA ATÉ: 05/11/2015 NA OS: 14008281;
DE SERVIÇO: COVIDIEN ATÉ: 23/12/2015 NA OS: 15012675;
DE SERVIÇO: COVIDIEN ATÉ: 23/12/2015 NA OS: 15012676",bdafa4c6-d0fb-47b2-aaa0-c2d87bc6b2f7,,,,,,,,,,,,,,,,,,,,,,,CEIC,available,EVEN0039,840,VENTILADOR PULMONAR
EVEN0041,3510061601,HC132846,VENTILADOR PULMONAR,840,PURITAN BENNETT,CRÍTICO,ALTA,HOSPITAL DAS CLÍNICAS,INSTITUTO CENTRAL - ICHC,IC - CENTRAL DE EQUIPAMENTOS DO INSTITUTO CENTRAL - 6º EE," AVENIDA DOUTOR ENÉAS DE CARVALHO AGUIAR 255, CERQUEIRA CÉSAR, SÃO PAULO-SP",SP,CERQUEIRA CÉSAR,SÃO PAULO,05403-010,"2929 - CENTRAL EQUIPAMENTO MÉDICO - CIEQ 09 PAMB ",,"100.000,00",,"100.000,00",,31/07/2013,,30/07/2014,,,10139810058,,PRÓPRIO,ATIVO,,AUTONOMIA DAS BATERIAS: 1 HORA,"DE SERVIÇO: AUTO SUTURE DO BRASIL LTDA ATÉ: 12/03/2015 NA OS: 14007193;
DE SERVIÇO: LRM - LABORATORIO METROLOGICO COM. SERV. LTDA ATÉ: 12/03/2015 NA OS: 14008280",29b29256-59f2-4f76-a13c-fb81e326aa15,,,,,,,,,,,,,,,,,,,,,,,CEIC,available,EVEN0041,840,VENTILADOR PULMONAR
EVEN0047,3510061612,HC132849,VENTILADOR PULMONAR,840,PURITAN BENNETT,CRÍTICO,ALTA,HOSPITAL DAS CLÍNICAS,INSTITUTO CENTRAL - ICHC,IC - CENTRAL DE EQUIPAMENTOS DO INSTITUTO CENTRAL - 6º EE," AVENIDA DOUTOR ENÉAS DE CARVALHO AGUIAR 255, CERQUEIRA CÉSAR, SÃO PAULO-SP",SP,CERQUEIRA CÉSAR,SÃO PAULO,05403-010,"2929 - CENTRAL EQUIPAMENTO MÉDICO - CIEQ 09 PAMB ",,"100.000,00",,"100.000,00",,31/07/2013,,30/07/2014,,,10139810058,,PRÓPRIO,ATIVO,,"S/N TELA - 0617091620

AUTONOMIA DAS BATERIAS: 1 HORA",,42aa9461-88e9-4915-ad87-be7472dcc3e6,,,,,,,,,,,,,,,,,,,,,,,CEIC,available,EVEN0047,840,VENTILADOR PULMONAR
EVEN0051,3512133357,HC155799,VENTILADOR PULMONAR,840,PURITAN BENNETT,CRÍTICO,ALTA,HOSPITAL DAS CLÍNICAS,INSTITUTO CENTRAL - ICHC,IC - CENTRAL DE EQUIPAMENTOS DO INSTITUTO CENTRAL - 6º EE," AVENIDA DOUTOR ENÉAS DE CARVALHO AGUIAR 255, CERQUEIRA CÉSAR, SÃO PAULO-SP",SP,CERQUEIRA CÉSAR,SÃO PAULO,05403-010,"2929 - CENTRAL EQUIPAMENTO MÉDICO - CIEQ 09 PAMB ",,"100.000,00",,"100.000,00",,15/01/2014,,14/01/2016,,,10139810058,,PRÓPRIO,ATIVO,,"S/N TELA - 1317093850
AUTONOMIA DAS BATERIAS: 1 HORA","DE SERVIÇO: LRM - LABORATORIO METROLOGICO COM. SERV. LTDA ATÉ: 11/11/2015 NA OS: 14008605;
DE SERVIÇO: LRM - LABORATORIO METROLOGICO COM. SERV. LTDA ATÉ: 10/01/2015 NA OS: 14008764",fab0f6a9-316e-47fe-8794-90f72d53cd8d,,,,,,,,,,,,,,,,,,,,,,,CEIC,available,EVEN0051,840,VENTILADOR PULMONAR
EVEN0052,3512133197,HC155800,VENTILADOR PULMONAR,840,PURITAN BENNETT,CRÍTICO,ALTA,HOSPITAL DAS CLÍNICAS,INSTITUTO CENTRAL - ICHC,IC - CENTRAL DE EQUIPAMENTOS DO INSTITUTO CENTRAL - 6º EE," AVENIDA DOUTOR ENÉAS DE CARVALHO AGUIAR 255, CERQUEIRA CÉSAR, SÃO PAULO-SP",SP,CERQUEIRA CÉSAR,SÃO PAULO,05403-010,"2929 - CENTRAL EQUIPAMENTO MÉDICO - CIEQ 09 PAMB ",,"100.000,00",,"100.000,00",,15/01/2014,,14/01/2016,,,10139810058,,PRÓPRIO,ATIVO,,"S/N TELA - 1317093660

AUTONOMIA DAS BATERIAS: 1 HORA","DE SERVIÇO: LRM - LABORATORIO METROLOGICO COM. SERV. LTDA ATÉ: 11/11/2015 NA OS: 14008607;
DE SERVIÇO: LRM - LABORATORIO METROLOGICO COM. SERV. LTDA ATÉ: 10/01/2015 NA OS: 14008762",c94baea4-8b0e-4568-a909-3ddef06aaaa3,,,,,,,,,,,,,,,,,,,,,,,CEIC,available,EVEN0052,840,VENTILADOR PULMONAR
EVEN0053,3512133205,HC155797,VENTILADOR PULMONAR,840,PURITAN BENNETT,CRÍTICO,ALTA,HOSPITAL DAS CLÍNICAS,INSTITUTO CENTRAL - ICHC,IC - CENTRAL DE EQUIPAMENTOS DO INSTITUTO CENTRAL - 6º EE," AVENIDA DOUTOR ENÉAS DE CARVALHO AGUIAR 255, CERQUEIRA CÉSAR, SÃO PAULO-SP",SP,CERQUEIRA CÉSAR,SÃO PAULO,05403-010,"2929 - CENTRAL EQUIPAMENTO MÉDICO - CIEQ 09 PAMB ",,"100.000,00",,"100.000,00",,15/01/2014,,14/01/2016,,,10139810058,,PRÓPRIO,ATIVO,,"S/N TELA- 1317093693
AUTONOMIA DAS BATERIAS: 1 HORA","DE SERVIÇO: LRM - LABORATORIO METROLOGICO COM. SERV. LTDA ATÉ: 11/11/2015 NA OS: 14008173;
DE SERVIÇO: LRM - LABORATORIO METROLOGICO COM. SERV. LTDA ATÉ: 10/01/2015 NA OS: 14008765",992fd9e1-dd35-4c08-ad4f-5786748b3773,03DS,01,2026-04-10 01:15:53.958+00,true,,,,,false,123,ANA P,2026-04-14 11:07:51.03+00,,,,,,,,,true,2026-04-10 01:16:01.655+00,03DN,in_use,EVEN0053,840,VENTILADOR PULMONAR
EVEN0054,11505,HC138012,VENTILADOR PULMONAR,SERVO-S,MAQUET,CRÍTICO,ALTA,HOSPITAL DAS CLÍNICAS,INSTITUTO CENTRAL - ICHC,IC - CENTRAL DE EQUIPAMENTOS DO INSTITUTO CENTRAL - 6º EE," AVENIDA DOUTOR ENÉAS DE CARVALHO AGUIAR 255, CERQUEIRA CÉSAR, SÃO PAULO-SP",SP,CERQUEIRA CÉSAR,SÃO PAULO,05403-010,"2929 - CENTRAL EQUIPAMENTO MÉDICO - CIEQ 09 PAMB ",26/12/2008,"61.803,43",TERMO DE DOAÇÃO,"61.803,43",,26/12/2008,,26/12/2010,,,80259110034,,PRÓPRIO,ATIVO,MAQUET DO BRASIL EQUIPAMENTOS MÉDICOS  LTDA.,"S/N TELA - 210127
AUTONOMIA DAS BATERIAS: 1H30 MIN","DE SERVIÇO: MAQUET DO BRASIL EQUIPAMENTOS MÉDICOS  LTDA. ATÉ: 28/08/2015 NA OS: 14006963;
DE SERVIÇO: LRM - LABORATORIO METROLOGICO COM. SERV. LTDA ATÉ: 30/10/2015 NA OS: 14007607;
DE SERVIÇO: MAQUET DO BRASIL EQUIPAMENTOS MÉDICOS  LTDA. ATÉ: 29/12/2016 NA OS: 16000319",f404b01e-08e3-40d6-8d5a-f82764e211b7,,,,,,,,,,,,,,,,,,,,,,,CEIC,available,EVEN0054,SERVO-S,VENTILADOR PULMONAR
EVEN0056,3512133359,HC155798,VENTILADOR PULMONAR,840,PURITAN BENNETT,CRÍTICO,ALTA,HOSPITAL DAS CLÍNICAS,INSTITUTO CENTRAL - ICHC,IC - CENTRAL DE EQUIPAMENTOS DO INSTITUTO CENTRAL - 6º EE," AVENIDA DOUTOR ENÉAS DE CARVALHO AGUIAR 255, CERQUEIRA CÉSAR, SÃO PAULO-SP",SP,CERQUEIRA CÉSAR,SÃO PAULO,05403-010,"2929 - CENTRAL EQUIPAMENTO MÉDICO - CIEQ 09 PAMB ",,"100.000,00",,"100.000,00",,15/01/2014,,14/01/2016,,,10139810058,,PRÓPRIO,ATIVO,,"SN TELA - 1318093790
AUTONOMIA DAS BATERIAS: 1 HORA","DE SERVIÇO: LRM - LABORATORIO METROLOGICO COM. SERV. LTDA ATÉ: 11/11/2015 NA OS: 14008108;
DE SERVIÇO: COVIDIEN ATÉ: 10/01/2015 NA OS: 14008767;
DE SERVIÇO: COVIDIEN ATÉ: 04/09/2015 NA OS: 15012683;
DE SERVIÇO: COVIDIEN ATÉ: 04/09/2015 NA OS: 15012689",accd177c-dc04-4928-90b3-80afce128913,,,,,,,,,,,,,,,,,,,,,,,CEIC,available,EVEN0056,840,VENTILADOR PULMONAR
EVEN0059,3510061641,HC132851,VENTILADOR PULMONAR,840,PURITAN BENNETT,CRÍTICO,ALTA,HOSPITAL DAS CLÍNICAS,INSTITUTO CENTRAL - ICHC,IC - CENTRAL DE EQUIPAMENTOS DO INSTITUTO CENTRAL - 6º EE," AVENIDA DOUTOR ENÉAS DE CARVALHO AGUIAR 255, CERQUEIRA CÉSAR, SÃO PAULO-SP",SP,CERQUEIRA CÉSAR,SÃO PAULO,05403-010,"2929 - CENTRAL EQUIPAMENTO MÉDICO - CIEQ 09 PAMB ",,"100.000,00",,"100.000,00",,31/07/2013,,30/07/2014,,,10139810058,,PRÓPRIO,ATIVO,,"SN TELA - 0617091649
AUTONOMIA DAS BATERIAS: 1 HORA",,5c76f871-af99-4991-abb8-cd5558761aa0,,,,,,,,,,,,,,,,,,,,,,,CEIC,available,EVEN0059,840,VENTILADOR PULMONAR
EVEN0060,3510061602,HC132850,VENTILADOR PULMONAR,840,PURITAN BENNETT,CRÍTICO,ALTA,HOSPITAL DAS CLÍNICAS,INSTITUTO CENTRAL - ICHC,IC - CENTRAL DE EQUIPAMENTOS DO INSTITUTO CENTRAL - 6º EE," AVENIDA DOUTOR ENÉAS DE CARVALHO AGUIAR 255, CERQUEIRA CÉSAR, SÃO PAULO-SP",SP,CERQUEIRA CÉSAR,SÃO PAULO,05403-010,"2929 - CENTRAL EQUIPAMENTO MÉDICO - CIEQ 09 PAMB ",,"100.000,00",,"100.000,00",,31/07/2013,,30/07/2014,,,10139810058,,PRÓPRIO,ATIVO,,"SN TELA - 0617091612

AUTONOMIA DAS BATERIAS: 1 HORA",DE SERVIÇO: AUTO SUTURE DO BRASIL LTDA ATÉ: 15/07/2014 NA OS: 14001621,a36a67aa-1d88-4700-bf8a-8738319ed514,,,,,,,,,,,,,,,,,,,,,,,CEIC,available,EVEN0060,840,VENTILADOR PULMONAR
EVEN0061,11506,HC138016,VENTILADOR PULMONAR,SERVO-S,MAQUET,CRÍTICO,ALTA,HOSPITAL DAS CLÍNICAS,INSTITUTO CENTRAL - ICHC,IC - CENTRAL DE EQUIPAMENTOS DO INSTITUTO CENTRAL - 6º EE," AVENIDA DOUTOR ENÉAS DE CARVALHO AGUIAR 255, CERQUEIRA CÉSAR, SÃO PAULO-SP",SP,CERQUEIRA CÉSAR,SÃO PAULO,05403-010,"2929 - CENTRAL EQUIPAMENTO MÉDICO - CIEQ 09 PAMB ",26/12/2008,"61.803,43",TERMO DE DOAÇÃO,"61.803,43",,26/12/2008,,26/12/2010,,,80259110034,,PRÓPRIO,ATIVO,,"SN TELA 210125
AUTONOMIA DAS BATERIAS: 1H30 MIN","DE SERVIÇO: MAQUET DO BRASIL EQUIPAMENTOS MÉDICOS  LTDA. ATÉ: 04/12/2015 NA OS: 14009045;
DE SERVIÇO: CALIBRAMED COMÉRCIO E METROLOGIA EM EQUIPAMEN ATÉ: 04/04/2017 NA OS: 16008158",9533d328-82e1-40d8-8a63-3dad7aa2bdcb,,,,,,,,,,,,,,,,,,,,,,,CEIC,available,EVEN0061,SERVO-S,VENTILADOR PULMONAR
EVEN0064,11517,HC138010,VENTILADOR PULMONAR,SERVO-S,MAQUET,CRÍTICO,ALTA,HOSPITAL DAS CLÍNICAS,INSTITUTO CENTRAL - ICHC,IC - CENTRAL DE EQUIPAMENTOS DO INSTITUTO CENTRAL - 6º EE," AVENIDA DOUTOR ENÉAS DE CARVALHO AGUIAR 255, CERQUEIRA CÉSAR, SÃO PAULO-SP",SP,CERQUEIRA CÉSAR,SÃO PAULO,05403-010,"2929 - CENTRAL EQUIPAMENTO MÉDICO - CIEQ 09 PAMB ",26/12/2008,"61.803,43",TERMO DE DOAÇÃO,"61.803,43",,26/12/2008,,26/12/2010,,,80259110034,,PRÓPRIO,ATIVO,MAQUET DO BRASIL EQUIPAMENTOS MÉDICOS  LTDA.,"SN TELA - 210136
AUTONOMIA DAS BATERIAS: 1H30 MIN",,8f68136a-5aee-4bf1-b3d3-bdb758657167,,,,,,,,,,,,,,,,,,,,,,,CEIC,available,EVEN0064,SERVO-S,VENTILADOR PULMONAR
EVEN0065,3510061654,HC132847,VENTILADOR PULMONAR,840,PURITAN BENNETT,CRÍTICO,ALTA,HOSPITAL DAS CLÍNICAS,INSTITUTO CENTRAL - ICHC,IC - CENTRAL DE EQUIPAMENTOS DO INSTITUTO CENTRAL - 6º EE," AVENIDA DOUTOR ENÉAS DE CARVALHO AGUIAR 255, CERQUEIRA CÉSAR, SÃO PAULO-SP",SP,CERQUEIRA CÉSAR,SÃO PAULO,05403-010,"2929 - CENTRAL EQUIPAMENTO MÉDICO - CIEQ 09 PAMB ",,"100.000,00",,"100.000,00",,31/07/2013,,30/07/2014,,,10139810058,,PRÓPRIO,ATIVO,,"SN TELA 0617091662
AUTONOMIA DAS BATERIAS: 1 HORA","DE SERVIÇO: AUTO SUTURE DO BRASIL LTDA ATÉ: 12/03/2015 NA OS: 14007192;
DE SERVIÇO: COVIDIEN ATÉ: 07/01/2016 NA OS: 15021803",1f4e2b31-8116-4633-87d1-57df66780b71,,,,,,,,,,,,,,,,,,,,,,,CEIC,available,EVEN0065,840,VENTILADOR PULMONAR
EVEN0066,3512132754,HC155795,VENTILADOR PULMONAR,840,PURITAN BENNETT,CRÍTICO,ALTA,HOSPITAL DAS CLÍNICAS,INSTITUTO CENTRAL - ICHC,IC - CENTRAL DE EQUIPAMENTOS DO INSTITUTO CENTRAL - 6º EE," AVENIDA DOUTOR ENÉAS DE CARVALHO AGUIAR 255, CERQUEIRA CÉSAR, SÃO PAULO-SP",SP,CERQUEIRA CÉSAR,SÃO PAULO,05403-010,"2929 - CENTRAL EQUIPAMENTO MÉDICO - CIEQ 09 PAMB ",,"100.000,00",,"100.000,00",,15/01/2014,,14/01/2016,,,10139810058,,PRÓPRIO,ATIVO,,"SN TELA 1317093150
AUTONOMIA DAS BATERIAS: 1 HORA","DE SERVIÇO: LRM - LABORATORIO METROLOGICO COM. SERV. LTDA ATÉ: 11/11/2015 NA OS: 14008624;
DE SERVIÇO: LRM - LABORATORIO METROLOGICO COM. SERV. LTDA ATÉ: 11/11/2015 NA OS: 14008624;
DE SERVIÇO: LRM - LABORATORIO METROLOGICO COM. SERV. LTDA ATÉ: 10/01/2015 NA OS: 14008776;
DE SERVIÇO: LRM - LABORATORIO METROLOGICO COM. SERV. LTDA ATÉ: 10/01/2015 NA OS: 14008773",80111670-5e51-48dc-878d-6814a7759396,,,,,,,,,,,,,,,,,,,,,,,CEIC,available,EVEN0066,840,VENTILADOR PULMONAR
EVEN0067,3512133355,HC155796,VENTILADOR PULMONAR,840,PURITAN BENNETT,CRÍTICO,ALTA,HOSPITAL DAS CLÍNICAS,INSTITUTO CENTRAL - ICHC,IC - CENTRAL DE EQUIPAMENTOS DO INSTITUTO CENTRAL - 6º EE," AVENIDA DOUTOR ENÉAS DE CARVALHO AGUIAR 255, CERQUEIRA CÉSAR, SÃO PAULO-SP",SP,CERQUEIRA CÉSAR,SÃO PAULO,05403-010,"2929 - CENTRAL EQUIPAMENTO MÉDICO - CIEQ 09 PAMB ",,"100.000,00",,"100.000,00",,15/01/2014,,14/01/2016,,,10139810058,,PRÓPRIO,ATIVO,,"SN TELA - 1317093785
AUTONOMIA DAS BATERIAS: 1 HORA","DE SERVIÇO: LRM - LABORATORIO METROLOGICO COM. SERV. LTDA ATÉ: 11/11/2015 NA OS: 14008110;
DE SERVIÇO: LRM - LABORATORIO METROLOGICO COM. SERV. LTDA ATÉ: 10/01/2015 NA OS: 14008766",3696e7ca-69e6-4a95-9124-4afd4c71c915,,,,,,,,,,,,,,,,,,,,,,,CEIC,available,EVEN0067,840,VENTILADOR PULMONAR
EVEN0068,3510061516,HC132848,VENTILADOR PULMONAR,840,PURITAN BENNETT,CRÍTICO,ALTA,HOSPITAL DAS CLÍNICAS,INSTITUTO CENTRAL - ICHC,IC - CENTRAL DE EQUIPAMENTOS DO INSTITUTO CENTRAL - 6º EE," AVENIDA DOUTOR ENÉAS DE CARVALHO AGUIAR 255, CERQUEIRA CÉSAR, SÃO PAULO-SP",SP,CERQUEIRA CÉSAR,SÃO PAULO,05403-010,"2929 - CENTRAL EQUIPAMENTO MÉDICO - CIEQ 09 PAMB ",,"100.000,00",,"100.000,00",,31/07/2013,,30/07/2014,,,10139810058,,PRÓPRIO,ATIVO,,"SN TELA - 0617091523
AUTONOMIA DAS BATERIAS: 1 HORA",DE SERVIÇO: LRM - LABORATORIO METROLOGICO COM. SERV. LTDA ATÉ: 03/11/2015 NA OS: 14008278,471cb73c-b28a-4e2c-9d66-e4d23f204c7b,,,,,,,,,,,,,,,,,,,,,,,CEIC,available,EVEN0068,840,VENTILADOR PULMONAR
EVEN0070,11531,HC138013,VENTILADOR PULMONAR,SERVO-S,MAQUET,CRÍTICO,ALTA,HOSPITAL DAS CLÍNICAS,INSTITUTO CENTRAL - ICHC,IC - CENTRAL DE EQUIPAMENTOS DO INSTITUTO CENTRAL - 6º EE," AVENIDA DOUTOR ENÉAS DE CARVALHO AGUIAR 255, CERQUEIRA CÉSAR, SÃO PAULO-SP",SP,CERQUEIRA CÉSAR,SÃO PAULO,05403-010,"2929 - CENTRAL EQUIPAMENTO MÉDICO - CIEQ 09 PAMB ",26/12/2008,"61.803,43",TERMO DE DOAÇÃO,"61.803,43",,26/12/2008,,26/12/2010,,,80259110034,,PRÓPRIO,ATIVO,MAQUET DO BRASIL EQUIPAMENTOS MÉDICOS  LTDA.,"SN TELA - 210149
AUTONOMIA DAS BATERIAS: 1H30 MIN

ABRIL/2020 - VENTILADOR ENCAMINHADO PARA GENERAL MOTORS DO BRASIL (GM). 

17/04/2020 - VENTILADOR RETORNOU DA GENERAL MOTORS DO BRASIL (GM) ONDE FOI REALIZADO MANUTENÇÃO DE FORMA GRATUITA E VOLUNTÁRIA, EM MEIO A CRISE DE COVID-2019.","DE SERVIÇO: LRM - LABORATORIO METROLOGICO COM. SERV. LTDA ATÉ: 28/11/2014 NA OS: 14008621;
DE SERVIÇO: LRM - LABORATORIO METROLOGICO COM. SERV. LTDA ATÉ: 18/11/2014 NA OS: 14008651;
DE SERVIÇO: LRM - LABORATORIO METROLOGICO COM. SERV. LTDA ATÉ: 18/11/2015 NA OS: 14008649;
DE SERVIÇO: MAQUET DO BRASIL EQUIPAMENTOS MÉDICOS  LTDA. ATÉ: 27/11/2016 NA OS: 15022133;
DE SERVIÇO: CALIBRAMED COMÉRCIO E METROLOGIA EM EQUIPAMEN ATÉ: 04/04/2017 NA OS: 16008160",a9f5dcf2-1a82-413d-999a-16ddcfb522eb,,,,,,,,,,,,,,,,,,,,,,,CEIC,available,EVEN0070,SERVO-S,VENTILADOR PULMONAR
EVEN0072,11507,HC138017,VENTILADOR PULMONAR,SERVO-S,MAQUET,CRÍTICO,ALTA,HOSPITAL DAS CLÍNICAS,INSTITUTO CENTRAL - ICHC,IC - CENTRAL DE EQUIPAMENTOS DO INSTITUTO CENTRAL - 6º EE," AVENIDA DOUTOR ENÉAS DE CARVALHO AGUIAR 255, CERQUEIRA CÉSAR, SÃO PAULO-SP",SP,CERQUEIRA CÉSAR,SÃO PAULO,05403-010,"2929 - CENTRAL EQUIPAMENTO MÉDICO - CIEQ 09 PAMB ",26/12/2008,"61.803,43",TERMO DE DOAÇÃO,"61.803,43",,26/12/2008,,26/12/2010,,,80259110034,,PRÓPRIO,ATIVO,,"SN TELA - 210135
AUTONOMIA DAS BATERIAS: 1H30 MIN","DE SERVIÇO: MAQUET DO BRASIL EQUIPAMENTOS MÉDICOS  LTDA. ATÉ: 18/09/2015 NA OS: 14006974;
DE SERVIÇO: LRM - LABORATORIO METROLOGICO COM. SERV. LTDA ATÉ: 04/12/2015 NA OS: 14009070;
DE SERVIÇO: LRM - LABORATORIO METROLOGICO COM. SERV. LTDA ATÉ: 04/12/2015 NA OS: 14009067;
DE SERVIÇO: CALIBRAMED COMÉRCIO E METROLOGIA EM EQUIPAMEN ATÉ: 05/04/2017 NA OS: 16008157",240f2953-5305-4482-8765-c7f4744bf077,,,,,,,,,,,,,,,,,,,,,,,CEIC,available,EVEN0072,SERVO-S,VENTILADOR PULMONAR
EVEN0073,11533,HC138011,VENTILADOR PULMONAR,SERVO-S,MAQUET,CRÍTICO,ALTA,HOSPITAL DAS CLÍNICAS,INSTITUTO CENTRAL - ICHC,IC - CENTRAL DE EQUIPAMENTOS DO INSTITUTO CENTRAL - 6º EE," AVENIDA DOUTOR ENÉAS DE CARVALHO AGUIAR 255, CERQUEIRA CÉSAR, SÃO PAULO-SP",SP,CERQUEIRA CÉSAR,SÃO PAULO,05403-010,"2929 - CENTRAL EQUIPAMENTO MÉDICO - CIEQ 09 PAMB ",26/12/2008,"61.803,43",TERMO DE DOAÇÃO,"61.803,43",,26/12/2008,,26/12/2010,,,80259110034,,PRÓPRIO,ATIVO,MAQUET DO BRASIL EQUIPAMENTOS MÉDICOS  LTDA.,AUTONOMIA DAS BATERIAS: 1H30 MIN,"DE SERVIÇO: LRM - LABORATORIO METROLOGICO COM. SERV. LTDA ATÉ: 30/10/2015 NA OS: 14007603;
DE SERVIÇO: LRM - LABORATORIO METROLOGICO COM. SERV. LTDA ATÉ: 30/10/2015 NA OS: 14007605",669b70ac-2b16-4ae5-9cec-e97b07044793,,,,,,,,,,,,,,,,,,,,,,,CEIC,available,EVEN0073,SERVO-S,VENTILADOR PULMONAR
EVEN0074,11513,HC138006,VENTILADOR PULMONAR,SERVO-S,MAQUET,CRÍTICO,ALTA,HOSPITAL DAS CLÍNICAS,INSTITUTO CENTRAL - ICHC,IC - CENTRAL DE EQUIPAMENTOS DO INSTITUTO CENTRAL - 6º EE," AVENIDA DOUTOR ENÉAS DE CARVALHO AGUIAR 255, CERQUEIRA CÉSAR, SÃO PAULO-SP",SP,CERQUEIRA CÉSAR,SÃO PAULO,05403-010,"2929 - CENTRAL EQUIPAMENTO MÉDICO - CIEQ 09 PAMB ",26/12/2008,"61.803,43",TERMO DE DOAÇÃO,"61.803,43",,26/12/2008,,26/12/2010,,,80259110034,,PRÓPRIO,ATIVO,MAQUET DO BRASIL EQUIPAMENTOS MÉDICOS  LTDA.,"PROCESSO ORIGINAL:07816/2009
PROCESSO SPDOC:1035481/2019
AUTONOMIA DAS BATERIAS: 1H30 MIN","DE SERVIÇO: LRM - LABORATORIO METROLOGICO COM. SERV. LTDA ATÉ: 06/11/2015 NA OS: 14007775;
DE SERVIÇO: LRM - LABORATORIO METROLOGICO COM. SERV. LTDA ATÉ: 06/11/2015 NA OS: 14007773",f42f45ba-2fd3-490e-a779-423832ce0e88,,,,,,,,,,,,,,,,,,,,,,,CEIC,available,EVEN0074,SERVO-S,VENTILADOR PULMONAR
EVEN0075,15722,HC140706,VENTILADOR PULMONAR,SERVO-S,MAQUET,CRÍTICO,ALTA,HOSPITAL DAS CLÍNICAS,INSTITUTO CENTRAL - ICHC,IC - CENTRAL DE EQUIPAMENTOS DO INSTITUTO CENTRAL - 6º EE," AVENIDA DOUTOR ENÉAS DE CARVALHO AGUIAR 255, CERQUEIRA CÉSAR, SÃO PAULO-SP",SP,CERQUEIRA CÉSAR,SÃO PAULO,05403-010,"2929 - CENTRAL EQUIPAMENTO MÉDICO - CIEQ 09 PAMB ",18/06/2010,"61.803,43",894468,"61.803,43",,18/06/2010,,18/06/2012,,,80259110034,,PRÓPRIO,ATIVO,MAQUET DO BRASIL EQUIPAMENTOS MÉDICOS  LTDA.,SN TELA - 214286,"DE SERVIÇO: MAQUET DO BRASIL EQUIPAMENTOS MÉDICOS  LTDA. ATÉ: 11/09/2015 NA OS: 14006981;
DE SERVIÇO: LRM - LABORATORIO METROLOGICO COM. SERV. LTDA ATÉ: 29/10/2015 NA OS: 14007725;
DE SERVIÇO: LRM - LABORATORIO METROLOGICO COM. SERV. LTDA ATÉ: 29/10/2015 NA OS: 14007731;
DE SERVIÇO: MAQUET DO BRASIL EQUIPAMENTOS MÉDICOS  LTDA. ATÉ: 30/12/2016 NA OS: 16001162",09a3041b-4fe7-4c6e-bcae-bc3f2bd27f6a,,,,,,,,,,,,,,,,,,,,,,,CEIC,available,EVEN0075,SERVO-S,VENTILADOR PULMONAR
EVEN0078,3510061617,HC132854,VENTILADOR PULMONAR,840,PURITAN BENNETT,CRÍTICO,ALTA,HOSPITAL DAS CLÍNICAS,INSTITUTO CENTRAL - ICHC,IC - CENTRAL DE EQUIPAMENTOS DO INSTITUTO CENTRAL - 6º EE," AVENIDA DOUTOR ENÉAS DE CARVALHO AGUIAR 255, CERQUEIRA CÉSAR, SÃO PAULO-SP",SP,CERQUEIRA CÉSAR,SÃO PAULO,05403-010,"2929 - CENTRAL EQUIPAMENTO MÉDICO - CIEQ 09 PAMB ",,"100.000,00",,"100.000,00",,31/07/2013,,30/07/2014,,,10139810058,,PRÓPRIO,ATIVO,,"SN TELA - 0617091621
AUTONOMIA DAS BATERIAS: 1 HORA",DE SERVIÇO: COVIDIEN ATÉ: 01/01/2016 NA OS: 15014252,c3270f95-3901-4a16-aba1-4e12be63a2bd,,05,,,,,,,,458512,Maria Betânea,2026-04-28 19:55:24.697+00,,,,,,,,,false,,ENF. RETAG EMERG CLINICA,in_use,EVEN0078,840,VENTILADOR PULMONAR
EVEN0084,11519,HC138015,VENTILADOR PULMONAR,SERVO-S,MAQUET,CRÍTICO,ALTA,HOSPITAL DAS CLÍNICAS,INSTITUTO CENTRAL - ICHC,IC - CENTRAL DE EQUIPAMENTOS DO INSTITUTO CENTRAL - 6º EE," AVENIDA DOUTOR ENÉAS DE CARVALHO AGUIAR 255, CERQUEIRA CÉSAR, SÃO PAULO-SP",SP,CERQUEIRA CÉSAR,SÃO PAULO,05403-010,"2929 - CENTRAL EQUIPAMENTO MÉDICO - CIEQ 09 PAMB ",26/12/2008,"61.803,43",TERMO DE DOAÇÃO,"61.803,43",,26/12/2008,,26/12/2010,,,80259110034,,PRÓPRIO,ATIVO,MAQUET DO BRASIL EQUIPAMENTOS MÉDICOS  LTDA.,"SN TELA - 210143
AUTONOMIA DAS BATERIAS: 1H30 MIN","DE SERVIÇO: MAQUET DO BRASIL EQUIPAMENTOS MÉDICOS  LTDA. ATÉ: 28/08/2015 NA OS: 14006966;
DE SERVIÇO: LRM - LABORATORIO METROLOGICO COM. SERV. LTDA ATÉ: 30/10/2015 NA OS: 14007677;
DE SERVIÇO: LRM - LABORATORIO METROLOGICO COM. SERV. LTDA ATÉ: 30/10/2015 NA OS: 14007727;
DE SERVIÇO: GETINGE DO BRASIL EQUIPAMENTOS MÉDICOS LTDA ATÉ: 09/09/2021 NA OS: 20025850",8b5b5de3-9d87-4ab5-ad36-4dc16b35fbf5,,,,,,,,,,,,,,,,,,,,,,,CEIC,available,EVEN0084,SERVO-S,VENTILADOR PULMONAR
EVEN0085,11520,HC138004,VENTILADOR PULMONAR,SERVO-S,MAQUET,CRÍTICO,ALTA,HOSPITAL DAS CLÍNICAS,INSTITUTO CENTRAL - ICHC,IC - CENTRAL DE EQUIPAMENTOS DO INSTITUTO CENTRAL - 6º EE," AVENIDA DOUTOR ENÉAS DE CARVALHO AGUIAR 255, CERQUEIRA CÉSAR, SÃO PAULO-SP",SP,CERQUEIRA CÉSAR,SÃO PAULO,05403-010,"2929 - CENTRAL EQUIPAMENTO MÉDICO - CIEQ 09 PAMB ",26/12/2008,"61.803,43",TERMO DE DOAÇÃO,"61.803,43",,26/12/2008,,26/12/2010,,,80259110034,,PRÓPRIO,ATIVO,,"SN TELA - 210146

AUTONOMIA DAS BATERIAS: 1H30 MIN

PROCESSO ORIGINAL:07816/2009
PROCESSO SPDOC:1035481/2019",DE SERVIÇO: MAQUET DO BRASIL EQUIPAMENTOS MÉDICOS  LTDA. ATÉ: 28/12/2016 NA OS: 16000310,b0fa120e-c13f-4d17-9097-0b210c615d84,,,,,,,,,,,,,,,,,,,,,,,CEIC,available,EVEN0085,SERVO-S,VENTILADOR PULMONAR
EVEN0086,15561,HC140705,VENTILADOR PULMONAR,SERVO-S,MAQUET,CRÍTICO,ALTA,HOSPITAL DAS CLÍNICAS,INSTITUTO CENTRAL - ICHC,IC - CENTRAL DE EQUIPAMENTOS DO INSTITUTO CENTRAL - 6º EE," AVENIDA DOUTOR ENÉAS DE CARVALHO AGUIAR 255, CERQUEIRA CÉSAR, SÃO PAULO-SP",SP,CERQUEIRA CÉSAR,SÃO PAULO,05403-010,"2929 - CENTRAL EQUIPAMENTO MÉDICO - CIEQ 09 PAMB ",18/06/2010,"61.803,43",894468,"61.803,43",,18/06/2010,,18/06/2012,,,80259110034,,PRÓPRIO,ATIVO,MAQUET DO BRASIL EQUIPAMENTOS MÉDICOS  LTDA.,"SN TELA - 214407
AUTONOMIA DAS BATERIAS: 1H30 MIN","DE SERVIÇO: MAQUET DO BRASIL EQUIPAMENTOS MÉDICOS  LTDA. ATÉ: 13/10/2014 NA OS: 14006955;
DE SERVIÇO: LRM - LABORATORIO METROLOGICO COM. SERV. LTDA ATÉ: 18/11/2015 NA OS: 14008671;
DE SERVIÇO: LRM - LABORATORIO METROLOGICO COM. SERV. LTDA ATÉ: 18/11/2015 NA OS: 14008670;
DE SERVIÇO: MAQUET DO BRASIL EQUIPAMENTOS MÉDICOS  LTDA. ATÉ: 28/12/2016 NA OS: 16000290;
DE SERVIÇO: CALIBRAMED COMÉRCIO E METROLOGIA EM EQUIPAMEN ATÉ: 04/04/2017 NA OS: 16008163",1282d8ed-2f58-463e-b78a-ee4afd600478,,,,,,,,,,,,,,,,,,,,,,,CEIC,available,EVEN0086,SERVO-S,VENTILADOR PULMONAR
EVEN0095,11530,HC138014,VENTILADOR PULMONAR,SERVO-S,MAQUET,CRÍTICO,ALTA,HOSPITAL DAS CLÍNICAS,INSTITUTO CENTRAL - ICHC,IC - CENTRAL DE EQUIPAMENTOS DO INSTITUTO CENTRAL - 6º EE," AVENIDA DOUTOR ENÉAS DE CARVALHO AGUIAR 255, CERQUEIRA CÉSAR, SÃO PAULO-SP",SP,CERQUEIRA CÉSAR,SÃO PAULO,05403-010,"2929 - CENTRAL EQUIPAMENTO MÉDICO - CIEQ 09 PAMB ",26/12/2008,"61.803,43",TERMO DE DOAÇÃO,"61.803,43",,26/12/2008,,26/12/2010,,,80259110034,,PRÓPRIO,ATIVO,MAQUET DO BRASIL EQUIPAMENTOS MÉDICOS  LTDA.,"S/N TELA - 210162
AUTONOMIA DAS BATERIAS: 1H30 MIN","DE SERVIÇO: LRM - LABORATORIO METROLOGICO COM. SERV. LTDA ATÉ: 06/11/2015 NA OS: 14007776;
DE SERVIÇO: LRM - LABORATORIO METROLOGICO COM. SERV. LTDA ATÉ: 06/11/2015 NA OS: 14007777;
DE SERVIÇO: MAQUET DO BRASIL EQUIPAMENTOS MÉDICOS  LTDA. ATÉ: 29/12/2016 NA OS: 16000299;
DE SERVIÇO: CALIBRAMED COMÉRCIO E METROLOGIA EM EQUIPAMEN ATÉ: 06/04/2017 NA OS: 16008167",aa60311c-63e9-4c02-ad5a-d84eda458dc2,,,,,,,,,,,,,,,,,,,,,,,CEIC,available,EVEN0095,SERVO-S,VENTILADOR PULMONAR
EVEN0106,11512,HC138009,VENTILADOR PULMONAR,SERVO-S,MAQUET,CRÍTICO,ALTA,HOSPITAL DAS CLÍNICAS,INSTITUTO CENTRAL - ICHC,IC - CENTRAL DE EQUIPAMENTOS DO INSTITUTO CENTRAL - 6º EE," AVENIDA DOUTOR ENÉAS DE CARVALHO AGUIAR 255, CERQUEIRA CÉSAR, SÃO PAULO-SP",SP,CERQUEIRA CÉSAR,SÃO PAULO,05403-010,"2929 - CENTRAL EQUIPAMENTO MÉDICO - CIEQ 09 PAMB ",26/12/2008,"61.803,43",TERMO DE DOAÇÃO,"61.803,43",,26/12/2008,,26/12/2010,,,80259110034,,PRÓPRIO,ATIVO,MAQUET DO BRASIL EQUIPAMENTOS MÉDICOS  LTDA.,SN TELA - 210132,"DE SERVIÇO: LRM - LABORATORIO METROLOGICO COM. SERV. LTDA ATÉ: 30/10/2015 NA OS: 14007730;
DE SERVIÇO: LRM - LABORATORIO METROLOGICO COM. SERV. LTDA ATÉ: 28/10/2015 NA OS: 14007733;
DE SERVIÇO: MAQUET DO BRASIL EQUIPAMENTOS MÉDICOS  LTDA. ATÉ: 30/12/2016 NA OS: 16001242;
DE SERVIÇO: CALIBRAMED COMÉRCIO E METROLOGIA EM EQUIPAMEN ATÉ: 04/04/2017 NA OS: 16008170",64b6d751-21db-4862-b15f-cba12afa46a9,,,,,,,,,,,,,,,,,,,,,,,CEIC,available,EVEN0106,SERVO-S,VENTILADOR PULMONAR
EVEN0107,3510061599,HC132845,VENTILADOR PULMONAR,840,PURITAN BENNETT,CRÍTICO,ALTA,HOSPITAL DAS CLÍNICAS,INSTITUTO CENTRAL - ICHC,IC - CENTRAL DE EQUIPAMENTOS DO INSTITUTO CENTRAL - 6º EE," AVENIDA DOUTOR ENÉAS DE CARVALHO AGUIAR 255, CERQUEIRA CÉSAR, SÃO PAULO-SP",SP,CERQUEIRA CÉSAR,SÃO PAULO,05403-010,"2929 - CENTRAL EQUIPAMENTO MÉDICO - CIEQ 09 PAMB ",,"100.000,00",,"100.000,00",,31/07/2013,,30/07/2014,,,10139810058,,PRÓPRIO,ATIVO,,"SN TELA - 0617091608
AUTONOMIA DAS BATERIAS: 1 HORA",DE SERVIÇO: COVIDIEN ATÉ: 01/12/2015 NA OS: 15014244,6be96995-74a9-42f7-a2b8-2e9b911ed175,,,,,,,,,,,,,,,,,,,,,,,CEIC,available,EVEN0107,840,VENTILADOR PULMONAR
EVEN0115,11527,HC138007,VENTILADOR PULMONAR,SERVO-S,MAQUET,CRÍTICO,ALTA,HOSPITAL DAS CLÍNICAS,INSTITUTO CENTRAL - ICHC,IC - CENTRAL DE EQUIPAMENTOS DO INSTITUTO CENTRAL - 6º EE," AVENIDA DOUTOR ENÉAS DE CARVALHO AGUIAR 255, CERQUEIRA CÉSAR, SÃO PAULO-SP",SP,CERQUEIRA CÉSAR,SÃO PAULO,05403-010,"2929 - CENTRAL EQUIPAMENTO MÉDICO - CIEQ 09 PAMB ",26/12/2008,"61.803,43",TERMO DE DOAÇÃO,"61.803,43",,26/12/2008,,26/12/2010,,,80259110034,,PRÓPRIO,ATIVO,,"SN TELA - 210140

PROCESSO ORIGINAL:07816/2009
PROCESSO SPDOC:1035481/2019

AUTONOMIA DAS BATERIAS: 1H30 MIN","DE SERVIÇO: MAQUET DO BRASIL EQUIPAMENTOS MÉDICOS  LTDA. ATÉ: 16/07/2015 NA OS: 14006972;
DE SERVIÇO: LRM - LABORATORIO METROLOGICO COM. SERV. LTDA ATÉ: 28/10/2015 NA OS: 14007726;
DE SERVIÇO: MAQUET DO BRASIL EQUIPAMENTOS MÉDICOS  LTDA. ATÉ: 29/12/2016 NA OS: 16000297;
DE SERVIÇO: CALIBRAMED COMÉRCIO E METROLOGIA EM EQUIPAMEN ATÉ: 05/04/2017 NA OS: 16008168",e2e148ec-b973-4888-b737-288f4616bd3c,,,,,,,,,,,,,,,,,,,,,,,CEIC,available,EVEN0115,SERVO-S,VENTILADOR PULMONAR
EVEN0117,3510061645,HC132852,VENTILADOR PULMONAR,840,PURITAN BENNETT,CRÍTICO,ALTA,HOSPITAL DAS CLÍNICAS,INSTITUTO CENTRAL - ICHC,IC - CENTRAL DE EQUIPAMENTOS DO INSTITUTO CENTRAL - 6º EE," AVENIDA DOUTOR ENÉAS DE CARVALHO AGUIAR 255, CERQUEIRA CÉSAR, SÃO PAULO-SP",SP,CERQUEIRA CÉSAR,SÃO PAULO,05403-010,"2929 - CENTRAL EQUIPAMENTO MÉDICO - CIEQ 09 PAMB ",,"100.000,00",,"100.000,00",,31/07/2013,,30/07/2014,,,10139810058,,PRÓPRIO,ATIVO,,"SN TELA - 0617091651

AUTONOMIA DAS BATERIAS: 1 HORA",DE SERVIÇO: COVIDIEN ATÉ: 03/12/2015 NA OS: 14008929,ed71cd18-bf0b-49a2-9cf4-bcf11a0f7490,,,,,,,,,,,,,,,,,,,,,,,CEIC,available,EVEN0117,840,VENTILADOR PULMONAR
EVEN0125,11528,HC138005,VENTILADOR PULMONAR,SERVO-S,MAQUET,CRÍTICO,ALTA,HOSPITAL DAS CLÍNICAS,INSTITUTO CENTRAL - ICHC,IC - CENTRAL DE EQUIPAMENTOS DO INSTITUTO CENTRAL - 6º EE," AVENIDA DOUTOR ENÉAS DE CARVALHO AGUIAR 255, CERQUEIRA CÉSAR, SÃO PAULO-SP",SP,CERQUEIRA CÉSAR,SÃO PAULO,05403-010,"2929 - CENTRAL EQUIPAMENTO MÉDICO - CIEQ 09 PAMB ",26/12/2008,"61.803,43",TERMO DE DOAÇÃO,"61.803,43",,26/12/2008,,26/12/2010,,,80259110034,,PRÓPRIO,ATIVO,MAQUET DO BRASIL EQUIPAMENTOS MÉDICOS  LTDA.,"SN TELA - 210155

PROCESSO ORIGINAL:07816/2009
PROCESSO SPDOC:1035481/2019

AUTONOMIA DAS BATERIAS: 1H30 MIN","DE SERVIÇO: MAQUET DO BRASIL EQUIPAMENTOS MÉDICOS  LTDA. ATÉ: 16/07/2015 NA OS: 14006973;
DE SERVIÇO: MAQUET DO BRASIL EQUIPAMENTOS MÉDICOS  LTDA. ATÉ: 18/09/2015 NA OS: 14006980;
DE SERVIÇO: MAQUET DO BRASIL EQUIPAMENTOS MÉDICOS  LTDA. ATÉ: 28/12/2016 NA OS: 16000281;
DE SERVIÇO: CALIBRAMED COMÉRCIO E METROLOGIA EM EQUIPAMEN ATÉ: 04/04/2017 NA OS: 16008165",9ecd4d18-3c70-4ac0-86b6-6b065660e1d1,,,,,,,,,,,,,,,,,,,,,,,CEIC,available,EVEN0125,SERVO-S,VENTILADOR PULMONAR
EVEN0128,3510061591,HC132843,VENTILADOR PULMONAR,840,PURITAN BENNETT,CRÍTICO,ALTA,HOSPITAL DAS CLÍNICAS,INSTITUTO CENTRAL - ICHC,IC - CENTRAL DE EQUIPAMENTOS DO INSTITUTO CENTRAL - 6º EE," AVENIDA DOUTOR ENÉAS DE CARVALHO AGUIAR 255, CERQUEIRA CÉSAR, SÃO PAULO-SP",SP,CERQUEIRA CÉSAR,SÃO PAULO,05403-010,"2929 - CENTRAL EQUIPAMENTO MÉDICO - CIEQ 09 PAMB ",,"100.000,00",,"100.000,00",,31/07/2013,,30/07/2014,,,10139810058,,PRÓPRIO,ATIVO,,AUTONOMIA DAS BATERIAS: 1 HORA,DE SERVIÇO: AUTO SUTURE DO BRASIL LTDA ATÉ: 03/07/2015 NA OS: 14003071,5d51f5a4-41fd-4bbc-add7-f70c66cc7975,03DN,,2026-03-29 20:27:04.488+00,true,,,,,false,,,,,,,,,,,,true,2026-03-29 20:27:24.198+00,CEIC,available,EVEN0128,840,VENTILADOR PULMONAR
EVEN0140,ASCA0056,HC156387,VENTILADOR PULMONAR DE TRANSPORTE,OXYLOG 2000 PLUS,DRAGER,CRÍTICO,ALTA,HOSPITAL DAS CLÍNICAS,INSTITUTO CENTRAL - ICHC,IC - CENTRAL DE EQUIPAMENTOS DO INSTITUTO CENTRAL - 6º EE," AVENIDA DOUTOR ENÉAS DE CARVALHO AGUIAR 255, CERQUEIRA CÉSAR, SÃO PAULO-SP",SP,CERQUEIRA CÉSAR,SÃO PAULO,05403-010,"2929 - CENTRAL EQUIPAMENTO MÉDICO - CIEQ 09 PAMB ",,"50.000,00",,"50.000,00",,31/07/2013,,,,,10407370073,,PRÓPRIO,ATIVO,,"FFM49760 DOADO HC156387
AUTONOMIA DAS BATERIAS: 4H",DE SERVIÇO: GE HEALTHCARE DO BRASIL COMERCIO E SERVICOS ATÉ: 12/11/2014 NA OS: 14009047,82135cb8-f317-47f7-b8f0-1be3fe7411c5,,,,,,,,,,,,,,,,,,,,,,,CEIC,available,EVEN0140,OXYLOG 2000 PLUS,VENTILADOR PULMONAR DE TRANSPORTE
EVEN0173,3510061634,HC132853,VENTILADOR PULMONAR,840,PURITAN BENNETT,CRÍTICO,ALTA,HOSPITAL DAS CLÍNICAS,INSTITUTO CENTRAL - ICHC,IC - CENTRAL DE EQUIPAMENTOS DO INSTITUTO CENTRAL - 6º EE," AVENIDA DOUTOR ENÉAS DE CARVALHO AGUIAR 255, CERQUEIRA CÉSAR, SÃO PAULO-SP",SP,CERQUEIRA CÉSAR,SÃO PAULO,05403-010,"2929 - CENTRAL EQUIPAMENTO MÉDICO - CIEQ 09 PAMB ",,"100.000,00",,"100.000,00",,10/01/2014,,09/01/2015,,,10139810058,,PRÓPRIO,ATIVO,,"S/N TELA - 0617091641
AUTONOMIA DAS BATERIAS: 1 HORA",DE SERVIÇO: COVIDIEN ATÉ: 03/12/2015 NA OS: 14008924,416dd5d3-486b-41aa-a538-96ee72b5d63d,,,,,,,,,,,,,,,,,,,,,,,CEIC,available,EVEN0173,840,VENTILADOR PULMONAR
EVEN0203,SRZA0129,HC135475,VENTILADOR PULMONAR DE TRANSPORTE,OXYLOG 3000,DRAGER,CRÍTICO,ALTA,HOSPITAL DAS CLÍNICAS,INSTITUTO CENTRAL - ICHC,IC - CENTRAL DE EQUIPAMENTOS DO INSTITUTO CENTRAL - 6º EE," AVENIDA DOUTOR ENÉAS DE CARVALHO AGUIAR 255, CERQUEIRA CÉSAR, SÃO PAULO-SP",SP,CERQUEIRA CÉSAR,SÃO PAULO,05403-010,"2929 - CENTRAL EQUIPAMENTO MÉDICO - CIEQ 09 PAMB ",,"50.000,00",,"50.000,00",,09/04/2014,,,,,10407370059,,PRÓPRIO,ATIVO,,"AUTONOMIA DAS BATERIAS: 4H

27/09/2018 - REALIZADA A ENTREGA À UATA (UNIDADE DE APOIO TÉCNICO AO ANESTESISTA) DO PULMÃO TESTE PARA REALIZAÇÃO DOS TESTES FUNCIONAIS NO VENTILADOR PULMONAR OXYLOG. NO ANEXO DO CADASTRO DO EQUIPAMENTO ENCONTRA-SE A NF DO PULMÃO TESTE E A GUIA DE REMESSA DE ENTREGA DO PULMÃO.","DE SERVIÇO: DRÄGER DO BRASIL LTDA ATÉ: 26/09/2015 NA OS: 14007715;
DE SERVIÇO: LRM - LABORATORIO METROLOGICO COM. SERV. LTDA ATÉ: 12/11/2015 NA OS: 14008195;
DE SERVIÇO: DRÄGER DO BRASIL LTDA ATÉ: 17/11/2015 NA OS: 15013344",d8ac8c8c-a000-41cf-875d-84205ce46e94,,,,,,,,,,,,,,,,,,,,,,,CEIC,available,EVEN0203,OXYLOG 3000,VENTILADOR PULMONAR DE TRANSPORTE
EVEN0204,SRZA0130,HC135476,VENTILADOR PULMONAR DE TRANSPORTE,OXYLOG 3000,DRAGER,CRÍTICO,ALTA,HOSPITAL DAS CLÍNICAS,INSTITUTO CENTRAL - ICHC,IC - CENTRAL DE EQUIPAMENTOS DO INSTITUTO CENTRAL - 6º EE," AVENIDA DOUTOR ENÉAS DE CARVALHO AGUIAR 255, CERQUEIRA CÉSAR, SÃO PAULO-SP",SP,CERQUEIRA CÉSAR,SÃO PAULO,05403-010,"2929 - CENTRAL EQUIPAMENTO MÉDICO - CIEQ 09 PAMB ",,"50.000,00",,"50.000,00",,09/04/2014,,,,,10407370059,,PRÓPRIO,ATIVO,,"AUTONOMIA DAS BATERIAS: 4H

27/09/2018 - REALIZADA A ENTREGA À UATA (UNIDADE DE APOIO TÉCNICO AO ANESTESISTA) DO PULMÃO TESTE PARA REALIZAÇÃO DOS TESTES FUNCIONAIS NO VENTILADOR PULMONAR OXYLOG. NO ANEXO DO CADASTRO DO EQUIPAMENTO ENCONTRA-SE A NF DO PULMÃO TESTE E A GUIA DE REMESSA DE ENTREGA DO PULMÃO.","DE SERVIÇO: LRM - LABORATORIO METROLOGICO COM. SERV. LTDA ATÉ: 12/11/2015 NA OS: 14008184;
DE SERVIÇO: LRM - LABORATORIO METROLOGICO COM. SERV. LTDA ATÉ: 12/11/2015 NA OS: 14008190;
DE SERVIÇO: DRÄGER DO BRASIL LTDA ATÉ: 24/09/2015 NA OS: 15010105;
DE SERVIÇO: DRÄGER DO BRASIL LTDA ATÉ: 23/01/2016 NA OS: 15018181;
DE SERVIÇO: DRÄGER DO BRASIL LTDA ATÉ: 07/10/2015 NA OS: 14006741",e91a5c75-a6ac-41e9-b20a-08e85cb609fa,,,,,,,,,,,,,,,,,,,,,,,CEIC,available,EVEN0204,OXYLOG 3000,VENTILADOR PULMONAR DE TRANSPORTE
EVEN0207,ASFB0034,HC156571,VENTILADOR PULMONAR DE TRANSPORTE,OXYLOG 3000 PLUS,DRAGER,CRÍTICO,ALTA,HOSPITAL DAS CLÍNICAS,INSTITUTO CENTRAL - ICHC,IC - CENTRAL DE EQUIPAMENTOS DO INSTITUTO CENTRAL - 6º EE," AVENIDA DOUTOR ENÉAS DE CARVALHO AGUIAR 255, CERQUEIRA CÉSAR, SÃO PAULO-SP",SP,CERQUEIRA CÉSAR,SÃO PAULO,05403-010,"2929 - CENTRAL EQUIPAMENTO MÉDICO - CIEQ 09 PAMB ",14/04/2014,"28.987,00",8784,"28.987,00",,22/05/2014,,22/05/2015,,,10407370097,,PRÓPRIO,ATIVO,DRÄGER DO BRASIL LTDA,"AUTONOMIA DAS BATERIAS: 4H

NOTA FISCAL DOAÇÃO FFM 28520 - EMISSÃO DA DOAÇÃO: 09/08/16 CENTRO DE CUSTO 94055

25/11/2019 - O EQUIPAMENTO FOI EMPRESTADO À UATA.",,7b22390d-2675-4b03-ad0e-5e3d8cb9cb8a,,,,,,,,,,,,,,,,,,,,,,,CEIC,available,EVEN0207,OXYLOG 3000 PLUS,VENTILADOR PULMONAR DE TRANSPORTE
EVEN0208,ASFB0033,HC156569,VENTILADOR PULMONAR DE TRANSPORTE,OXYLOG 3000 PLUS,DRAGER,CRÍTICO,ALTA,HOSPITAL DAS CLÍNICAS,INSTITUTO CENTRAL - ICHC,IC - CENTRAL DE EQUIPAMENTOS DO INSTITUTO CENTRAL - 6º EE," AVENIDA DOUTOR ENÉAS DE CARVALHO AGUIAR 255, CERQUEIRA CÉSAR, SÃO PAULO-SP",SP,CERQUEIRA CÉSAR,SÃO PAULO,05403-010,"2929 - CENTRAL EQUIPAMENTO MÉDICO - CIEQ 09 PAMB ",14/04/2014,"28.987,00",8784,"28.987,00",,22/05/2014,,22/05/2015,,,10407370097,,PRÓPRIO,ATIVO,DRÄGER DO BRASIL LTDA,"AUTONOMIA DAS BATERIAS: 4H

NOTA FISCAL DOAÇÃO FFM N.º28520 CENTRO DE CUSTO 94055",DE SERVIÇO: LRM - LABORATORIO METROLOGICO COM. SERV. LTDA ATÉ: 11/11/2015 NA OS: 14008222,a6952989-20b6-41e6-9612-b9b260480316,,,,,,,,,,,,,,,,,,,,,,,CEIC,available,EVEN0208,OXYLOG 3000 PLUS,VENTILADOR PULMONAR DE TRANSPORTE
EVEN0209,ASFB0032,HC156572,VENTILADOR PULMONAR DE TRANSPORTE,OXYLOG 3000 PLUS,DRAGER,CRÍTICO,ALTA,HOSPITAL DAS CLÍNICAS,INSTITUTO CENTRAL - ICHC,IC - CENTRAL DE EQUIPAMENTOS DO INSTITUTO CENTRAL - 6º EE," AVENIDA DOUTOR ENÉAS DE CARVALHO AGUIAR 255, CERQUEIRA CÉSAR, SÃO PAULO-SP",SP,CERQUEIRA CÉSAR,SÃO PAULO,05403-010,"2929 - CENTRAL EQUIPAMENTO MÉDICO - CIEQ 09 PAMB ",14/04/2014,"28.987,00",8784,"28.987,00",,22/05/2014,,22/05/2015,,,10407370097,,PRÓPRIO,ATIVO,DRÄGER DO BRASIL LTDA,"AUTONOMIA DAS BATERIAS: 4H

NOTA FISCAL DOAÇÃO N.º 28520 CENTRO DE CUSTO 94055",DE SERVIÇO: LRM - LABORATORIO METROLOGICO COM. SERV. LTDA ATÉ: 11/11/2015 NA OS: 14008610,717ac9bb-82da-44ef-8f2c-2f45f727212b,,,,,,,,,,,,,,,,,,,,,,,CEIC,available,EVEN0209,OXYLOG 3000 PLUS,VENTILADOR PULMONAR DE TRANSPORTE
EVEN0210,ASFB0031,HC156570,VENTILADOR PULMONAR DE TRANSPORTE,OXYLOG 3000 PLUS,DRAGER,CRÍTICO,ALTA,HOSPITAL DAS CLÍNICAS,INSTITUTO CENTRAL - ICHC,IC - CENTRAL DE EQUIPAMENTOS DO INSTITUTO CENTRAL - 6º EE," AVENIDA DOUTOR ENÉAS DE CARVALHO AGUIAR 255, CERQUEIRA CÉSAR, SÃO PAULO-SP",SP,CERQUEIRA CÉSAR,SÃO PAULO,05403-010,"2929 - CENTRAL EQUIPAMENTO MÉDICO - CIEQ 09 PAMB ",14/04/2014,"28.987,00",8784,"28.987,00",,22/05/2014,,22/05/2015,,,10407370097,,PRÓPRIO,ATIVO,DRÄGER DO BRASIL LTDA,"AUTONOMIA DAS BATERIAS: 4H

NOTA FISCAL DOAÇÃO FFM N.º28520 CENTRO DE CUSTO 94055",DE SERVIÇO: LRM - LABORATORIO METROLOGICO COM. SERV. LTDA ATÉ: 11/11/2015 NA OS: 14008178,1292016c-f5c8-4854-ba72-1651f7cc3ae5,,,,,,,,,,,,,,,,,,,,,,,CEIC,available,EVEN0210,OXYLOG 3000 PLUS,VENTILADOR PULMONAR DE TRANSPORTE
EVEN0462,84372,HC157014,VENTILADOR PULMONAR,SERVO-I,MAQUET,CRÍTICO,ALTA,HOSPITAL DAS CLÍNICAS,INSTITUTO CENTRAL - ICHC,IC - CENTRAL DE EQUIPAMENTOS DO INSTITUTO CENTRAL - 6º EE," AVENIDA DOUTOR ENÉAS DE CARVALHO AGUIAR 255, CERQUEIRA CÉSAR, SÃO PAULO-SP",SP,CERQUEIRA CÉSAR,SÃO PAULO,05403-010,"2929 - CENTRAL EQUIPAMENTO MÉDICO - CIEQ 09 PAMB ",10/11/2016,"15.000,00",01316-A,"15.000,00",,12/12/2016,,12/12/2021,,,80259110006,,PRÓPRIO,ATIVO,MAQUET DO BRASIL EQUIPAMENTOS MÉDICOS  LTDA.,"CASSETE EXPIRATÓRIO - SN: 261220

PROCESSO N.º 5539/2014 - OC Nº 00021263 - EMPENHO Nº 2016NE03617
AUTONOMIA DAS BATERIAS: 1H30 MIN

OBS. 2023 - UTILIZADO PARA O PROJETO DE ESTUDO UTI-CONECTADA (ENGENHARIA CORPORATIVA)",,011fcb33-38ce-4ca6-a75a-3231033c9d56,,,,,,,,,,,,,,,,,,,,,,,CEIC,available,EVEN0462,SERVO-I,VENTILADOR PULMONAR
EVEN0463,84363,HC157016,VENTILADOR PULMONAR,SERVO-I,MAQUET,CRÍTICO,ALTA,HOSPITAL DAS CLÍNICAS,INSTITUTO CENTRAL - ICHC,IC - CENTRAL DE EQUIPAMENTOS DO INSTITUTO CENTRAL - 6º EE," AVENIDA DOUTOR ENÉAS DE CARVALHO AGUIAR 255, CERQUEIRA CÉSAR, SÃO PAULO-SP",SP,CERQUEIRA CÉSAR,SÃO PAULO,05403-010,"2929 - CENTRAL EQUIPAMENTO MÉDICO - CIEQ 09 PAMB ",10/11/2016,"15.000,00",01316-A,"15.000,00",,12/12/2016,,12/12/2021,,,80259110006,,PRÓPRIO,ATIVO,,"CASSETE EXPIRATÓRIO - SN: 261209
AUTONOMIA DAS BATERIAS: 1H30 MIN",,3ee890c3-fabc-4461-be35-1efb0aabbe5c,,,,,,,,,,,,,,,,,,,,,,,CEIC,available,EVEN0463,SERVO-I,VENTILADOR PULMONAR
EVEN0464,84376,HC157019,VENTILADOR PULMONAR,SERVO-I,MAQUET,CRÍTICO,ALTA,HOSPITAL DAS CLÍNICAS,INSTITUTO CENTRAL - ICHC,IC - CENTRAL DE EQUIPAMENTOS DO INSTITUTO CENTRAL - 6º EE," AVENIDA DOUTOR ENÉAS DE CARVALHO AGUIAR 255, CERQUEIRA CÉSAR, SÃO PAULO-SP",SP,CERQUEIRA CÉSAR,SÃO PAULO,05403-010,"2929 - CENTRAL EQUIPAMENTO MÉDICO - CIEQ 09 PAMB ",10/11/2016,"15.000,00",01316-A,"15.000,00",,12/12/2016,,12/12/2021,,,80259110006,,PRÓPRIO,ATIVO,MAQUET DO BRASIL EQUIPAMENTOS MÉDICOS  LTDA.,"CASSETE EXPIRATÓRIO - SN: 261214
AUTONOMIA DAS BATERIAS: 1H30 MIN

OBS. 2023 - UTILIZADO PARA O PROJETO DE ESTUDO UTI-CONECTADA (ENGENHARIA CORPORATIVA)",,4807ba79-b802-4c92-8e24-f6c9955c516c,,,,,,,,,,,,,,,,,,,,,,,CEIC,available,EVEN0464,SERVO-I,VENTILADOR PULMONAR
EVEN0465,84360,HC157018,VENTILADOR PULMONAR,SERVO-I,MAQUET,CRÍTICO,ALTA,HOSPITAL DAS CLÍNICAS,INSTITUTO CENTRAL - ICHC,IC - CENTRAL DE EQUIPAMENTOS DO INSTITUTO CENTRAL - 6º EE," AVENIDA DOUTOR ENÉAS DE CARVALHO AGUIAR 255, CERQUEIRA CÉSAR, SÃO PAULO-SP",SP,CERQUEIRA CÉSAR,SÃO PAULO,05403-010,"2929 - CENTRAL EQUIPAMENTO MÉDICO - CIEQ 09 PAMB ",10/11/2016,"15.000,00",01316-A,"15.000,00",,12/12/2016,,12/12/2021,,,80259110006,,PRÓPRIO,ATIVO,,"CASSETE EXPIRATÓRIO - SN: 261214
AUTONOMIA DAS BATERIAS: 1H30 MIN",,51069b65-18f2-43e0-9a7e-48e519b74f4b,,,,,,,,,,,,,,,,,,,,,,,CEIC,available,EVEN0465,SERVO-I,VENTILADOR PULMONAR
EVEN0466,84371,HC157017,VENTILADOR PULMONAR,SERVO-I,MAQUET,CRÍTICO,ALTA,HOSPITAL DAS CLÍNICAS,INSTITUTO CENTRAL - ICHC,IC - CENTRAL DE EQUIPAMENTOS DO INSTITUTO CENTRAL - 6º EE," AVENIDA DOUTOR ENÉAS DE CARVALHO AGUIAR 255, CERQUEIRA CÉSAR, SÃO PAULO-SP",SP,CERQUEIRA CÉSAR,SÃO PAULO,05403-010,"2929 - CENTRAL EQUIPAMENTO MÉDICO - CIEQ 09 PAMB ",10/11/2016,"15.000,00",01316-A,"15.000,00",,12/12/2016,,12/12/2021,,,80259110006,,PRÓPRIO,ATIVO,MAQUET DO BRASIL EQUIPAMENTOS MÉDICOS  LTDA.,"CASSETE EXPIRATÓRIO - SN: 261202
AUTONOMIA DAS BATERIAS: 1H30 MIN


OBS. 2023 - UTILIZADO PARA O PROJETO DE ESTUDO UTI-CONECTADA (ENGENHARIA CORPORATIVA)",,91a9b918-4001-4389-bfe4-5ac15c089832,,,,,,,,,,,,,,,,,,,,,,,CEIC,available,EVEN0466,SERVO-I,VENTILADOR PULMONAR
EVEN0467,84374,HC157015,VENTILADOR PULMONAR,SERVO-I,MAQUET,CRÍTICO,ALTA,HOSPITAL DAS CLÍNICAS,INSTITUTO CENTRAL - ICHC,IC - CENTRAL DE EQUIPAMENTOS DO INSTITUTO CENTRAL - 6º EE," AVENIDA DOUTOR ENÉAS DE CARVALHO AGUIAR 255, CERQUEIRA CÉSAR, SÃO PAULO-SP",SP,CERQUEIRA CÉSAR,SÃO PAULO,05403-010,"2929 - CENTRAL EQUIPAMENTO MÉDICO - CIEQ 09 PAMB ",10/11/2016,"15.000,00",01316-A,"15.000,00",,12/12/2016,,12/12/2021,,,80259110006,,PRÓPRIO,ATIVO,MAQUET DO BRASIL EQUIPAMENTOS MÉDICOS  LTDA.,"CASSETE EXPIRATÓRIO - SN: 261219
AUTONOMIA DAS BATERIAS: 1H30 MIN


OBS. 2023 - UTILIZADO PARA O PROJETO DE ESTUDO UTI-CONECTADA (ENGENHARIA CORPORATIVA)",,9da67069-1031-4c85-b3da-aa43618f0c35,,,,,,,,,,,,,,,,,,,,,,,CEIC,available,EVEN0467,SERVO-I,VENTILADOR PULMONAR
EVEN0468,84373,HC157010,VENTILADOR PULMONAR,SERVO-I,MAQUET,CRÍTICO,ALTA,HOSPITAL DAS CLÍNICAS,INSTITUTO CENTRAL - ICHC,IC - CENTRAL DE EQUIPAMENTOS DO INSTITUTO CENTRAL - 6º EE," AVENIDA DOUTOR ENÉAS DE CARVALHO AGUIAR 255, CERQUEIRA CÉSAR, SÃO PAULO-SP",SP,CERQUEIRA CÉSAR,SÃO PAULO,05403-010,"2929 - CENTRAL EQUIPAMENTO MÉDICO - CIEQ 09 PAMB ",10/11/2016,"15.000,00",01316-A,"15.000,00",,13/12/2016,,12/12/2021,,,80259110006,,PRÓPRIO,ATIVO,,"CASSETE EXPIRATÓRIO - SN: 261200
AUTONOMIA DAS BATERIAS: 1H30 MIN


OBS. 2023 - UTILIZADO PARA O PROJETO DE ESTUDO UTI-CONECTADA (ENGENHARIA CORPORATIVA)",,76927170-1715-47a1-9b55-ee5a8cacc607,,,,,,,,,,,,,,,,,,,,,,,CEIC,available,EVEN0468,SERVO-I,VENTILADOR PULMONAR
EVEN0469,84370,HC157011,VENTILADOR PULMONAR,SERVO-I,MAQUET,CRÍTICO,ALTA,HOSPITAL DAS CLÍNICAS,INSTITUTO CENTRAL - ICHC,IC - CENTRAL DE EQUIPAMENTOS DO INSTITUTO CENTRAL - 6º EE," AVENIDA DOUTOR ENÉAS DE CARVALHO AGUIAR 255, CERQUEIRA CÉSAR, SÃO PAULO-SP",SP,CERQUEIRA CÉSAR,SÃO PAULO,05403-010,"2929 - CENTRAL EQUIPAMENTO MÉDICO - CIEQ 09 PAMB ",10/11/2016,"15.000,00",01316-A,"15.000,00",,13/12/2016,,12/12/2021,,,80259110006,,PRÓPRIO,ATIVO,,"CASSETE EXPIRATÓRIO - SN: 261199
AUTONOMIA DAS BATERIAS: 1H30 MIN",,679b1def-7471-41f3-b821-d735761d024e,,,,,,,,,,,,,,,,,,,,,,,CEIC,available,EVEN0469,SERVO-I,VENTILADOR PULMONAR
EVEN0470,84364,HC157012,VENTILADOR PULMONAR,SERVO-I,MAQUET,CRÍTICO,ALTA,HOSPITAL DAS CLÍNICAS,INSTITUTO CENTRAL - ICHC,IC - CENTRAL DE EQUIPAMENTOS DO INSTITUTO CENTRAL - 6º EE," AVENIDA DOUTOR ENÉAS DE CARVALHO AGUIAR 255, CERQUEIRA CÉSAR, SÃO PAULO-SP",SP,CERQUEIRA CÉSAR,SÃO PAULO,05403-010,"2929 - CENTRAL EQUIPAMENTO MÉDICO - CIEQ 09 PAMB ",10/11/2016,"15.000,00",01316-A,"15.000,00",,13/12/2016,,12/12/2021,,,80259110006,,PRÓPRIO,ATIVO,,"CASSETE EXPIRATÓRIO - SN: 261212
AUTONOMIA DAS BATERIAS: 1H30 MIN


OBS. 2023 - UTILIZADO PARA O PROJETO DE ESTUDO UTI-CONECTADA (ENGENHARIA CORPORATIVA)",DE SERVIÇO: GETINGE DO BRASIL EQUIPAMENTOS MÉDICOS LTDA ATÉ: 26/11/2022 NA OS: 2220745,1cbb711b-2908-48b3-8d37-d28700ded09b,,,,,,,,,,,,,,,,,,,,,,,CEIC,available,EVEN0470,SERVO-I,VENTILADOR PULMONAR
EVEN0471,84375,HC157013,VENTILADOR PULMONAR,SERVO-I,MAQUET,CRÍTICO,ALTA,HOSPITAL DAS CLÍNICAS,INSTITUTO CENTRAL - ICHC,IC - CENTRAL DE EQUIPAMENTOS DO INSTITUTO CENTRAL - 6º EE," AVENIDA DOUTOR ENÉAS DE CARVALHO AGUIAR 255, CERQUEIRA CÉSAR, SÃO PAULO-SP",SP,CERQUEIRA CÉSAR,SÃO PAULO,05403-010,"2929 - CENTRAL EQUIPAMENTO MÉDICO - CIEQ 09 PAMB ",10/11/2016,"15.000,00",01316-A,"15.000,00",,13/12/2016,,12/12/2021,,,80259110006,,PRÓPRIO,ATIVO,MAQUET DO BRASIL EQUIPAMENTOS MÉDICOS  LTDA.,"CASSETE EXPIRATÓRIO - SN: 261221
AUTONOMIA DAS BATERIAS: 1H30 MIN",DE SERVIÇO: GETINGE DO BRASIL EQUIPAMENTOS MÉDICOS LTDA ATÉ: 26/11/2022 NA OS: 2219661,d569aaeb-21e4-4482-911e-a03dab5073cb,,,,,,,,,,,,,,,,,,,,,,,CEIC,available,EVEN0471,SERVO-I,VENTILADOR PULMONAR
EVEN0472,84366,HC157025,VENTILADOR PULMONAR,SERVO-I,MAQUET,CRÍTICO,ALTA,HOSPITAL DAS CLÍNICAS,INSTITUTO CENTRAL - ICHC,IC - CENTRAL DE EQUIPAMENTOS DO INSTITUTO CENTRAL - 6º EE," AVENIDA DOUTOR ENÉAS DE CARVALHO AGUIAR 255, CERQUEIRA CÉSAR, SÃO PAULO-SP",SP,CERQUEIRA CÉSAR,SÃO PAULO,05403-010,"2929 - CENTRAL EQUIPAMENTO MÉDICO - CIEQ 09 PAMB ",10/11/2016,"15.000,00",01316-A,"15.000,00",,14/12/2016,,12/12/2021,,,80259110006,,PRÓPRIO,ATIVO,,AUTONOMIA DAS BATERIAS: 1H30 MIN,,3c7a8fa8-c820-4a5d-a7a0-67d889cc9524,,,,,,,,,,,,,,,,,,,,,,,CEIC,available,EVEN0472,SERVO-I,VENTILADOR PULMONAR
EVEN0473,84358,HC157026,VENTILADOR PULMONAR,SERVO-I,MAQUET,CRÍTICO,ALTA,HOSPITAL DAS CLÍNICAS,INSTITUTO CENTRAL - ICHC,IC - CENTRAL DE EQUIPAMENTOS DO INSTITUTO CENTRAL - 6º EE," AVENIDA DOUTOR ENÉAS DE CARVALHO AGUIAR 255, CERQUEIRA CÉSAR, SÃO PAULO-SP",SP,CERQUEIRA CÉSAR,SÃO PAULO,05403-010,"2929 - CENTRAL EQUIPAMENTO MÉDICO - CIEQ 09 PAMB ",10/11/2016,"15.000,00",01316-A,"15.000,00",,14/12/2016,,12/12/2021,,,80259110006,,PRÓPRIO,ATIVO,,AUTONOMIA DAS BATERIAS: 1H30 MIN,DE SERVIÇO: GETINGE DO BRASIL EQUIPAMENTOS MÉDICOS LTDA ATÉ: 26/11/2022 NA OS: 2220746,c07ba37f-c27e-4726-901a-e2e23eb4f1e4,,,,,,,,,,,,,,,,,,,,,,,CEIC,available,EVEN0473,SERVO-I,VENTILADOR PULMONAR
EVEN0474,84359,HC157027,VENTILADOR PULMONAR,SERVO-I,MAQUET,CRÍTICO,ALTA,HOSPITAL DAS CLÍNICAS,INSTITUTO CENTRAL - ICHC,IC - CENTRAL DE EQUIPAMENTOS DO INSTITUTO CENTRAL - 6º EE," AVENIDA DOUTOR ENÉAS DE CARVALHO AGUIAR 255, CERQUEIRA CÉSAR, SÃO PAULO-SP",SP,CERQUEIRA CÉSAR,SÃO PAULO,05403-010,"2929 - CENTRAL EQUIPAMENTO MÉDICO - CIEQ 09 PAMB ",10/11/2016,"15.000,00",01316-A,"15.000,00",,14/12/2016,,12/12/2021,,,80259110006,,PRÓPRIO,ATIVO,MAQUET DO BRASIL EQUIPAMENTOS MÉDICOS  LTDA.,AUTONOMIA DAS BATERIAS: 1H30 MIN,DE SERVIÇO: GETINGE DO BRASIL EQUIPAMENTOS MÉDICOS LTDA ATÉ: 26/11/2022 NA OS: 2219656,6569013f-d27f-49cf-b10a-593adce478af,,,,,,,,,,,,,,,,,,,,,,,CEIC,available,EVEN0474,SERVO-I,VENTILADOR PULMONAR
EVEN0475,84361,HC157029,VENTILADOR PULMONAR,SERVO-I,MAQUET,CRÍTICO,ALTA,HOSPITAL DAS CLÍNICAS,INSTITUTO CENTRAL - ICHC,IC - CENTRAL DE EQUIPAMENTOS DO INSTITUTO CENTRAL - 6º EE," AVENIDA DOUTOR ENÉAS DE CARVALHO AGUIAR 255, CERQUEIRA CÉSAR, SÃO PAULO-SP",SP,CERQUEIRA CÉSAR,SÃO PAULO,05403-010,"2929 - CENTRAL EQUIPAMENTO MÉDICO - CIEQ 09 PAMB ",10/11/2016,"15.000,00",01316-A,"15.000,00",,14/12/2016,,12/12/2021,,,80259110006,,PRÓPRIO,ATIVO,,AUTONOMIA DAS BATERIAS: 1H30 MIN,DE SERVIÇO: GETINGE DO BRASIL EQUIPAMENTOS MÉDICOS LTDA ATÉ: 26/11/2022 NA OS: 2220747,badf3760-ab4d-4453-9f97-4cdf93601cc0,,,,,,,,,,,,,,,,,,,,,,,CEIC,available,EVEN0475,SERVO-I,VENTILADOR PULMONAR
EVEN0476,84365,HC157028,VENTILADOR PULMONAR,SERVO-I,MAQUET,CRÍTICO,ALTA,HOSPITAL DAS CLÍNICAS,INSTITUTO CENTRAL - ICHC,IC - CENTRAL DE EQUIPAMENTOS DO INSTITUTO CENTRAL - 6º EE," AVENIDA DOUTOR ENÉAS DE CARVALHO AGUIAR 255, CERQUEIRA CÉSAR, SÃO PAULO-SP",SP,CERQUEIRA CÉSAR,SÃO PAULO,05403-010,"2929 - CENTRAL EQUIPAMENTO MÉDICO - CIEQ 09 PAMB ",10/11/2016,"15.000,00",01316-A,"15.000,00",,14/12/2016,,12/12/2021,,,80259110006,,PRÓPRIO,ATIVO,MAQUET DO BRASIL EQUIPAMENTOS MÉDICOS  LTDA.,AUTONOMIA DAS BATERIAS: 1H30 MIN,,ae8bf937-2e91-4db5-b0cd-8f3b27e252fe,,,,,,,,,,,,,,,,,,,,,,,CEIC,available,EVEN0476,SERVO-I,VENTILADOR PULMONAR
EVEN0477,84362,HC157023,VENTILADOR PULMONAR,SERVO-I,MAQUET,CRÍTICO,ALTA,HOSPITAL DAS CLÍNICAS,INSTITUTO CENTRAL - ICHC,IC - CENTRAL DE EQUIPAMENTOS DO INSTITUTO CENTRAL - 6º EE," AVENIDA DOUTOR ENÉAS DE CARVALHO AGUIAR 255, CERQUEIRA CÉSAR, SÃO PAULO-SP",SP,CERQUEIRA CÉSAR,SÃO PAULO,05403-010,"2929 - CENTRAL EQUIPAMENTO MÉDICO - CIEQ 09 PAMB ",10/11/2016,"15.000,00",01316-A,"15.000,00",,16/12/2016,,12/12/2021,,,80259110006,,PRÓPRIO,ATIVO,,AUTONOMIA DAS BATERIAS: 1H30 MIN,DE SERVIÇO: GETINGE DO BRASIL EQUIPAMENTOS MÉDICOS LTDA ATÉ: 26/11/2022 NA OS: 2219650,b5685f8b-9b53-4ab9-bdaa-3fee022944c5,,,,,,,,,,,,,,,,,,,,,,,CEIC,available,EVEN0477,SERVO-I,VENTILADOR PULMONAR
EVEN0478,84368,HC157024,VENTILADOR PULMONAR,SERVO-I,MAQUET,CRÍTICO,ALTA,HOSPITAL DAS CLÍNICAS,INSTITUTO CENTRAL - ICHC,IC - CENTRAL DE EQUIPAMENTOS DO INSTITUTO CENTRAL - 6º EE," AVENIDA DOUTOR ENÉAS DE CARVALHO AGUIAR 255, CERQUEIRA CÉSAR, SÃO PAULO-SP",SP,CERQUEIRA CÉSAR,SÃO PAULO,05403-010,"2929 - CENTRAL EQUIPAMENTO MÉDICO - CIEQ 09 PAMB ",10/11/2016,"15.000,00",01316-A,"15.000,00",,16/12/2016,,12/12/2021,,,80259110006,,PRÓPRIO,ATIVO,,"AUTONOMIA DAS BATERIAS: 1H30 MIN


OBS. 2023 - UTILIZADO PARA O PROJETO DE ESTUDO UTI-CONECTADA (ENGENHARIA CORPORATIVA)",,0043f39e-0654-4463-a95e-87f9dced9411,,,,,,,,,,,,,,,,,,,,,,,CEIC,available,EVEN0478,SERVO-I,VENTILADOR PULMONAR
EVEN0479,84369,HC157020,VENTILADOR PULMONAR,SERVO-I,MAQUET,CRÍTICO,ALTA,HOSPITAL DAS CLÍNICAS,INSTITUTO CENTRAL - ICHC,IC - CENTRAL DE EQUIPAMENTOS DO INSTITUTO CENTRAL - 6º EE," AVENIDA DOUTOR ENÉAS DE CARVALHO AGUIAR 255, CERQUEIRA CÉSAR, SÃO PAULO-SP",SP,CERQUEIRA CÉSAR,SÃO PAULO,05403-010,"2929 - CENTRAL EQUIPAMENTO MÉDICO - CIEQ 09 PAMB ",10/11/2016,"15.000,00",01316-A,"15.000,00",,16/12/2016,,12/12/2021,,,80259110006,,PRÓPRIO,ATIVO,,AUTONOMIA DAS BATERIAS: 1H30 MIN,,47e86acf-26b0-46b4-8eed-80a02b605dce,,,,,,,,,,,,,,,,,,,,,,,CEIC,available,EVEN0479,SERVO-I,VENTILADOR PULMONAR
EVEN0480,84357,HC157022,VENTILADOR PULMONAR,SERVO-I,MAQUET,CRÍTICO,ALTA,HOSPITAL DAS CLÍNICAS,INSTITUTO CENTRAL - ICHC,IC - CENTRAL DE EQUIPAMENTOS DO INSTITUTO CENTRAL - 6º EE," AVENIDA DOUTOR ENÉAS DE CARVALHO AGUIAR 255, CERQUEIRA CÉSAR, SÃO PAULO-SP",SP,CERQUEIRA CÉSAR,SÃO PAULO,05403-010,"2929 - CENTRAL EQUIPAMENTO MÉDICO - CIEQ 09 PAMB ",10/11/2016,"15.000,00",01316-A,"15.000,00",,16/12/2016,,12/12/2021,,,80259110006,,PRÓPRIO,ATIVO,,AUTONOMIA DAS BATERIAS: 1H30 MIN,,6daf2df8-8bbb-4df2-bee8-16efe7580c74,,,,,,,,,,,,,,,,,,,,,,,CEIC,available,EVEN0480,SERVO-I,VENTILADOR PULMONAR
EVEN0481,84367,HC157021,VENTILADOR PULMONAR,SERVO-I,MAQUET,CRÍTICO,ALTA,HOSPITAL DAS CLÍNICAS,INSTITUTO CENTRAL - ICHC,IC - CENTRAL DE EQUIPAMENTOS DO INSTITUTO CENTRAL - 6º EE," AVENIDA DOUTOR ENÉAS DE CARVALHO AGUIAR 255, CERQUEIRA CÉSAR, SÃO PAULO-SP",SP,CERQUEIRA CÉSAR,SÃO PAULO,05403-010,"2929 - CENTRAL EQUIPAMENTO MÉDICO - CIEQ 09 PAMB ",10/11/2016,"15.000,00",01316-A,"15.000,00",,16/12/2016,,12/12/2021,,,80259110006,,PRÓPRIO,ATIVO,,AUTONOMIA DAS BATERIAS: 1H30 MIN,,a8340636-0c20-40e1-939e-0e40966ec9a8,,,,,,,,,,,,,,,,,,,,,,,CEIC,available,EVEN0481,SERVO-I,VENTILADOR PULMONAR
EVEN0687,GB-02014746,,VENTILADOR PULMONAR,SV-300,MINDRAY,CRÍTICO,ALTA,HOSPITAL DAS CLÍNICAS,INSTITUTO CENTRAL - ICHC,IC - CENTRAL DE EQUIPAMENTOS DO INSTITUTO CENTRAL - 6º EE," AVENIDA DOUTOR ENÉAS DE CARVALHO AGUIAR 255, CERQUEIRA CÉSAR, SÃO PAULO-SP",SP,CERQUEIRA CÉSAR,SÃO PAULO,05403-010,"2929 - CENTRAL EQUIPAMENTO MÉDICO - CIEQ 09 PAMB ",22/04/2020,"75.000,00",3891,"75.000,00",01/03/2020,01/05/2020,,30/04/2021,,,80943610016,,PRÓPRIO,ATIVO,MINDRAY BRASIL,"BIVOLT 100-240V
CORRENTE 2.7-1.1A
SAÍDA USB E RS-232
O2MAX 120L/MIN
PRESSÃO 280-600KPA
TUBULACAO GENTECH 1/4""
PESO 10KG",,4a42d6bb-bcb1-4e01-af85-4dbd6b8f8d00,,,,,,,,,,,,,,,,,,,,,,,CEIC,available,EVEN0687,SV-300,VENTILADOR PULMONAR
EVEN0688,GB-01012330,,VENTILADOR PULMONAR,SV-300,MINDRAY,CRÍTICO,ALTA,HOSPITAL DAS CLÍNICAS,INSTITUTO CENTRAL - ICHC,IC - CENTRAL DE EQUIPAMENTOS DO INSTITUTO CENTRAL - 6º EE," AVENIDA DOUTOR ENÉAS DE CARVALHO AGUIAR 255, CERQUEIRA CÉSAR, SÃO PAULO-SP",SP,CERQUEIRA CÉSAR,SÃO PAULO,05403-010,"2929 - CENTRAL EQUIPAMENTO MÉDICO - CIEQ 09 PAMB ",22/04/2020,"75.000,00",3891,"75.000,00",01/03/2020,01/05/2020,,30/04/2021,,,80943610016,,PRÓPRIO,ATIVO,MINDRAY BRASIL,"BIVOLT 100-240V
CORRENTE 2.7-1.1A
SAÍDA USB E RS-232
O2MAX 120L/MIN
PRESSÃO 280-600KPA
TUBULACAO GENTECH 1/4""
PESO 10KG",,04b3fe7e-97e5-4fb4-8323-f26d9392de06,,,,,,,,,,,,,,,,,,,,,,,CEIC,available,EVEN0688,SV-300,VENTILADOR PULMONAR
EVEN0689,GB-02014745,,VENTILADOR PULMONAR,SV-300,MINDRAY,CRÍTICO,ALTA,HOSPITAL DAS CLÍNICAS,INSTITUTO CENTRAL - ICHC,IC - CENTRAL DE EQUIPAMENTOS DO INSTITUTO CENTRAL - 6º EE," AVENIDA DOUTOR ENÉAS DE CARVALHO AGUIAR 255, CERQUEIRA CÉSAR, SÃO PAULO-SP",SP,CERQUEIRA CÉSAR,SÃO PAULO,05403-010,"2929 - CENTRAL EQUIPAMENTO MÉDICO - CIEQ 09 PAMB ",22/04/2020,"75.000,00",3891,"75.000,00",01/03/2020,01/05/2020,,30/04/2021,,,80943610016,,PRÓPRIO,ATIVO,MINDRAY BRASIL,"BIVOLT 100-240V
CORRENTE 2.7-1.1A
SAÍDA USB E RS-232
O2MAX 120L/MIN
PRESSÃO 280-600KPA
TUBULACAO GENTECH 1/4""
PESO 10KG",,493a9ce8-1591-4f88-aa4b-eb53e1da90a1,,,,,,,,,,,,,,,,,,,,,,,CEIC,available,EVEN0689,SV-300,VENTILADOR PULMONAR
EVEN0690,GB-02014743,,VENTILADOR PULMONAR,SV-300,MINDRAY,CRÍTICO,ALTA,HOSPITAL DAS CLÍNICAS,INSTITUTO CENTRAL - ICHC,IC - CENTRAL DE EQUIPAMENTOS DO INSTITUTO CENTRAL - 6º EE," AVENIDA DOUTOR ENÉAS DE CARVALHO AGUIAR 255, CERQUEIRA CÉSAR, SÃO PAULO-SP",SP,CERQUEIRA CÉSAR,SÃO PAULO,05403-010,"2929 - CENTRAL EQUIPAMENTO MÉDICO - CIEQ 09 PAMB ",22/04/2020,"75.000,00",3891,"75.000,00",01/03/2020,01/05/2020,,30/04/2021,,,80943610016,,PRÓPRIO,ATIVO,MINDRAY BRASIL,"BIVOLT 100-240V
CORRENTE 2.7-1.1A
SAÍDA USB E RS-232
O2MAX 120L/MIN
PRESSÃO 280-600KPA
TUBULACAO GENTECH 1/4""
PESO 10KG",,785fe0c1-c4fa-41a0-8ceb-233077f9b1c2,,,,,,,,,,,,,,,,,,,,,,,CEIC,available,EVEN0690,SV-300,VENTILADOR PULMONAR
EVEN0691,GB-02014744,,VENTILADOR PULMONAR,SV-300,MINDRAY,CRÍTICO,ALTA,HOSPITAL DAS CLÍNICAS,INSTITUTO CENTRAL - ICHC,IC - CENTRAL DE EQUIPAMENTOS DO INSTITUTO CENTRAL - 6º EE," AVENIDA DOUTOR ENÉAS DE CARVALHO AGUIAR 255, CERQUEIRA CÉSAR, SÃO PAULO-SP",SP,CERQUEIRA CÉSAR,SÃO PAULO,05403-010,"2929 - CENTRAL EQUIPAMENTO MÉDICO - CIEQ 09 PAMB ",22/04/2020,"75.000,00",3891,"75.000,00",01/03/2020,01/05/2020,,30/04/2021,,,80943610016,,PRÓPRIO,ATIVO,MINDRAY BRASIL,"BIVOLT 100-240V
CORRENTE 2.7-1.1A
SAÍDA USB E RS-232
O2MAX 120L/MIN
PRESSÃO 280-600KPA
TUBULACAO GENTECH 1/4""
PESO 10KG",,65089d74-cbcb-413e-a4fd-0010a8353457,,,,,,,,,,,,,,,,,,,,,,,CEIC,available,EVEN0691,SV-300,VENTILADOR PULMONAR
EVEN0692,GB-02014742,,VENTILADOR PULMONAR,SV-300,MINDRAY,CRÍTICO,ALTA,HOSPITAL DAS CLÍNICAS,INSTITUTO CENTRAL - ICHC,IC - CENTRAL DE EQUIPAMENTOS DO INSTITUTO CENTRAL - 6º EE," AVENIDA DOUTOR ENÉAS DE CARVALHO AGUIAR 255, CERQUEIRA CÉSAR, SÃO PAULO-SP",SP,CERQUEIRA CÉSAR,SÃO PAULO,05403-010,"2929 - CENTRAL EQUIPAMENTO MÉDICO - CIEQ 09 PAMB ",22/04/2020,"75.000,00",3891,"75.000,00",01/03/2020,01/05/2020,,30/04/2021,,,80943610016,,PRÓPRIO,ATIVO,MINDRAY BRASIL,"BIVOLT 100-240V
CORRENTE 2.7-1.1A
SAÍDA USB E RS-232
O2MAX 120L/MIN
PRESSÃO 280-600KPA
TUBULACAO GENTECH 1/4""
PESO 10KG",,9c45f892-7fba-49d3-8e63-0c26ffdb6374,,,,,,,,,,,,,,,,,,,,,,,CEIC,available,EVEN0692,SV-300,VENTILADOR PULMONAR
EVEN0693,GB-01012331,,VENTILADOR PULMONAR,SV-300,MINDRAY,CRÍTICO,ALTA,HOSPITAL DAS CLÍNICAS,INSTITUTO CENTRAL - ICHC,IC - CENTRAL DE EQUIPAMENTOS DO INSTITUTO CENTRAL - 6º EE," AVENIDA DOUTOR ENÉAS DE CARVALHO AGUIAR 255, CERQUEIRA CÉSAR, SÃO PAULO-SP",SP,CERQUEIRA CÉSAR,SÃO PAULO,05403-010,"2929 - CENTRAL EQUIPAMENTO MÉDICO - CIEQ 09 PAMB ",22/04/2020,"75.000,00",3891,"75.000,00",01/03/2020,22/04/2020,,30/04/2021,,,80943610016,,PRÓPRIO,ATIVO,MINDRAY BRASIL,"BIVOLT 100-240V
CORRENTE 2.7-1.1A
SAÍDA USB E RS-232
O2MAX 120L/MIN
PRESSÃO 280-600KPA
TUBULACAO GENTECH 1/4""
PESO 10KG",,fb15228f-2395-4c04-8053-f37b1caf55a9,,,,,,,,,,,,,,,,,,,,,,,CEIC,available,EVEN0693,SV-300,VENTILADOR PULMONAR
EVEN0694,GB-01012329,,VENTILADOR PULMONAR,SV-300,MINDRAY,CRÍTICO,ALTA,HOSPITAL DAS CLÍNICAS,INSTITUTO CENTRAL - ICHC,IC - CENTRAL DE EQUIPAMENTOS DO INSTITUTO CENTRAL - 6º EE," AVENIDA DOUTOR ENÉAS DE CARVALHO AGUIAR 255, CERQUEIRA CÉSAR, SÃO PAULO-SP",SP,CERQUEIRA CÉSAR,SÃO PAULO,05403-010,"2929 - CENTRAL EQUIPAMENTO MÉDICO - CIEQ 09 PAMB ",22/04/2020,"75.000,00",3891,"75.000,00",01/03/2020,01/05/2020,,30/04/2021,,,80943610016,,PRÓPRIO,ATIVO,MINDRAY BRASIL,"BIVOLT 100-240V
CORRENTE 2.7-1.1A
SAÍDA USB E RS-232
O2MAX 120L/MIN
PRESSÃO 280-600KPA
TUBULACAO GENTECH 1/4""
PESO 10KG",,6beb0843-2474-474a-9e1b-a67c76f42b66,,,,,,,,,,,,,,,,,,,,,,,CEIC,available,EVEN0694,SV-300,VENTILADOR PULMONAR
EVEN0695,GB-01012332,,VENTILADOR PULMONAR,SV-300,MINDRAY,CRÍTICO,ALTA,HOSPITAL DAS CLÍNICAS,INSTITUTO CENTRAL - ICHC,IC - CENTRAL DE EQUIPAMENTOS DO INSTITUTO CENTRAL - 6º EE," AVENIDA DOUTOR ENÉAS DE CARVALHO AGUIAR 255, CERQUEIRA CÉSAR, SÃO PAULO-SP",SP,CERQUEIRA CÉSAR,SÃO PAULO,05403-010,"2929 - CENTRAL EQUIPAMENTO MÉDICO - CIEQ 09 PAMB ",22/04/2020,"75.000,00",3891,"75.000,00",01/03/2020,22/04/2020,,30/04/2021,,,80943610016,,PRÓPRIO,ATIVO,MINDRAY BRASIL,"BIVOLT 100-240V
CORRENTE 2.7-1.1A
SAÍDA USB E RS-232
O2MAX 120L/MIN
PRESSÃO 280-600KPA
TUBULACAO GENTECH 1/4""
PESO 10KG",,7b72cb90-105e-4cbe-a7b5-11095d964b44,,,,,,,,,,,,,,,,,,,,,,,CEIC,available,EVEN0695,SV-300,VENTILADOR PULMONAR
EVEN0696,GB-01012333,,VENTILADOR PULMONAR,SV-300,MINDRAY,CRÍTICO,ALTA,HOSPITAL DAS CLÍNICAS,INSTITUTO CENTRAL - ICHC,IC - CENTRAL DE EQUIPAMENTOS DO INSTITUTO CENTRAL - 6º EE," AVENIDA DOUTOR ENÉAS DE CARVALHO AGUIAR 255, CERQUEIRA CÉSAR, SÃO PAULO-SP",SP,CERQUEIRA CÉSAR,SÃO PAULO,05403-010,"2929 - CENTRAL EQUIPAMENTO MÉDICO - CIEQ 09 PAMB ",22/04/2020,"75.000,00",3891,"75.000,00",01/03/2020,01/05/2020,,30/04/2021,,,80943610016,,PRÓPRIO,ATIVO,MINDRAY BRASIL,"BIVOLT 100-240V
CORRENTE 2.7-1.1A
SAÍDA USB E RS-232
O2MAX 120L/MIN
PRESSÃO 280-600KPA
TUBULACAO GENTECH 1/4""
PESO 10KG",,44618cce-7957-467f-a167-1a0739893a9f,,,,,,,,,,,,,,,,,,,,,,,CEIC,available,EVEN0696,SV-300,VENTILADOR PULMONAR
EVEN0697,GB-02014751,,VENTILADOR PULMONAR,SV-300,MINDRAY,CRÍTICO,ALTA,HOSPITAL DAS CLÍNICAS,INSTITUTO CENTRAL - ICHC,IC - CENTRAL DE EQUIPAMENTOS DO INSTITUTO CENTRAL - 6º EE," AVENIDA DOUTOR ENÉAS DE CARVALHO AGUIAR 255, CERQUEIRA CÉSAR, SÃO PAULO-SP",SP,CERQUEIRA CÉSAR,SÃO PAULO,05403-010,"2929 - CENTRAL EQUIPAMENTO MÉDICO - CIEQ 09 PAMB ",22/04/2020,"75.000,00",3891,"75.000,00",01/03/2020,01/05/2020,,30/04/2021,,,80943610016,,PRÓPRIO,ATIVO,MINDRAY BRASIL,"BIVOLT 100-240V
CORRENTE 2.7-1.1A
SAÍDA USB E RS-232
O2MAX 120L/MIN
PRESSÃO 280-600KPA
TUBULACAO GENTECH 1/4""
PESO 10KG",,3e9003c6-91c7-4fba-9574-5be72bcfced1,,,,,,,,,,,,,,,,,,,,,,,CEIC,available,EVEN0697,SV-300,VENTILADOR PULMONAR
EVEN0756,GB-04017735,,VENTILADOR PULMONAR,SV-300,MINDRAY,CRÍTICO,ALTA,HOSPITAL DAS CLÍNICAS,INSTITUTO CENTRAL - ICHC,IC - CENTRAL DE EQUIPAMENTOS DO INSTITUTO CENTRAL - 6º EE," AVENIDA DOUTOR ENÉAS DE CARVALHO AGUIAR 255, CERQUEIRA CÉSAR, SÃO PAULO-SP",SP,CERQUEIRA CÉSAR,SÃO PAULO,05403-010,"2929 - CENTRAL EQUIPAMENTO MÉDICO - CIEQ 09 PAMB ",02/06/2020,"75.000,00",500,"75.000,00",,02/06/2020,,02/06/2021,,,80943610016,,PRÓPRIO,ATIVO,MINDRAY BRASIL,,,9dc15d5e-b7ab-46df-a674-e1091d04597a,,,,,,,,,,,,,,,,,,,,,,,CEIC,available,EVEN0756,SV-300,VENTILADOR PULMONAR
EVEN0757,GB-04017736,,VENTILADOR PULMONAR,SV-300,MINDRAY,CRÍTICO,ALTA,HOSPITAL DAS CLÍNICAS,INSTITUTO CENTRAL - ICHC,IC - CENTRAL DE EQUIPAMENTOS DO INSTITUTO CENTRAL - 6º EE," AVENIDA DOUTOR ENÉAS DE CARVALHO AGUIAR 255, CERQUEIRA CÉSAR, SÃO PAULO-SP",SP,CERQUEIRA CÉSAR,SÃO PAULO,05403-010,"2929 - CENTRAL EQUIPAMENTO MÉDICO - CIEQ 09 PAMB ",02/06/2020,"75.000,00",500,"75.000,00",,02/06/2020,,02/06/2021,,,80943610016,,PRÓPRIO,ATIVO,MINDRAY BRASIL,,,102650b7-20c0-490b-ac24-a89cbcbb0a43,,,,,,,,,,,,,,,,,,,,,,,CEIC,available,EVEN0757,SV-300,VENTILADOR PULMONAR
EVEN0758,GB-04017737,,VENTILADOR PULMONAR,SV-300,MINDRAY,CRÍTICO,ALTA,HOSPITAL DAS CLÍNICAS,INSTITUTO CENTRAL - ICHC,IC - CENTRAL DE EQUIPAMENTOS DO INSTITUTO CENTRAL - 6º EE," AVENIDA DOUTOR ENÉAS DE CARVALHO AGUIAR 255, CERQUEIRA CÉSAR, SÃO PAULO-SP",SP,CERQUEIRA CÉSAR,SÃO PAULO,05403-010,"2929 - CENTRAL EQUIPAMENTO MÉDICO - CIEQ 09 PAMB ",02/06/2020,"75.000,00",500,"75.000,00",,02/06/2020,,02/06/2021,,,80943610016,,PRÓPRIO,ATIVO,MINDRAY BRASIL,,,9bcbe6dd-9fc5-49dd-8821-81f8deb893bd,,,,,,,,,,,,,,,,,,,,,,,CEIC,available,EVEN0758,SV-300,VENTILADOR PULMONAR
EVEN0759,GB-04017738,,VENTILADOR PULMONAR,SV-300,MINDRAY,CRÍTICO,ALTA,HOSPITAL DAS CLÍNICAS,INSTITUTO CENTRAL - ICHC,IC - CENTRAL DE EQUIPAMENTOS DO INSTITUTO CENTRAL - 6º EE," AVENIDA DOUTOR ENÉAS DE CARVALHO AGUIAR 255, CERQUEIRA CÉSAR, SÃO PAULO-SP",SP,CERQUEIRA CÉSAR,SÃO PAULO,05403-010,"2929 - CENTRAL EQUIPAMENTO MÉDICO - CIEQ 09 PAMB ",02/06/2020,"75.000,00",500,"75.000,00",,02/06/2020,,02/06/2021,,,80943610016,,PRÓPRIO,ATIVO,MINDRAY BRASIL,,,fe2a28bf-8399-4dbe-aa8a-d0b76c246094,,,,,,,,,,,,,,,,,,,,,,,CEIC,available,EVEN0759,SV-300,VENTILADOR PULMONAR
EVEN0760,GB-04017739,,VENTILADOR PULMONAR,SV-300,MINDRAY,CRÍTICO,ALTA,HOSPITAL DAS CLÍNICAS,INSTITUTO CENTRAL - ICHC,IC - CENTRAL DE EQUIPAMENTOS DO INSTITUTO CENTRAL - 6º EE," AVENIDA DOUTOR ENÉAS DE CARVALHO AGUIAR 255, CERQUEIRA CÉSAR, SÃO PAULO-SP",SP,CERQUEIRA CÉSAR,SÃO PAULO,05403-010,"2929 - CENTRAL EQUIPAMENTO MÉDICO - CIEQ 09 PAMB ",02/06/2020,"75.000,00",500,"75.000,00",,02/06/2020,,02/06/2021,,,80943610016,,PRÓPRIO,ATIVO,MINDRAY BRASIL,,,938b6a85-8b3d-4b71-b194-79c1aa78ca0e,,,,,,,,,,,,,,,,,,,,,,,CEIC,available,EVEN0760,SV-300,VENTILADOR PULMONAR
EVEN0761,GB-04017740,,VENTILADOR PULMONAR,SV-300,MINDRAY,CRÍTICO,ALTA,HOSPITAL DAS CLÍNICAS,INSTITUTO CENTRAL - ICHC,IC - CENTRAL DE EQUIPAMENTOS DO INSTITUTO CENTRAL - 6º EE," AVENIDA DOUTOR ENÉAS DE CARVALHO AGUIAR 255, CERQUEIRA CÉSAR, SÃO PAULO-SP",SP,CERQUEIRA CÉSAR,SÃO PAULO,05403-010,"2929 - CENTRAL EQUIPAMENTO MÉDICO - CIEQ 09 PAMB ",02/06/2020,"75.000,00",500,"75.000,00",,02/06/2020,,02/06/2021,,,80943610016,,PRÓPRIO,ATIVO,MINDRAY BRASIL,,DE SERVIÇO: MINDRAY BRASIL ATÉ: 27/07/2022 NA OS: 2207284,6014ad09-7bed-4a5b-a7d3-bc970e82a6b3,,,,,,,,,,,,,,,,,,,,,,,CEIC,available,EVEN0761,SV-300,VENTILADOR PULMONAR
EVEN0762,GB-04017741,,VENTILADOR PULMONAR,SV-300,MINDRAY,CRÍTICO,ALTA,HOSPITAL DAS CLÍNICAS,INSTITUTO CENTRAL - ICHC,IC - CENTRAL DE EQUIPAMENTOS DO INSTITUTO CENTRAL - 6º EE," AVENIDA DOUTOR ENÉAS DE CARVALHO AGUIAR 255, CERQUEIRA CÉSAR, SÃO PAULO-SP",SP,CERQUEIRA CÉSAR,SÃO PAULO,05403-010,"2929 - CENTRAL EQUIPAMENTO MÉDICO - CIEQ 09 PAMB ",02/06/2020,"75.000,00",500,"75.000,00",,02/06/2020,,02/06/2021,,,80943610016,,PRÓPRIO,ATIVO,MINDRAY BRASIL,,,cfe40dab-212b-417e-9343-84cbbea9db32,,,,,,,,,,,,,,,,,,,,,,,CEIC,available,EVEN0762,SV-300,VENTILADOR PULMONAR
EVEN0763,GB-04017600,,VENTILADOR PULMONAR,SV-300,MINDRAY,CRÍTICO,ALTA,HOSPITAL DAS CLÍNICAS,INSTITUTO CENTRAL - ICHC,IC - CENTRAL DE EQUIPAMENTOS DO INSTITUTO CENTRAL - 6º EE," AVENIDA DOUTOR ENÉAS DE CARVALHO AGUIAR 255, CERQUEIRA CÉSAR, SÃO PAULO-SP",SP,CERQUEIRA CÉSAR,SÃO PAULO,05403-010,"2929 - CENTRAL EQUIPAMENTO MÉDICO - CIEQ 09 PAMB ",02/06/2020,"75.000,00",500,"75.000,00",,02/06/2020,,02/06/2021,,,80943610016,,PRÓPRIO,ATIVO,MINDRAY BRASIL,,,b4a08b28-4050-4897-b985-bc4b76911243,,,,,,,,,,,,,,,,,,,,,,,CEIC,available,EVEN0763,SV-300,VENTILADOR PULMONAR
EVEN0764,GB-04017601,,VENTILADOR PULMONAR,SV-300,MINDRAY,CRÍTICO,ALTA,HOSPITAL DAS CLÍNICAS,INSTITUTO CENTRAL - ICHC,IC - CENTRAL DE EQUIPAMENTOS DO INSTITUTO CENTRAL - 6º EE," AVENIDA DOUTOR ENÉAS DE CARVALHO AGUIAR 255, CERQUEIRA CÉSAR, SÃO PAULO-SP",SP,CERQUEIRA CÉSAR,SÃO PAULO,05403-010,"2929 - CENTRAL EQUIPAMENTO MÉDICO - CIEQ 09 PAMB ",02/06/2020,"75.000,00",500,"75.000,00",,02/06/2020,,02/06/2021,,,80943610016,,PRÓPRIO,ATIVO,MINDRAY BRASIL,,,ab711266-aa05-4972-a5fc-db51d1fb4cb4,,,,,,,,,,,,,,,,,,,,,,,CEIC,available,EVEN0764,SV-300,VENTILADOR PULMONAR
EVEN0765,GB-04017602,,VENTILADOR PULMONAR,SV-300,MINDRAY,CRÍTICO,ALTA,HOSPITAL DAS CLÍNICAS,INSTITUTO CENTRAL - ICHC,IC - CENTRAL DE EQUIPAMENTOS DO INSTITUTO CENTRAL - 6º EE," AVENIDA DOUTOR ENÉAS DE CARVALHO AGUIAR 255, CERQUEIRA CÉSAR, SÃO PAULO-SP",SP,CERQUEIRA CÉSAR,SÃO PAULO,05403-010,"2929 - CENTRAL EQUIPAMENTO MÉDICO - CIEQ 09 PAMB ",02/06/2020,"75.000,00",500,"75.000,00",,02/06/2020,,02/06/2021,,,80943610016,,PRÓPRIO,ATIVO,MINDRAY BRASIL,,,b793a8b9-64a8-4367-829a-06c31f3cff69,,,,,,,,,,,,,,,,,,,,,,,CEIC,available,EVEN0765,SV-300,VENTILADOR PULMONAR
EVEN0805,AA6-05005420,FFM63816,VENTILADOR PULMONAR,SV-600,MINDRAY,CRÍTICO,ALTA,HOSPITAL DAS CLÍNICAS,INSTITUTO CENTRAL - ICHC,IC - CENTRAL DE EQUIPAMENTOS DO INSTITUTO CENTRAL - 6º EE," AVENIDA DOUTOR ENÉAS DE CARVALHO AGUIAR 255, CERQUEIRA CÉSAR, SÃO PAULO-SP",SP,CERQUEIRA CÉSAR,SÃO PAULO,05403-010,"2929 - CENTRAL EQUIPAMENTO MÉDICO - CIEQ 09 PAMB ",24/07/2020,"99.840,00",561,"99.840,00",,24/07/2020,,24/07/2021,,,80102511149,,PRÓPRIO,ATIVO,MINDRAY BRASIL,,,bded89f9-cd6b-4421-abc0-28dcabdf11e8,,,,,,,,,,,,,,,,,,,,,,,CEIC,available,EVEN0805,SV-600,VENTILADOR PULMONAR
EVEN0806,AA6-05005429,FFM63828,VENTILADOR PULMONAR,SV-600,MINDRAY,CRÍTICO,ALTA,HOSPITAL DAS CLÍNICAS,INSTITUTO CENTRAL - ICHC,IC - CENTRAL DE EQUIPAMENTOS DO INSTITUTO CENTRAL - 6º EE," AVENIDA DOUTOR ENÉAS DE CARVALHO AGUIAR 255, CERQUEIRA CÉSAR, SÃO PAULO-SP",SP,CERQUEIRA CÉSAR,SÃO PAULO,05403-010,"2929 - CENTRAL EQUIPAMENTO MÉDICO - CIEQ 09 PAMB ",24/07/2020,"99.840,00",561,"99.840,00",,24/07/2020,,24/07/2021,,,80102511149,,PRÓPRIO,ATIVO,MINDRAY BRASIL,,,edadcf2b-b9a9-466c-85d8-2f1706aa84e9,,,,,,,,,,,,,,,,,,,,,,,CEIC,available,EVEN0806,SV-600,VENTILADOR PULMONAR
EVEN0807,AA6-05005421,FFM63818,VENTILADOR PULMONAR,SV-600,MINDRAY,CRÍTICO,ALTA,HOSPITAL DAS CLÍNICAS,INSTITUTO CENTRAL - ICHC,IC - CENTRAL DE EQUIPAMENTOS DO INSTITUTO CENTRAL - 6º EE," AVENIDA DOUTOR ENÉAS DE CARVALHO AGUIAR 255, CERQUEIRA CÉSAR, SÃO PAULO-SP",SP,CERQUEIRA CÉSAR,SÃO PAULO,05403-010,"2929 - CENTRAL EQUIPAMENTO MÉDICO - CIEQ 09 PAMB ",24/07/2020,"99.840,00",561,"99.840,00",,24/07/2020,,24/07/2021,,,80102511149,,PRÓPRIO,ATIVO,MINDRAY BRASIL,,,874b963c-ea4b-46b9-98ca-7fe9d8425b20,,,,,,,,,,,,,,,,,,,,,,,CEIC,available,EVEN0807,SV-600,VENTILADOR PULMONAR
EVEN0808,AA6-05005422,FFM63827,VENTILADOR PULMONAR,SV-600,MINDRAY,CRÍTICO,ALTA,HOSPITAL DAS CLÍNICAS,INSTITUTO CENTRAL - ICHC,IC - CENTRAL DE EQUIPAMENTOS DO INSTITUTO CENTRAL - 6º EE," AVENIDA DOUTOR ENÉAS DE CARVALHO AGUIAR 255, CERQUEIRA CÉSAR, SÃO PAULO-SP",SP,CERQUEIRA CÉSAR,SÃO PAULO,05403-010,"2929 - CENTRAL EQUIPAMENTO MÉDICO - CIEQ 09 PAMB ",24/07/2020,"99.840,00",561,"99.840,00",,24/07/2020,,24/07/2021,,,80102511149,,PRÓPRIO,ATIVO,MINDRAY BRASIL,,,285040dc-a22c-47f9-a8e8-54c0bfe43406,,,,,,,,,,,,,,,,,,,,,,,CEIC,available,EVEN0808,SV-600,VENTILADOR PULMONAR
EVEN0809,AA6-05005423,FFM63824,VENTILADOR PULMONAR,SV-600,MINDRAY,CRÍTICO,ALTA,HOSPITAL DAS CLÍNICAS,INSTITUTO CENTRAL - ICHC,IC - CENTRAL DE EQUIPAMENTOS DO INSTITUTO CENTRAL - 6º EE," AVENIDA DOUTOR ENÉAS DE CARVALHO AGUIAR 255, CERQUEIRA CÉSAR, SÃO PAULO-SP",SP,CERQUEIRA CÉSAR,SÃO PAULO,05403-010,"2929 - CENTRAL EQUIPAMENTO MÉDICO - CIEQ 09 PAMB ",24/07/2020,"99.840,00",561,"99.840,00",,24/07/2020,,24/07/2021,,,80102511149,,PRÓPRIO,ATIVO,MINDRAY BRASIL,,,a00d03fc-40b9-4992-a544-a585a6e67f3f,,,,,,,,,,,,,,,,,,,,,,,CEIC,available,EVEN0809,SV-600,VENTILADOR PULMONAR
EVEN0810,AA6-05005424,FFM63822,VENTILADOR PULMONAR,SV-600,MINDRAY,CRÍTICO,ALTA,HOSPITAL DAS CLÍNICAS,INSTITUTO CENTRAL - ICHC,IC - CENTRAL DE EQUIPAMENTOS DO INSTITUTO CENTRAL - 6º EE," AVENIDA DOUTOR ENÉAS DE CARVALHO AGUIAR 255, CERQUEIRA CÉSAR, SÃO PAULO-SP",SP,CERQUEIRA CÉSAR,SÃO PAULO,05403-010,"2929 - CENTRAL EQUIPAMENTO MÉDICO - CIEQ 09 PAMB ",24/07/2020,"99.840,00",561,"99.840,00",,24/07/2020,,24/07/2021,,,80102511149,,PRÓPRIO,ATIVO,MINDRAY BRASIL,,,dbdeadca-8c25-4f82-a2c5-76d031ad6381,,,,,,,,,,,,,,,,,,,,,,,CEIC,available,EVEN0810,SV-600,VENTILADOR PULMONAR
EVEN0811,AA6-05005425,FFM63826,VENTILADOR PULMONAR,SV-600,MINDRAY,CRÍTICO,ALTA,HOSPITAL DAS CLÍNICAS,INSTITUTO CENTRAL - ICHC,IC - CENTRAL DE EQUIPAMENTOS DO INSTITUTO CENTRAL - 6º EE," AVENIDA DOUTOR ENÉAS DE CARVALHO AGUIAR 255, CERQUEIRA CÉSAR, SÃO PAULO-SP",SP,CERQUEIRA CÉSAR,SÃO PAULO,05403-010,"2929 - CENTRAL EQUIPAMENTO MÉDICO - CIEQ 09 PAMB ",24/07/2020,"99.840,00",561,"99.840,00",,24/07/2020,,24/07/2021,,,80102511149,,PRÓPRIO,ATIVO,MINDRAY BRASIL,,,1231c53e-56c3-4b1a-a34f-2ed56aaeb2f0,,,,,,,,,,,,,,,,,,,,,,,CEIC,available,EVEN0811,SV-600,VENTILADOR PULMONAR
EVEN0812,AA6-05005426,FFM63825,VENTILADOR PULMONAR,SV-600,MINDRAY,CRÍTICO,ALTA,HOSPITAL DAS CLÍNICAS,INSTITUTO CENTRAL - ICHC,IC - CENTRAL DE EQUIPAMENTOS DO INSTITUTO CENTRAL - 6º EE," AVENIDA DOUTOR ENÉAS DE CARVALHO AGUIAR 255, CERQUEIRA CÉSAR, SÃO PAULO-SP",SP,CERQUEIRA CÉSAR,SÃO PAULO,05403-010,"2929 - CENTRAL EQUIPAMENTO MÉDICO - CIEQ 09 PAMB ",24/07/2020,"99.840,00",561,"99.840,00",,24/07/2020,,24/07/2021,,,80102511149,,PRÓPRIO,ATIVO,MINDRAY BRASIL,,,b1d2cbe7-3a7e-4f04-a103-4cee9bd9aae9,,,,,,,,,,,,,,,,,,,,,,,CEIC,available,EVEN0812,SV-600,VENTILADOR PULMONAR
EVEN0813,AA6-05005427,FFM63814,VENTILADOR PULMONAR,SV-600,MINDRAY,CRÍTICO,ALTA,HOSPITAL DAS CLÍNICAS,INSTITUTO CENTRAL - ICHC,IC - CENTRAL DE EQUIPAMENTOS DO INSTITUTO CENTRAL - 6º EE," AVENIDA DOUTOR ENÉAS DE CARVALHO AGUIAR 255, CERQUEIRA CÉSAR, SÃO PAULO-SP",SP,CERQUEIRA CÉSAR,SÃO PAULO,05403-010,"2929 - CENTRAL EQUIPAMENTO MÉDICO - CIEQ 09 PAMB ",24/07/2020,"99.840,00",561,"99.840,00",,24/07/2020,,24/07/2021,,,80102511149,,PRÓPRIO,ATIVO,MINDRAY BRASIL,,,58af13f6-687b-48b9-b0c7-cb7cb420228c,,,,,,,,,,,,,,,,,,,,,,,CEIC,available,EVEN0813,SV-600,VENTILADOR PULMONAR
EVEN0814,AA6-05005428,FFM63819,VENTILADOR PULMONAR,SV-600,MINDRAY,CRÍTICO,ALTA,HOSPITAL DAS CLÍNICAS,INSTITUTO CENTRAL - ICHC,IC - CENTRAL DE EQUIPAMENTOS DO INSTITUTO CENTRAL - 6º EE," AVENIDA DOUTOR ENÉAS DE CARVALHO AGUIAR 255, CERQUEIRA CÉSAR, SÃO PAULO-SP",SP,CERQUEIRA CÉSAR,SÃO PAULO,05403-010,"2929 - CENTRAL EQUIPAMENTO MÉDICO - CIEQ 09 PAMB ",24/07/2020,"99.840,00",561,"99.840,00",,24/07/2020,,24/07/2021,,,80102511149,,PRÓPRIO,ATIVO,MINDRAY BRASIL,,,18b5894c-44eb-4bb7-a8bf-3e66402bea82,,,,,,,,,,,,,,,,,,,,,,,CEIC,available,EVEN0814,SV-600,VENTILADOR PULMONAR
EVEN0815,AA6-05005431,FFM63821,VENTILADOR PULMONAR,SV-600,MINDRAY,CRÍTICO,ALTA,HOSPITAL DAS CLÍNICAS,INSTITUTO CENTRAL - ICHC,IC - CENTRAL DE EQUIPAMENTOS DO INSTITUTO CENTRAL - 6º EE," AVENIDA DOUTOR ENÉAS DE CARVALHO AGUIAR 255, CERQUEIRA CÉSAR, SÃO PAULO-SP",SP,CERQUEIRA CÉSAR,SÃO PAULO,05403-010,"2929 - CENTRAL EQUIPAMENTO MÉDICO - CIEQ 09 PAMB ",30/07/2020,"99.840,00",577,"99.840,00",,30/07/2020,,30/07/2021,,,80102511149,,PRÓPRIO,ATIVO,MINDRAY BRASIL,,,38939a69-1933-45b9-889c-c9f7b2dabaf7,,,,,,,,,,,,,,,,,,,,,,,CEIC,available,EVEN0815,SV-600,VENTILADOR PULMONAR
EVEN0816,AA6-05005430,FFM63820,VENTILADOR PULMONAR,SV-600,MINDRAY,CRÍTICO,ALTA,HOSPITAL DAS CLÍNICAS,INSTITUTO CENTRAL - ICHC,IC - CENTRAL DE EQUIPAMENTOS DO INSTITUTO CENTRAL - 6º EE," AVENIDA DOUTOR ENÉAS DE CARVALHO AGUIAR 255, CERQUEIRA CÉSAR, SÃO PAULO-SP",SP,CERQUEIRA CÉSAR,SÃO PAULO,05403-010,"2929 - CENTRAL EQUIPAMENTO MÉDICO - CIEQ 09 PAMB ",30/07/2020,"99.840,00",577,"99.840,00",,30/07/2020,,24/07/2021,,,80102511149,,PRÓPRIO,ATIVO,MINDRAY BRASIL,,,0183adbd-92cc-4c69-8df8-eef9beb082fa,,,,,,,,,,,,,,,,,,,,,,,CEIC,available,EVEN0816,SV-600,VENTILADOR PULMONAR
EVEN0817,AA6-05005432,FFM63815,VENTILADOR PULMONAR,SV-600,MINDRAY,CRÍTICO,ALTA,HOSPITAL DAS CLÍNICAS,INSTITUTO CENTRAL - ICHC,IC - CENTRAL DE EQUIPAMENTOS DO INSTITUTO CENTRAL - 6º EE," AVENIDA DOUTOR ENÉAS DE CARVALHO AGUIAR 255, CERQUEIRA CÉSAR, SÃO PAULO-SP",SP,CERQUEIRA CÉSAR,SÃO PAULO,05403-010,"2929 - CENTRAL EQUIPAMENTO MÉDICO - CIEQ 09 PAMB ",30/07/2020,"99.840,00",577,"99.840,00",,30/07/2020,,30/07/2021,,,80102511149,,PRÓPRIO,ATIVO,MINDRAY BRASIL,,,e7c84f93-6857-467c-9945-b8c4a7345669,,,,,,,,,,,,,,,,,,,,,,,CEIC,available,EVEN0817,SV-600,VENTILADOR PULMONAR
EVEN0818,AA6-05005090,FFM63813,VENTILADOR PULMONAR,SV-600,MINDRAY,CRÍTICO,ALTA,HOSPITAL DAS CLÍNICAS,INSTITUTO CENTRAL - ICHC,IC - CENTRAL DE EQUIPAMENTOS DO INSTITUTO CENTRAL - 6º EE," AVENIDA DOUTOR ENÉAS DE CARVALHO AGUIAR 255, CERQUEIRA CÉSAR, SÃO PAULO-SP",SP,CERQUEIRA CÉSAR,SÃO PAULO,05403-010,"2929 - CENTRAL EQUIPAMENTO MÉDICO - CIEQ 09 PAMB ",30/07/2020,"99.840,00",577,"99.840,00",,30/07/2020,,30/07/2021,,,80102511149,,PRÓPRIO,ATIVO,MINDRAY BRASIL,,,dc84e8f6-ac5f-4e20-a264-ae8f441290b9,,,,,,,,,,,,,,,,,,,,,,,CEIC,available,EVEN0818,SV-600,VENTILADOR PULMONAR
EVEN0819,AA6-05005091,FFM63812,VENTILADOR PULMONAR,SV-600,MINDRAY,CRÍTICO,ALTA,HOSPITAL DAS CLÍNICAS,INSTITUTO CENTRAL - ICHC,IC - CENTRAL DE EQUIPAMENTOS DO INSTITUTO CENTRAL - 6º EE," AVENIDA DOUTOR ENÉAS DE CARVALHO AGUIAR 255, CERQUEIRA CÉSAR, SÃO PAULO-SP",SP,CERQUEIRA CÉSAR,SÃO PAULO,05403-010,"2929 - CENTRAL EQUIPAMENTO MÉDICO - CIEQ 09 PAMB ",30/07/2020,"99.840,00",577,"99.840,00",,30/07/2020,,30/07/2021,,,80102511149,,PRÓPRIO,ATIVO,MINDRAY BRASIL,,,181b912d-46b2-4142-bf46-7adabfd250e0,,,,,,,,,,,,,,,,,,,,,,,CEIC,available,EVEN0819,SV-600,VENTILADOR PULMONAR
EVEN0820,AA6-05005433,FFM63817,VENTILADOR PULMONAR,SV-600,MINDRAY,CRÍTICO,ALTA,HOSPITAL DAS CLÍNICAS,INSTITUTO CENTRAL - ICHC,IC - CENTRAL DE EQUIPAMENTOS DO INSTITUTO CENTRAL - 6º EE," AVENIDA DOUTOR ENÉAS DE CARVALHO AGUIAR 255, CERQUEIRA CÉSAR, SÃO PAULO-SP",SP,CERQUEIRA CÉSAR,SÃO PAULO,05403-010,"2929 - CENTRAL EQUIPAMENTO MÉDICO - CIEQ 09 PAMB ",30/07/2020,"99.840,00",577,"99.840,00",,30/07/2020,,30/07/2021,,,80102511149,,PRÓPRIO,ATIVO,MINDRAY BRASIL,,,4f82ff7f-0758-46aa-961a-6833965a9d50,,,,,,,,,,,,,,,,,,,,,,,CEIC,available,EVEN0820,SV-600,VENTILADOR PULMONAR
EVEN0821,AA6-05005434,FFM63823,VENTILADOR PULMONAR,SV-600,MINDRAY,CRÍTICO,ALTA,HOSPITAL DAS CLÍNICAS,INSTITUTO CENTRAL - ICHC,IC - CENTRAL DE EQUIPAMENTOS DO INSTITUTO CENTRAL - 6º EE," AVENIDA DOUTOR ENÉAS DE CARVALHO AGUIAR 255, CERQUEIRA CÉSAR, SÃO PAULO-SP",SP,CERQUEIRA CÉSAR,SÃO PAULO,05403-010,"2929 - CENTRAL EQUIPAMENTO MÉDICO - CIEQ 09 PAMB ",30/07/2020,"99.840,00",577,"99.840,00",,30/07/2020,,30/07/2021,,,80102511149,,PRÓPRIO,ATIVO,MINDRAY BRASIL,,,7f48b438-616b-4976-bf89-7f7382f72476,,,,,,,,,,,,,,,,,,,,,,,CEIC,available,EVEN0821,SV-600,VENTILADOR PULMONAR
EVEN0872,AA6-05005088,FFM64020,VENTILADOR PULMONAR,SV-600,MINDRAY,CRÍTICO,ALTA,HOSPITAL DAS CLÍNICAS,INSTITUTO CENTRAL - ICHC,IC - CENTRAL DE EQUIPAMENTOS DO INSTITUTO CENTRAL - 6º EE," AVENIDA DOUTOR ENÉAS DE CARVALHO AGUIAR 255, CERQUEIRA CÉSAR, SÃO PAULO-SP",SP,CERQUEIRA CÉSAR,SÃO PAULO,05403-010,"2929 - CENTRAL EQUIPAMENTO MÉDICO - CIEQ 09 PAMB ",03/09/2020,"99.840,00",670,"99.840,00",,03/09/2020,,03/09/2021,,,80102511149,,PRÓPRIO,ATIVO,MINDRAY BRASIL,,,1853bfbe-5948-43b9-bd7a-2fc28c51ac25,,,,,,,,,,,,,,,,,,,,,,,CEIC,available,EVEN0872,SV-600,VENTILADOR PULMONAR
EVEN0873,AA6-05005099,FFM64015,VENTILADOR PULMONAR,SV-600,MINDRAY,CRÍTICO,ALTA,HOSPITAL DAS CLÍNICAS,INSTITUTO CENTRAL - ICHC,IC - CENTRAL DE EQUIPAMENTOS DO INSTITUTO CENTRAL - 6º EE," AVENIDA DOUTOR ENÉAS DE CARVALHO AGUIAR 255, CERQUEIRA CÉSAR, SÃO PAULO-SP",SP,CERQUEIRA CÉSAR,SÃO PAULO,05403-010,"2929 - CENTRAL EQUIPAMENTO MÉDICO - CIEQ 09 PAMB ",03/09/2020,"99.840,00",670,"99.840,00",,03/09/2020,,03/09/2021,,,80102511149,,PRÓPRIO,ATIVO,MINDRAY BRASIL,,,a6c04ec4-2e8a-47e6-84d8-9f1da9260473,,,,,,,,,,,,,,,,,,,,,,,CEIC,available,EVEN0873,SV-600,VENTILADOR PULMONAR
EVEN0874,AA6-05005089,FFM64014,VENTILADOR PULMONAR,SV-600,MINDRAY,CRÍTICO,ALTA,HOSPITAL DAS CLÍNICAS,INSTITUTO CENTRAL - ICHC,IC - CENTRAL DE EQUIPAMENTOS DO INSTITUTO CENTRAL - 6º EE," AVENIDA DOUTOR ENÉAS DE CARVALHO AGUIAR 255, CERQUEIRA CÉSAR, SÃO PAULO-SP",SP,CERQUEIRA CÉSAR,SÃO PAULO,05403-010,"2929 - CENTRAL EQUIPAMENTO MÉDICO - CIEQ 09 PAMB ",03/09/2020,"99.840,00",670,"99.840,00",,03/09/2020,,03/09/2021,,,80102511149,,PRÓPRIO,ATIVO,MINDRAY BRASIL,,,4d6e648b-763a-4444-94ae-ea322693406e,,,,,,,,,,,,,,,,,,,,,,,CEIC,available,EVEN0874,SV-600,VENTILADOR PULMONAR
EVEN0875,AA6-05005092,FFM64019,VENTILADOR PULMONAR,SV-600,MINDRAY,CRÍTICO,ALTA,HOSPITAL DAS CLÍNICAS,INSTITUTO CENTRAL - ICHC,IC - CENTRAL DE EQUIPAMENTOS DO INSTITUTO CENTRAL - 6º EE," AVENIDA DOUTOR ENÉAS DE CARVALHO AGUIAR 255, CERQUEIRA CÉSAR, SÃO PAULO-SP",SP,CERQUEIRA CÉSAR,SÃO PAULO,05403-010,"2929 - CENTRAL EQUIPAMENTO MÉDICO - CIEQ 09 PAMB ",03/09/2020,"99.840,00",670,"99.840,00",,03/09/2020,,03/09/2021,,,80102511149,,PRÓPRIO,ATIVO,MINDRAY BRASIL,,,2b59a140-3a71-4ce4-b4bc-c5a5fd605540,,,,,,,,,,,,,,,,,,,,,,,CEIC,available,EVEN0875,SV-600,VENTILADOR PULMONAR
EVEN0876,AA6-05005093,FFM64016,VENTILADOR PULMONAR,SV-600,MINDRAY,CRÍTICO,ALTA,HOSPITAL DAS CLÍNICAS,INSTITUTO CENTRAL - ICHC,IC - CENTRAL DE EQUIPAMENTOS DO INSTITUTO CENTRAL - 6º EE," AVENIDA DOUTOR ENÉAS DE CARVALHO AGUIAR 255, CERQUEIRA CÉSAR, SÃO PAULO-SP",SP,CERQUEIRA CÉSAR,SÃO PAULO,05403-010,"2929 - CENTRAL EQUIPAMENTO MÉDICO - CIEQ 09 PAMB ",03/09/2020,"99.840,00",670,"99.840,00",,03/09/2020,,03/09/2021,,,80102511149,,PRÓPRIO,ATIVO,MINDRAY BRASIL,,,2254ffb1-4fe7-48c6-99c8-ec2bfc132d9c,,,,,,,,,,,,,,,,,,,,,,,CEIC,available,EVEN0876,SV-600,VENTILADOR PULMONAR
EVEN0877,AA6-05005094,FFM64012,VENTILADOR PULMONAR,SV-600,MINDRAY,CRÍTICO,ALTA,HOSPITAL DAS CLÍNICAS,INSTITUTO CENTRAL - ICHC,IC - CENTRAL DE EQUIPAMENTOS DO INSTITUTO CENTRAL - 6º EE," AVENIDA DOUTOR ENÉAS DE CARVALHO AGUIAR 255, CERQUEIRA CÉSAR, SÃO PAULO-SP",SP,CERQUEIRA CÉSAR,SÃO PAULO,05403-010,"2929 - CENTRAL EQUIPAMENTO MÉDICO - CIEQ 09 PAMB ",03/09/2020,"99.840,00",670,"99.840,00",,03/09/2020,,03/09/2021,,,80102511149,,PRÓPRIO,ATIVO,MINDRAY BRASIL,,,8b3ea6e1-bb04-499b-be50-6e84e51a26f2,,,,,,,,,,,,,,,,,,,,,,,CEIC,available,EVEN0877,SV-600,VENTILADOR PULMONAR
EVEN0878,AA6-05005095,FFM64013,VENTILADOR PULMONAR,SV-600,MINDRAY,CRÍTICO,ALTA,HOSPITAL DAS CLÍNICAS,INSTITUTO CENTRAL - ICHC,IC - CENTRAL DE EQUIPAMENTOS DO INSTITUTO CENTRAL - 6º EE," AVENIDA DOUTOR ENÉAS DE CARVALHO AGUIAR 255, CERQUEIRA CÉSAR, SÃO PAULO-SP",SP,CERQUEIRA CÉSAR,SÃO PAULO,05403-010,"2929 - CENTRAL EQUIPAMENTO MÉDICO - CIEQ 09 PAMB ",03/09/2020,"99.840,00",670,"99.840,00",,03/09/2020,,03/09/2021,,,80102511149,,PRÓPRIO,ATIVO,MINDRAY BRASIL,,,963cd5b4-261d-472c-93e7-81fdc0e0dd6e,,,,,,,,,,,,,,,,,,,,,,,CEIC,available,EVEN0878,SV-600,VENTILADOR PULMONAR
EVEN0879,AA6-05005096,FFM64018,VENTILADOR PULMONAR,SV-600,MINDRAY,CRÍTICO,ALTA,HOSPITAL DAS CLÍNICAS,INSTITUTO CENTRAL - ICHC,IC - CENTRAL DE EQUIPAMENTOS DO INSTITUTO CENTRAL - 6º EE," AVENIDA DOUTOR ENÉAS DE CARVALHO AGUIAR 255, CERQUEIRA CÉSAR, SÃO PAULO-SP",SP,CERQUEIRA CÉSAR,SÃO PAULO,05403-010,"2929 - CENTRAL EQUIPAMENTO MÉDICO - CIEQ 09 PAMB ",03/09/2020,"99.840,00",670,"99.840,00",,03/09/2020,,03/09/2021,,,80102511149,,PRÓPRIO,ATIVO,MINDRAY BRASIL,,,49282a9f-bf89-48ec-932b-e3e5fd34d848,,,,,,,,,,,,,,,,,,,,,,,CEIC,available,EVEN0879,SV-600,VENTILADOR PULMONAR
EVEN0880,AA6-05005097,FFM64011,VENTILADOR PULMONAR,SV-600,MINDRAY,CRÍTICO,ALTA,HOSPITAL DAS CLÍNICAS,INSTITUTO CENTRAL - ICHC,IC - CENTRAL DE EQUIPAMENTOS DO INSTITUTO CENTRAL - 6º EE," AVENIDA DOUTOR ENÉAS DE CARVALHO AGUIAR 255, CERQUEIRA CÉSAR, SÃO PAULO-SP",SP,CERQUEIRA CÉSAR,SÃO PAULO,05403-010,"2929 - CENTRAL EQUIPAMENTO MÉDICO - CIEQ 09 PAMB ",03/09/2020,"99.840,00",670,"99.840,00",,03/09/2020,,03/09/2021,,,80102511149,,PRÓPRIO,ATIVO,MINDRAY BRASIL,,,d0c5b29b-08aa-498d-8d1f-9fc564ed4693,,,,,,,,,,,,,,,,,,,,,,,CEIC,available,EVEN0880,SV-600,VENTILADOR PULMONAR
EVEN0881,AA6-05005098,FFM64017,VENTILADOR PULMONAR,SV-600,MINDRAY,CRÍTICO,ALTA,HOSPITAL DAS CLÍNICAS,INSTITUTO CENTRAL - ICHC,IC - CENTRAL DE EQUIPAMENTOS DO INSTITUTO CENTRAL - 6º EE," AVENIDA DOUTOR ENÉAS DE CARVALHO AGUIAR 255, CERQUEIRA CÉSAR, SÃO PAULO-SP",SP,CERQUEIRA CÉSAR,SÃO PAULO,05403-010,"2929 - CENTRAL EQUIPAMENTO MÉDICO - CIEQ 09 PAMB ",03/09/2020,"99.840,00",670,"99.840,00",,03/09/2020,,03/09/2021,,,80102511149,,PRÓPRIO,ATIVO,MINDRAY BRASIL,,,34cc5754-2a69-41e1-bc23-c0debde077ab,,,,,,,,,,,,,,,,,,,,,,,CEIC,available,EVEN0881,SV-600,VENTILADOR PULMONAR
EVEN0896,AA6-05005100,FFM64492,VENTILADOR PULMONAR,SV-600,MINDRAY,CRÍTICO,ALTA,HOSPITAL DAS CLÍNICAS,INSTITUTO CENTRAL - ICHC,IC - CENTRAL DE EQUIPAMENTOS DO INSTITUTO CENTRAL - 6º EE," AVENIDA DOUTOR ENÉAS DE CARVALHO AGUIAR 255, CERQUEIRA CÉSAR, SÃO PAULO-SP",SP,CERQUEIRA CÉSAR,SÃO PAULO,05403-010,"2929 - CENTRAL EQUIPAMENTO MÉDICO - CIEQ 09 PAMB ",,"99.840,00",887,"99.840,00",,04/12/2020,,04/12/2021,,,80102511149,,PRÓPRIO,ATIVO,MINDRAY BRASIL,,,4780b46d-ce64-43ed-a7a5-fd7e0af7c743,,,,,,,,,,,,,,,,,,,,,,,CEIC,available,EVEN0896,SV-600,VENTILADOR PULMONAR
EVEN1140,2322,FFM076559,VENTILADOR PULMONAR,SERVO-C,MAQUET,CRÍTICO,,HOSPITAL DAS CLÍNICAS,INSTITUTO CENTRAL - ICHC,IC - CENTRAL DE EQUIPAMENTOS DO INSTITUTO CENTRAL - 6º EE," AVENIDA DOUTOR ENÉAS DE CARVALHO AGUIAR 255, CERQUEIRA CÉSAR, SÃO PAULO-SP",SP,CERQUEIRA CÉSAR,SÃO PAULO,05403-010,"2929 - CENTRAL EQUIPAMENTO MÉDICO - CIEQ 09 PAMB ",25/11/2025,"67.468,27",65776,"67.468,27",,28/11/2025,,27/11/2027,,,80259110239,,PRÓPRIO,ATIVO,MAQUET DO BRASIL EQUIPAMENTOS MÉDICOS  LTDA.,,,4e26008a-9f20-4c10-8311-6f3ecb9cab97,,,,,,,,,,,,,,,,,,,,,,,CEIC,available,EVEN1140,SERVO-C,VENTILADOR PULMONAR
EVEN1141,2317,FFM076566,VENTILADOR PULMONAR,SERVO-C,MAQUET,CRÍTICO,,HOSPITAL DAS CLÍNICAS,INSTITUTO CENTRAL - ICHC,IC - CENTRAL DE EQUIPAMENTOS DO INSTITUTO CENTRAL - 6º EE," AVENIDA DOUTOR ENÉAS DE CARVALHO AGUIAR 255, CERQUEIRA CÉSAR, SÃO PAULO-SP",SP,CERQUEIRA CÉSAR,SÃO PAULO,05403-010,"2929 - CENTRAL EQUIPAMENTO MÉDICO - CIEQ 09 PAMB ",25/11/2025,"67.468,27",65776,"67.468,27",,28/11/2025,,27/11/2027,,,80259110239,,PRÓPRIO,ATIVO,MAQUET DO BRASIL EQUIPAMENTOS MÉDICOS  LTDA.,,,48b6fdcd-e2f2-46f6-b86e-c7cfed36da62,,,,,,,,,,,,,,,,,,,,,,,CEIC,available,EVEN1141,SERVO-C,VENTILADOR PULMONAR
EVEN1142,2316,FFM076568,VENTILADOR PULMONAR,SERVO-C,MAQUET,CRÍTICO,,HOSPITAL DAS CLÍNICAS,INSTITUTO CENTRAL - ICHC,IC - CENTRAL DE EQUIPAMENTOS DO INSTITUTO CENTRAL - 6º EE," AVENIDA DOUTOR ENÉAS DE CARVALHO AGUIAR 255, CERQUEIRA CÉSAR, SÃO PAULO-SP",SP,CERQUEIRA CÉSAR,SÃO PAULO,05403-010,"2929 - CENTRAL EQUIPAMENTO MÉDICO - CIEQ 09 PAMB ",25/11/2025,"67.468,27",65776,"67.468,27",,28/11/2025,,27/11/2027,,,80259110239,,PRÓPRIO,ATIVO,MAQUET DO BRASIL EQUIPAMENTOS MÉDICOS  LTDA.,,,8e58d989-f06b-4085-9a58-4e075f524b38,,,,,,,,,,,,,,,,,,,,,,,CEIC,available,EVEN1142,SERVO-C,VENTILADOR PULMONAR
EVEN1143,2308,FFM076563,VENTILADOR PULMONAR,SERVO-C,MAQUET,CRÍTICO,,HOSPITAL DAS CLÍNICAS,INSTITUTO CENTRAL - ICHC,IC - CENTRAL DE EQUIPAMENTOS DO INSTITUTO CENTRAL - 6º EE," AVENIDA DOUTOR ENÉAS DE CARVALHO AGUIAR 255, CERQUEIRA CÉSAR, SÃO PAULO-SP",SP,CERQUEIRA CÉSAR,SÃO PAULO,05403-010,"2929 - CENTRAL EQUIPAMENTO MÉDICO - CIEQ 09 PAMB ",25/11/2025,"67.468,27",65776,"67.468,27",,28/11/2025,,27/11/2027,,,80259110239,,PRÓPRIO,ATIVO,MAQUET DO BRASIL EQUIPAMENTOS MÉDICOS  LTDA.,,,ed16b2cc-3968-4462-a946-ba237a48e040,,,,,,,,,,,,,,,,,,,,,,,CEIC,available,EVEN1143,SERVO-C,VENTILADOR PULMONAR
EVEN1144,2296,FFM076564,VENTILADOR PULMONAR,SERVO-C,MAQUET,CRÍTICO,,HOSPITAL DAS CLÍNICAS,INSTITUTO CENTRAL - ICHC,IC - CENTRAL DE EQUIPAMENTOS DO INSTITUTO CENTRAL - 6º EE," AVENIDA DOUTOR ENÉAS DE CARVALHO AGUIAR 255, CERQUEIRA CÉSAR, SÃO PAULO-SP",SP,CERQUEIRA CÉSAR,SÃO PAULO,05403-010,"2929 - CENTRAL EQUIPAMENTO MÉDICO - CIEQ 09 PAMB ",25/11/2025,"67.468,27",65776,"67.468,27",,28/11/2025,,27/11/2027,,,80259110239,,PRÓPRIO,ATIVO,MAQUET DO BRASIL EQUIPAMENTOS MÉDICOS  LTDA.,,,5769f46a-de71-42ca-99a0-93f3ef989bcf,,,,,,,,,,,,,,,,,,,,,,,CEIC,available,EVEN1144,SERVO-C,VENTILADOR PULMONAR
EVEN1145,2303,FFM076562,VENTILADOR PULMONAR,SERVO-C,MAQUET,CRÍTICO,,HOSPITAL DAS CLÍNICAS,INSTITUTO CENTRAL - ICHC,IC - CENTRAL DE EQUIPAMENTOS DO INSTITUTO CENTRAL - 6º EE," AVENIDA DOUTOR ENÉAS DE CARVALHO AGUIAR 255, CERQUEIRA CÉSAR, SÃO PAULO-SP",SP,CERQUEIRA CÉSAR,SÃO PAULO,05403-010,"2929 - CENTRAL EQUIPAMENTO MÉDICO - CIEQ 09 PAMB ",25/11/2025,"67.468,27",65776,"67.468,27",,28/11/2025,,27/11/2027,,,80259110239,,PRÓPRIO,ATIVO,MAQUET DO BRASIL EQUIPAMENTOS MÉDICOS  LTDA.,,,1f9c6126-c080-4db1-87a4-ce89d01c58c7,,,,,,,,,,,,,,,,,,,,,,,CEIC,available,EVEN1145,SERVO-C,VENTILADOR PULMONAR
EVEN1146,2307,FFM076556,VENTILADOR PULMONAR,SERVO-C,MAQUET,CRÍTICO,,HOSPITAL DAS CLÍNICAS,INSTITUTO CENTRAL - ICHC,IC - CENTRAL DE EQUIPAMENTOS DO INSTITUTO CENTRAL - 6º EE," AVENIDA DOUTOR ENÉAS DE CARVALHO AGUIAR 255, CERQUEIRA CÉSAR, SÃO PAULO-SP",SP,CERQUEIRA CÉSAR,SÃO PAULO,05403-010,"2929 - CENTRAL EQUIPAMENTO MÉDICO - CIEQ 09 PAMB ",25/11/2025,"67.468,27",65776,"67.468,27",,28/11/2025,,27/11/2027,,,80259110239,,PRÓPRIO,ATIVO,MAQUET DO BRASIL EQUIPAMENTOS MÉDICOS  LTDA.,,,497f7e56-37b8-4753-bfb7-d7b878932489,,,,,,,,,,,,,,,,,,,,,,,CEIC,available,EVEN1146,SERVO-C,VENTILADOR PULMONAR
EVEN1147,2306,FFM076557,VENTILADOR PULMONAR,SERVO-C,MAQUET,CRÍTICO,,HOSPITAL DAS CLÍNICAS,INSTITUTO CENTRAL - ICHC,IC - CENTRAL DE EQUIPAMENTOS DO INSTITUTO CENTRAL - 6º EE," AVENIDA DOUTOR ENÉAS DE CARVALHO AGUIAR 255, CERQUEIRA CÉSAR, SÃO PAULO-SP",SP,CERQUEIRA CÉSAR,SÃO PAULO,05403-010,"2929 - CENTRAL EQUIPAMENTO MÉDICO - CIEQ 09 PAMB ",25/11/2025,"67.468,27",65776,"67.468,27",,28/11/2025,,27/11/2027,,,80259110239,,PRÓPRIO,ATIVO,MAQUET DO BRASIL EQUIPAMENTOS MÉDICOS  LTDA.,,,3fdb89cf-1ec8-44cd-aed4-91967ceb21ee,,,,,,,,,,,,,,,,,,,,,,,CEIC,available,EVEN1147,SERVO-C,VENTILADOR PULMONAR
EVEN1148,2302,FFM076555,VENTILADOR PULMONAR,SERVO-C,MAQUET,CRÍTICO,,HOSPITAL DAS CLÍNICAS,INSTITUTO CENTRAL - ICHC,IC - CENTRAL DE EQUIPAMENTOS DO INSTITUTO CENTRAL - 6º EE," AVENIDA DOUTOR ENÉAS DE CARVALHO AGUIAR 255, CERQUEIRA CÉSAR, SÃO PAULO-SP",SP,CERQUEIRA CÉSAR,SÃO PAULO,05403-010,"2929 - CENTRAL EQUIPAMENTO MÉDICO - CIEQ 09 PAMB ",25/11/2025,"67.468,27",65776,"67.468,27",,28/11/2025,,27/11/2027,,,80259110239,,PRÓPRIO,ATIVO,MAQUET DO BRASIL EQUIPAMENTOS MÉDICOS  LTDA.,,,061d5916-7e21-4c5e-ac47-a83162d470cc,,,,,,,,,,,,,,,,,,,,,,,CEIC,available,EVEN1148,SERVO-C,VENTILADOR PULMONAR
EVEN1149,2309,FFM076561,VENTILADOR PULMONAR,SERVO-C,MAQUET,CRÍTICO,,HOSPITAL DAS CLÍNICAS,INSTITUTO CENTRAL - ICHC,IC - CENTRAL DE EQUIPAMENTOS DO INSTITUTO CENTRAL - 6º EE," AVENIDA DOUTOR ENÉAS DE CARVALHO AGUIAR 255, CERQUEIRA CÉSAR, SÃO PAULO-SP",SP,CERQUEIRA CÉSAR,SÃO PAULO,05403-010,"2929 - CENTRAL EQUIPAMENTO MÉDICO - CIEQ 09 PAMB ",25/11/2025,"67.468,27",65776,"67.468,27",,28/11/2025,,27/11/2027,,,80259110239,,PRÓPRIO,ATIVO,MAQUET DO BRASIL EQUIPAMENTOS MÉDICOS  LTDA.,,,2fa35851-cb44-493f-81f2-55486b98550f,,,,,,,,,,,,,,,,,,,,,,,CEIC,available,EVEN1149,SERVO-C,VENTILADOR PULMONAR
EVEN1150,2301,FFM076565,VENTILADOR PULMONAR,SERVO-C,MAQUET,CRÍTICO,,HOSPITAL DAS CLÍNICAS,INSTITUTO CENTRAL - ICHC,IC - CENTRAL DE EQUIPAMENTOS DO INSTITUTO CENTRAL - 6º EE," AVENIDA DOUTOR ENÉAS DE CARVALHO AGUIAR 255, CERQUEIRA CÉSAR, SÃO PAULO-SP",SP,CERQUEIRA CÉSAR,SÃO PAULO,05403-010,"2929 - CENTRAL EQUIPAMENTO MÉDICO - CIEQ 09 PAMB ",25/11/2025,"67.468,27",65776,"67.468,27",,28/11/2025,,27/11/2027,,,80259110239,,PRÓPRIO,ATIVO,MAQUET DO BRASIL EQUIPAMENTOS MÉDICOS  LTDA.,,,5cce22dd-c9bc-42b5-8eda-3123c20148b8,,,,,,,,,,,,,,,,,,,,,,,CEIC,available,EVEN1150,SERVO-C,VENTILADOR PULMONAR
EVEN1151,2305,FFM076558,VENTILADOR PULMONAR,SERVO-C,MAQUET,CRÍTICO,,HOSPITAL DAS CLÍNICAS,INSTITUTO CENTRAL - ICHC,IC - CENTRAL DE EQUIPAMENTOS DO INSTITUTO CENTRAL - 6º EE," AVENIDA DOUTOR ENÉAS DE CARVALHO AGUIAR 255, CERQUEIRA CÉSAR, SÃO PAULO-SP",SP,CERQUEIRA CÉSAR,SÃO PAULO,05403-010,"2929 - CENTRAL EQUIPAMENTO MÉDICO - CIEQ 09 PAMB ",25/11/2025,"67.468,27",65776,"67.468,27",,28/11/2025,,27/11/2027,,,80259110239,,PRÓPRIO,ATIVO,MAQUET DO BRASIL EQUIPAMENTOS MÉDICOS  LTDA.,,,62ed7774-8607-4318-b996-a2489665c2c1,,,,,,,,,,,,,,,,,,,,,,,CEIC,available,EVEN1151,SERVO-C,VENTILADOR PULMONAR
EVEN1152,2320,FFM076583,VENTILADOR PULMONAR,SERVO-C,MAQUET,CRÍTICO,,HOSPITAL DAS CLÍNICAS,INSTITUTO CENTRAL - ICHC,IC - CENTRAL DE EQUIPAMENTOS DO INSTITUTO CENTRAL - 6º EE," AVENIDA DOUTOR ENÉAS DE CARVALHO AGUIAR 255, CERQUEIRA CÉSAR, SÃO PAULO-SP",SP,CERQUEIRA CÉSAR,SÃO PAULO,05403-010,"2929 - CENTRAL EQUIPAMENTO MÉDICO - CIEQ 09 PAMB ",25/11/2025,"67.468,27",65776,"67.468,27",,28/11/2025,,27/11/2027,,,80259110239,,PRÓPRIO,ATIVO,MAQUET DO BRASIL EQUIPAMENTOS MÉDICOS  LTDA.,,,26b43d26-fe75-40f4-9de2-ca5133272b88,,,,,,,,,,,,,,,,,,,,,,,CEIC,available,EVEN1152,SERVO-C,VENTILADOR PULMONAR
EVEN1153,2313,FFM076582,VENTILADOR PULMONAR,SERVO-C,MAQUET,CRÍTICO,,HOSPITAL DAS CLÍNICAS,INSTITUTO CENTRAL - ICHC,IC - CENTRAL DE EQUIPAMENTOS DO INSTITUTO CENTRAL - 6º EE," AVENIDA DOUTOR ENÉAS DE CARVALHO AGUIAR 255, CERQUEIRA CÉSAR, SÃO PAULO-SP",SP,CERQUEIRA CÉSAR,SÃO PAULO,05403-010,"2929 - CENTRAL EQUIPAMENTO MÉDICO - CIEQ 09 PAMB ",25/11/2025,"67.468,27",65776,"67.468,27",,28/11/2025,,27/11/2027,,,80259110239,,PRÓPRIO,ATIVO,MAQUET DO BRASIL EQUIPAMENTOS MÉDICOS  LTDA.,,,f473fb8c-4510-4fe3-bde6-0104ab860fa3,,,,,,,,,,,,,,,,,,,,,,,CEIC,available,EVEN1153,SERVO-C,VENTILADOR PULMONAR
EVEN1154,2314,FFM076581,VENTILADOR PULMONAR,SERVO-C,MAQUET,CRÍTICO,,HOSPITAL DAS CLÍNICAS,INSTITUTO CENTRAL - ICHC,IC - CENTRAL DE EQUIPAMENTOS DO INSTITUTO CENTRAL - 6º EE," AVENIDA DOUTOR ENÉAS DE CARVALHO AGUIAR 255, CERQUEIRA CÉSAR, SÃO PAULO-SP",SP,CERQUEIRA CÉSAR,SÃO PAULO,05403-010,"2929 - CENTRAL EQUIPAMENTO MÉDICO - CIEQ 09 PAMB ",25/11/2025,"67.468,27",65776,"67.468,27",,28/11/2025,,27/11/2027,,,80259110239,,PRÓPRIO,ATIVO,MAQUET DO BRASIL EQUIPAMENTOS MÉDICOS  LTDA.,,,ee587ee7-6c9e-4474-aa66-60948c53f33a,,,,,,,,,,,,,,,,,,,,,,,CEIC,available,EVEN1154,SERVO-C,VENTILADOR PULMONAR
EVEN1155,2319,FFM076567,VENTILADOR PULMONAR,SERVO-C,MAQUET,CRÍTICO,,HOSPITAL DAS CLÍNICAS,INSTITUTO CENTRAL - ICHC,IC - CENTRAL DE EQUIPAMENTOS DO INSTITUTO CENTRAL - 6º EE," AVENIDA DOUTOR ENÉAS DE CARVALHO AGUIAR 255, CERQUEIRA CÉSAR, SÃO PAULO-SP",SP,CERQUEIRA CÉSAR,SÃO PAULO,05403-010,"2929 - CENTRAL EQUIPAMENTO MÉDICO - CIEQ 09 PAMB ",25/11/2025,"67.468,27",65776,"67.468,27",,28/11/2025,,27/11/2027,,,80259110239,,PRÓPRIO,ATIVO,MAQUET DO BRASIL EQUIPAMENTOS MÉDICOS  LTDA.,,,3febfcaa-50b5-4220-a795-f2040f107f3c,,,,,,,,,,,,,,,,,,,,,,,CEIC,available,EVEN1155,SERVO-C,VENTILADOR PULMONAR
EVEN1156,2294,FFM076580,VENTILADOR PULMONAR,SERVO-C,MAQUET,CRÍTICO,,HOSPITAL DAS CLÍNICAS,INSTITUTO CENTRAL - ICHC,IC - CENTRAL DE EQUIPAMENTOS DO INSTITUTO CENTRAL - 6º EE," AVENIDA DOUTOR ENÉAS DE CARVALHO AGUIAR 255, CERQUEIRA CÉSAR, SÃO PAULO-SP",SP,CERQUEIRA CÉSAR,SÃO PAULO,05403-010,"2929 - CENTRAL EQUIPAMENTO MÉDICO - CIEQ 09 PAMB ",25/11/2025,"67.468,27",65776,"67.468,27",,28/11/2025,,27/11/2027,,,80259110239,,PRÓPRIO,ATIVO,MAQUET DO BRASIL EQUIPAMENTOS MÉDICOS  LTDA.,,,3cd3094e-7cf7-4799-ab37-82707a586f62,,,,,,,,,,,,,,,,,,,,,,,CEIC,available,EVEN1156,SERVO-C,VENTILADOR PULMONAR
EVEN1157,2323,FFM076584,VENTILADOR PULMONAR,SERVO-C,MAQUET,CRÍTICO,,HOSPITAL DAS CLÍNICAS,INSTITUTO CENTRAL - ICHC,IC - CENTRAL DE EQUIPAMENTOS DO INSTITUTO CENTRAL - 6º EE," AVENIDA DOUTOR ENÉAS DE CARVALHO AGUIAR 255, CERQUEIRA CÉSAR, SÃO PAULO-SP",SP,CERQUEIRA CÉSAR,SÃO PAULO,05403-010,"2929 - CENTRAL EQUIPAMENTO MÉDICO - CIEQ 09 PAMB ",25/11/2025,"67.468,27",65776,"67.468,27",,28/11/2025,,27/11/2027,,,80259110239,,PRÓPRIO,ATIVO,MAQUET DO BRASIL EQUIPAMENTOS MÉDICOS  LTDA.,,,bd911603-3d38-4449-acf7-5e08f359ee81,,,,,,,,,,,,,,,,,,,,,,,CEIC,available,EVEN1157,SERVO-C,VENTILADOR PULMONAR
EVEN1158,2321,FFM076560,VENTILADOR PULMONAR,SERVO-C,MAQUET,CRÍTICO,,HOSPITAL DAS CLÍNICAS,INSTITUTO CENTRAL - ICHC,IC - CENTRAL DE EQUIPAMENTOS DO INSTITUTO CENTRAL - 6º EE," AVENIDA DOUTOR ENÉAS DE CARVALHO AGUIAR 255, CERQUEIRA CÉSAR, SÃO PAULO-SP",SP,CERQUEIRA CÉSAR,SÃO PAULO,05403-010,"2929 - CENTRAL EQUIPAMENTO MÉDICO - CIEQ 09 PAMB ",25/11/2025,"67.468,27",65776,"67.468,27",,28/11/2025,,27/11/2027,,,80259110239,,PRÓPRIO,ATIVO,MAQUET DO BRASIL EQUIPAMENTOS MÉDICOS  LTDA.,,,75f09357-1832-4c2e-8ad1-b653d5dd7bc8,,,,,,,,,,,,,,,,,,,,,,,CEIC,available,EVEN1158,SERVO-C,VENTILADOR PULMONAR
EVEN1159,2304,FFM076579,VENTILADOR PULMONAR,SERVO-C,MAQUET,CRÍTICO,,HOSPITAL DAS CLÍNICAS,INSTITUTO CENTRAL - ICHC,IC - CENTRAL DE EQUIPAMENTOS DO INSTITUTO CENTRAL - 6º EE," AVENIDA DOUTOR ENÉAS DE CARVALHO AGUIAR 255, CERQUEIRA CÉSAR, SÃO PAULO-SP",SP,CERQUEIRA CÉSAR,SÃO PAULO,05403-010,"2929 - CENTRAL EQUIPAMENTO MÉDICO - CIEQ 09 PAMB ",25/11/2025,"67.468,27",65776,"67.468,27",,28/11/2025,,27/11/2027,,,80259110239,,PRÓPRIO,ATIVO,MAQUET DO BRASIL EQUIPAMENTOS MÉDICOS  LTDA.,,,97ca729b-0773-4d12-a6b1-5fe9bf6f02cb,,,,,,,,,,,,,,,,,,,,,,,CEIC,available,EVEN1159,SERVO-C,VENTILADOR PULMONAR
EVEN1160,2310,FFM076569,VENTILADOR PULMONAR,SERVO-C,MAQUET,CRÍTICO,,HOSPITAL DAS CLÍNICAS,INSTITUTO CENTRAL - ICHC,IC - CENTRAL DE EQUIPAMENTOS DO INSTITUTO CENTRAL - 6º EE," AVENIDA DOUTOR ENÉAS DE CARVALHO AGUIAR 255, CERQUEIRA CÉSAR, SÃO PAULO-SP",SP,CERQUEIRA CÉSAR,SÃO PAULO,05403-010,"2929 - CENTRAL EQUIPAMENTO MÉDICO - CIEQ 09 PAMB ",25/11/2025,"67.468,27",65776,"67.468,27",,28/11/2025,,27/11/2027,,,80259110239,,PRÓPRIO,ATIVO,MAQUET DO BRASIL EQUIPAMENTOS MÉDICOS  LTDA.,,,5b35e7d5-525f-41a5-b598-8002bef5ff5c,,,,,,,,,,,,,,,,,,,,,,,CEIC,available,EVEN1160,SERVO-C,VENTILADOR PULMONAR
EVEN1161,2297,FFM076575,VENTILADOR PULMONAR,SERVO-C,MAQUET,CRÍTICO,,HOSPITAL DAS CLÍNICAS,INSTITUTO CENTRAL - ICHC,IC - CENTRAL DE EQUIPAMENTOS DO INSTITUTO CENTRAL - 6º EE," AVENIDA DOUTOR ENÉAS DE CARVALHO AGUIAR 255, CERQUEIRA CÉSAR, SÃO PAULO-SP",SP,CERQUEIRA CÉSAR,SÃO PAULO,05403-010,"2929 - CENTRAL EQUIPAMENTO MÉDICO - CIEQ 09 PAMB ",25/11/2025,"67.468,27",65776,"67.468,27",,28/11/2025,,27/11/2027,,,80259110239,,PRÓPRIO,ATIVO,MAQUET DO BRASIL EQUIPAMENTOS MÉDICOS  LTDA.,,,55abc27b-d60c-4107-acf2-c3879032a100,,,,,,,,,,,,,,,,,,,,,,,CEIC,available,EVEN1161,SERVO-C,VENTILADOR PULMONAR
EVEN1162,2300,FFM076577,VENTILADOR PULMONAR,SERVO-C,MAQUET,CRÍTICO,,HOSPITAL DAS CLÍNICAS,INSTITUTO CENTRAL - ICHC,IC - CENTRAL DE EQUIPAMENTOS DO INSTITUTO CENTRAL - 6º EE," AVENIDA DOUTOR ENÉAS DE CARVALHO AGUIAR 255, CERQUEIRA CÉSAR, SÃO PAULO-SP",SP,CERQUEIRA CÉSAR,SÃO PAULO,05403-010,"2929 - CENTRAL EQUIPAMENTO MÉDICO - CIEQ 09 PAMB ",25/11/2025,"67.468,27",65776,"67.468,27",,28/11/2025,,27/11/2027,,,80259110239,,PRÓPRIO,ATIVO,MAQUET DO BRASIL EQUIPAMENTOS MÉDICOS  LTDA.,,,6d85e5ea-7187-43e7-9cd9-7a478590b3cb,,,,,,,,,,,,,,,,,,,,,,,CEIC,available,EVEN1162,SERVO-C,VENTILADOR PULMONAR
EVEN1163,2315,FFM076573,VENTILADOR PULMONAR,SERVO-C,MAQUET,CRÍTICO,,HOSPITAL DAS CLÍNICAS,INSTITUTO CENTRAL - ICHC,IC - CENTRAL DE EQUIPAMENTOS DO INSTITUTO CENTRAL - 6º EE," AVENIDA DOUTOR ENÉAS DE CARVALHO AGUIAR 255, CERQUEIRA CÉSAR, SÃO PAULO-SP",SP,CERQUEIRA CÉSAR,SÃO PAULO,05403-010,"2929 - CENTRAL EQUIPAMENTO MÉDICO - CIEQ 09 PAMB ",25/11/2025,"67.468,27",65776,"67.468,27",,28/11/2025,,27/11/2027,,,80259110239,,PRÓPRIO,ATIVO,MAQUET DO BRASIL EQUIPAMENTOS MÉDICOS  LTDA.,,,9dca3cb6-d936-448b-bc26-46e0ebfb3aee,,,,,,,,,,,,,,,,,,,,,,,CEIC,available,EVEN1163,SERVO-C,VENTILADOR PULMONAR
EVEN1164,2311,FFM076570,VENTILADOR PULMONAR,SERVO-C,MAQUET,CRÍTICO,,HOSPITAL DAS CLÍNICAS,INSTITUTO CENTRAL - ICHC,IC - CENTRAL DE EQUIPAMENTOS DO INSTITUTO CENTRAL - 6º EE," AVENIDA DOUTOR ENÉAS DE CARVALHO AGUIAR 255, CERQUEIRA CÉSAR, SÃO PAULO-SP",SP,CERQUEIRA CÉSAR,SÃO PAULO,05403-010,"2929 - CENTRAL EQUIPAMENTO MÉDICO - CIEQ 09 PAMB ",25/11/2025,"67.468,27",65776,"67.468,27",,28/11/2025,,27/11/2027,,,80259110239,,PRÓPRIO,ATIVO,MAQUET DO BRASIL EQUIPAMENTOS MÉDICOS  LTDA.,,,60206604-5e85-46ed-8cfa-87aa033e2a15,,,,,,,,,,,,,,,,,,,,,,,CEIC,available,EVEN1164,SERVO-C,VENTILADOR PULMONAR
EVEN1165,2312,FFM076572,VENTILADOR PULMONAR,SERVO-C,MAQUET,CRÍTICO,,HOSPITAL DAS CLÍNICAS,INSTITUTO CENTRAL - ICHC,IC - CENTRAL DE EQUIPAMENTOS DO INSTITUTO CENTRAL - 6º EE," AVENIDA DOUTOR ENÉAS DE CARVALHO AGUIAR 255, CERQUEIRA CÉSAR, SÃO PAULO-SP",SP,CERQUEIRA CÉSAR,SÃO PAULO,05403-010,"2929 - CENTRAL EQUIPAMENTO MÉDICO - CIEQ 09 PAMB ",25/11/2025,"67.468,27",65776,"67.468,27",,28/11/2025,,27/11/2027,,,80259110239,,PRÓPRIO,ATIVO,MAQUET DO BRASIL EQUIPAMENTOS MÉDICOS  LTDA.,,,cf7aecab-6d44-4159-b37d-8b929a84b768,,,,,,,,,,,,,,,,,,,,,,,CEIC,available,EVEN1165,SERVO-C,VENTILADOR PULMONAR
EVEN1166,2299,FFM076571,VENTILADOR PULMONAR,SERVO-C,MAQUET,CRÍTICO,,HOSPITAL DAS CLÍNICAS,INSTITUTO CENTRAL - ICHC,IC - CENTRAL DE EQUIPAMENTOS DO INSTITUTO CENTRAL - 6º EE," AVENIDA DOUTOR ENÉAS DE CARVALHO AGUIAR 255, CERQUEIRA CÉSAR, SÃO PAULO-SP",SP,CERQUEIRA CÉSAR,SÃO PAULO,05403-010,"2929 - CENTRAL EQUIPAMENTO MÉDICO - CIEQ 09 PAMB ",25/11/2025,"67.468,27",65776,"67.468,27",,28/11/2025,,27/11/2027,,,80259110239,,PRÓPRIO,ATIVO,MAQUET DO BRASIL EQUIPAMENTOS MÉDICOS  LTDA.,,,439c8601-960a-47ba-b5bb-a12eaf9e1ff9,,,,,,,,,,,,,,,,,,,,,,,CEIC,available,EVEN1166,SERVO-C,VENTILADOR PULMONAR
EVEN1167,2318,FFM076574,VENTILADOR PULMONAR,SERVO-C,MAQUET,CRÍTICO,,HOSPITAL DAS CLÍNICAS,INSTITUTO CENTRAL - ICHC,IC - CENTRAL DE EQUIPAMENTOS DO INSTITUTO CENTRAL - 6º EE," AVENIDA DOUTOR ENÉAS DE CARVALHO AGUIAR 255, CERQUEIRA CÉSAR, SÃO PAULO-SP",SP,CERQUEIRA CÉSAR,SÃO PAULO,05403-010,"2929 - CENTRAL EQUIPAMENTO MÉDICO - CIEQ 09 PAMB ",25/11/2025,"67.468,27",65776,"67.468,27",,28/11/2025,,27/11/2027,,,80259110239,,PRÓPRIO,ATIVO,MAQUET DO BRASIL EQUIPAMENTOS MÉDICOS  LTDA.,,,d4e6354a-e901-42b5-81db-1d9db599f2ef,,,,,,,,,,,,,,,,,,,,,,,CEIC,available,EVEN1167,SERVO-C,VENTILADOR PULMONAR
EVEN1168,2295,FFM076578,VENTILADOR PULMONAR,SERVO-C,MAQUET,CRÍTICO,,HOSPITAL DAS CLÍNICAS,INSTITUTO CENTRAL - ICHC,IC - CENTRAL DE EQUIPAMENTOS DO INSTITUTO CENTRAL - 6º EE," AVENIDA DOUTOR ENÉAS DE CARVALHO AGUIAR 255, CERQUEIRA CÉSAR, SÃO PAULO-SP",SP,CERQUEIRA CÉSAR,SÃO PAULO,05403-010,"2929 - CENTRAL EQUIPAMENTO MÉDICO - CIEQ 09 PAMB ",25/11/2025,"67.468,27",65776,"67.468,27",,28/11/2025,,27/11/2027,,,80259110239,,PRÓPRIO,ATIVO,MAQUET DO BRASIL EQUIPAMENTOS MÉDICOS  LTDA.,,,cea4c0cf-d253-43f3-9673-c4a0ae982277,,,,,,,,,,,,,,,,,,,,,,,CEIC,available,EVEN1168,SERVO-C,VENTILADOR PULMONAR
EVEN1169,2298,FFM076576,VENTILADOR PULMONAR,SERVO-C,MAQUET,CRÍTICO,,HOSPITAL DAS CLÍNICAS,INSTITUTO CENTRAL - ICHC,IC - CENTRAL DE EQUIPAMENTOS DO INSTITUTO CENTRAL - 6º EE," AVENIDA DOUTOR ENÉAS DE CARVALHO AGUIAR 255, CERQUEIRA CÉSAR, SÃO PAULO-SP",SP,CERQUEIRA CÉSAR,SÃO PAULO,05403-010,"2929 - CENTRAL EQUIPAMENTO MÉDICO - CIEQ 09 PAMB ",25/11/2025,"67.468,27",65776,"67.468,27",,28/11/2025,,27/11/2027,,,80259110239,,PRÓPRIO,ATIVO,MAQUET DO BRASIL EQUIPAMENTOS MÉDICOS  LTDA.,,,32de2312-85d5-48d3-ab59-462042a40b8d,,,,,,,,,,,,,,,,,,,,,,,CEIC,available,EVEN1169,SERVO-C,VENTILADOR PULMONAR
EVNI0017,100364516,FFM64530,VENTILADOR PULMONAR NÃO INVASIVO,V60,RESPIRONICS,CRÍTICO,ALTA,HOSPITAL DAS CLÍNICAS,INSTITUTO CENTRAL - ICHC,IC - CENTRAL DE EQUIPAMENTOS DO INSTITUTO CENTRAL - 6º EE," AVENIDA DOUTOR ENÉAS DE CARVALHO AGUIAR 255, CERQUEIRA CÉSAR, SÃO PAULO-SP",SP,CERQUEIRA CÉSAR,SÃO PAULO,05403-010,"2929 - CENTRAL EQUIPAMENTO MÉDICO - CIEQ 09 PAMB ",11/12/2020,"49.092,68",349094,"49.092,68",,18/12/2020,,03/12/2022,,,,,PRÓPRIO,ATIVO,PHILIPS MEDICAL SYSTEMS LTDA.,,,948c41f2-75a8-4020-bfe7-3a1c0010be62,,,,,,,,,,,,,,,,,,,,,,,CEIC,available,EVNI0017,V60,VENTILADOR PULMONAR NÃO INVASIVO
EVNI0019,100364258,,VENTILADOR PULMONAR NÃO INVASIVO,V60,RESPIRONICS,CRÍTICO,ALTA,HOSPITAL DAS CLÍNICAS,INSTITUTO CENTRAL - ICHC,IC - CENTRAL DE EQUIPAMENTOS DO INSTITUTO CENTRAL - 6º EE," AVENIDA DOUTOR ENÉAS DE CARVALHO AGUIAR 255, CERQUEIRA CÉSAR, SÃO PAULO-SP",SP,CERQUEIRA CÉSAR,SÃO PAULO,05403-010,"2929 - CENTRAL EQUIPAMENTO MÉDICO - CIEQ 09 PAMB ",11/12/2020,"49.092,68",349094,"49.092,68",,18/12/2020,,03/12/2022,,,,,PRÓPRIO,ATIVO,PHILIPS MEDICAL SYSTEMS LTDA.,,,03513352-a51a-458f-b34c-ad79c1e4ebfb,,,,,,,,,,,,,,,,,,,,,,,CEIC,available,EVNI0019,V60,VENTILADOR PULMONAR NÃO INVASIVO
EVNI0020,100364523,,VENTILADOR PULMONAR NÃO INVASIVO,V60,RESPIRONICS,CRÍTICO,ALTA,HOSPITAL DAS CLÍNICAS,INSTITUTO CENTRAL - ICHC,IC - CENTRAL DE EQUIPAMENTOS DO INSTITUTO CENTRAL - 6º EE," AVENIDA DOUTOR ENÉAS DE CARVALHO AGUIAR 255, CERQUEIRA CÉSAR, SÃO PAULO-SP",SP,CERQUEIRA CÉSAR,SÃO PAULO,05403-010,"2929 - CENTRAL EQUIPAMENTO MÉDICO - CIEQ 09 PAMB ",11/12/2020,"49.092,68",349094,"49.092,68",,18/12/2020,,03/12/2022,,,,,PRÓPRIO,ATIVO,PHILIPS MEDICAL SYSTEMS LTDA.,,,d0b0e98d-6f96-44ea-b4c5-efaa112dcf5a,,,,,,,,,,,,,,,,,,,,,,,CEIC,available,EVNI0020,V60,VENTILADOR PULMONAR NÃO INVASIVO
EVNI0021,100364522,,VENTILADOR PULMONAR NÃO INVASIVO,V60,RESPIRONICS,CRÍTICO,ALTA,HOSPITAL DAS CLÍNICAS,INSTITUTO CENTRAL - ICHC,IC - CENTRAL DE EQUIPAMENTOS DO INSTITUTO CENTRAL - 6º EE," AVENIDA DOUTOR ENÉAS DE CARVALHO AGUIAR 255, CERQUEIRA CÉSAR, SÃO PAULO-SP",SP,CERQUEIRA CÉSAR,SÃO PAULO,05403-010,"2929 - CENTRAL EQUIPAMENTO MÉDICO - CIEQ 09 PAMB ",,"49.092,68",355998-14,"49.092,68",,26/02/2021,,,,,,,PRÓPRIO,ATIVO,PHILIPS MEDICAL SYSTEMS LTDA.,,,36fb8ca0-58bc-4d16-b1ab-3c96249e0a5f,,,,,,,,,,,,,,,,,,,,,,,CEIC,available,EVNI0021,V60,VENTILADOR PULMONAR NÃO INVASIVO
EVNI0022,100364537,,VENTILADOR PULMONAR NÃO INVASIVO,V60,RESPIRONICS,CRÍTICO,ALTA,HOSPITAL DAS CLÍNICAS,INSTITUTO CENTRAL - ICHC,IC - CENTRAL DE EQUIPAMENTOS DO INSTITUTO CENTRAL - 6º EE," AVENIDA DOUTOR ENÉAS DE CARVALHO AGUIAR 255, CERQUEIRA CÉSAR, SÃO PAULO-SP",SP,CERQUEIRA CÉSAR,SÃO PAULO,05403-010,"2929 - CENTRAL EQUIPAMENTO MÉDICO - CIEQ 09 PAMB ",22/02/2021,"49.092,68",355998-14,"49.092,68",,26/02/2021,,,,,,,PRÓPRIO,ATIVO,PHILIPS MEDICAL SYSTEMS LTDA.,,,1c924bce-a162-430d-bf03-182e141b9cb0,,,,,,,,,,,,,,,,,,,,,,,CEIC,available,EVNI0022,V60,VENTILADOR PULMONAR NÃO INVASIVO
EVNI0023,100364558,,VENTILADOR PULMONAR NÃO INVASIVO,V60,RESPIRONICS,CRÍTICO,ALTA,HOSPITAL DAS CLÍNICAS,INSTITUTO CENTRAL - ICHC,IC - CENTRAL DE EQUIPAMENTOS DO INSTITUTO CENTRAL - 6º EE," AVENIDA DOUTOR ENÉAS DE CARVALHO AGUIAR 255, CERQUEIRA CÉSAR, SÃO PAULO-SP",SP,CERQUEIRA CÉSAR,SÃO PAULO,05403-010,"2929 - CENTRAL EQUIPAMENTO MÉDICO - CIEQ 09 PAMB ",22/02/2021,"49.092,68",355998-14,"49.092,68",,26/02/2021,,,,,,,PRÓPRIO,ATIVO,PHILIPS MEDICAL SYSTEMS LTDA.,,,c8c6d164-0568-4af8-8f24-4853d1f651c7,03DN,4,2026-03-29 20:55:02.311+00,true,,,,,false,4444444,ANA,2026-04-28 19:55:29.339+00,,,,,,,,,true,2026-03-29 20:55:58.389+00,ENF. RETAG EMERG CLINICA,in_use,EVNI0023,V60,VENTILADOR PULMONAR NÃO INVASIVO
EVNI0024,100364576,,VENTILADOR PULMONAR NÃO INVASIVO,V60,RESPIRONICS,CRÍTICO,ALTA,HOSPITAL DAS CLÍNICAS,INSTITUTO CENTRAL - ICHC,IC - CENTRAL DE EQUIPAMENTOS DO INSTITUTO CENTRAL - 6º EE," AVENIDA DOUTOR ENÉAS DE CARVALHO AGUIAR 255, CERQUEIRA CÉSAR, SÃO PAULO-SP",SP,CERQUEIRA CÉSAR,SÃO PAULO,05403-010,"2929 - CENTRAL EQUIPAMENTO MÉDICO - CIEQ 09 PAMB ",22/02/2021,"49.092,68",355998-14,"49.092,68",,26/02/2021,,,,,,,PRÓPRIO,ATIVO,PHILIPS MEDICAL SYSTEMS LTDA.,,,9c6d309e-622c-4bd3-8622-baaa18bbc26b,,,,,,,,,,,,,,,,,,,,,,,CEIC,available,EVNI0024,V60,VENTILADOR PULMONAR NÃO INVASIVO
EVNI0025,100404718,,VENTILADOR PULMONAR NÃO INVASIVO,V60,RESPIRONICS,CRÍTICO,ALTA,HOSPITAL DAS CLÍNICAS,INSTITUTO CENTRAL - ICHC,IC - CENTRAL DE EQUIPAMENTOS DO INSTITUTO CENTRAL - 6º EE," AVENIDA DOUTOR ENÉAS DE CARVALHO AGUIAR 255, CERQUEIRA CÉSAR, SÃO PAULO-SP",SP,CERQUEIRA CÉSAR,SÃO PAULO,05403-010,"2929 - CENTRAL EQUIPAMENTO MÉDICO - CIEQ 09 PAMB ",22/02/2021,"49.092,68",355998-14,"49.092,68",,26/02/2021,,,,,,,PRÓPRIO,ATIVO,PHILIPS MEDICAL SYSTEMS LTDA.,,,01ca73b1-684c-4b7b-9a11-456586f8ca6d,,,,,,,,,,,,,,,,,,,,,,,CEIC,available,EVNI0025,V60,VENTILADOR PULMONAR NÃO INVASIVO
EVNI0026,100411918,,VENTILADOR PULMONAR NÃO INVASIVO,V60,RESPIRONICS,CRÍTICO,ALTA,HOSPITAL DAS CLÍNICAS,INSTITUTO CENTRAL - ICHC,IC - CENTRAL DE EQUIPAMENTOS DO INSTITUTO CENTRAL - 6º EE," AVENIDA DOUTOR ENÉAS DE CARVALHO AGUIAR 255, CERQUEIRA CÉSAR, SÃO PAULO-SP",SP,CERQUEIRA CÉSAR,SÃO PAULO,05403-010,"2929 - CENTRAL EQUIPAMENTO MÉDICO - CIEQ 09 PAMB ",22/02/2021,"49.092,68",355998-14,"49.092,68",,26/02/2021,,,,,,,PRÓPRIO,ATIVO,PHILIPS MEDICAL SYSTEMS LTDA.,,,7ce3b100-d454-440f-a04f-7a75b5007090,,,,,,,,,,,,,,,,,,,,,,,CEIC,available,EVNI0026,V60,VENTILADOR PULMONAR NÃO INVASIVO
EVNI0027,100411922,,VENTILADOR PULMONAR NÃO INVASIVO,V60,RESPIRONICS,CRÍTICO,ALTA,HOSPITAL DAS CLÍNICAS,INSTITUTO CENTRAL - ICHC,IC - CENTRAL DE EQUIPAMENTOS DO INSTITUTO CENTRAL - 6º EE," AVENIDA DOUTOR ENÉAS DE CARVALHO AGUIAR 255, CERQUEIRA CÉSAR, SÃO PAULO-SP",SP,CERQUEIRA CÉSAR,SÃO PAULO,05403-010,"2929 - CENTRAL EQUIPAMENTO MÉDICO - CIEQ 09 PAMB ",22/02/2021,"49.092,68",355998-14,"49.092,68",,26/02/2021,,,,,,,PRÓPRIO,ATIVO,PHILIPS MEDICAL SYSTEMS LTDA.,,,96f6815e-43e2-4559-a2da-3cbe8a28611d,,,,,,,,,,,,,,,,,,,,,,,CEIC,available,EVNI0027,V60,VENTILADOR PULMONAR NÃO INVASIVO
EVNI0028,100411925,,VENTILADOR PULMONAR NÃO INVASIVO,V60,RESPIRONICS,CRÍTICO,ALTA,HOSPITAL DAS CLÍNICAS,INSTITUTO CENTRAL - ICHC,IC - CENTRAL DE EQUIPAMENTOS DO INSTITUTO CENTRAL - 6º EE," AVENIDA DOUTOR ENÉAS DE CARVALHO AGUIAR 255, CERQUEIRA CÉSAR, SÃO PAULO-SP",SP,CERQUEIRA CÉSAR,SÃO PAULO,05403-010,"2929 - CENTRAL EQUIPAMENTO MÉDICO - CIEQ 09 PAMB ",22/02/2021,"49.092,68",355998-14,"49.092,68",,26/02/2021,,26/02/2022,,,,,PRÓPRIO,ATIVO,PHILIPS MEDICAL SYSTEMS LTDA.,,,19136150-c5ca-489f-b4b8-ccb81e3aee24,,,,,,,,,,,,,,,,,,,,,,,CEIC,available,EVNI0028,V60,VENTILADOR PULMONAR NÃO INVASIVO
EVNI0035,100145122,HC157924,VENTILADOR PULMONAR NÃO INVASIVO,V60,RESPIRONICS,CRÍTICO,ALTA,HOSPITAL DAS CLÍNICAS,INSTITUTO CENTRAL - ICHC,IC - CENTRAL DE EQUIPAMENTOS DO INSTITUTO CENTRAL - 6º EE," AVENIDA DOUTOR ENÉAS DE CARVALHO AGUIAR 255, CERQUEIRA CÉSAR, SÃO PAULO-SP",SP,CERQUEIRA CÉSAR,SÃO PAULO,05403-010,"2929 - CENTRAL EQUIPAMENTO MÉDICO - CIEQ 09 PAMB ",11/08/2015,"49.092,68",000007713,"49.092,68",,27/10/2015,,27/10/2017,,,,,PRÓPRIO,ATIVO,PHILIPS MEDICAL SYSTEMS LTDA.,AUTONOMIA DAS BATERIAS: 6H,,28d0cd39-7052-4ffd-b6b3-ac648ee0630e,,,,,,,,,,,,,,,,,,,,,,,CEIC,available,EVNI0035,V60,VENTILADOR PULMONAR NÃO INVASIVO
EVNI0036,100147184,HC157937,VENTILADOR PULMONAR NÃO INVASIVO,V60,RESPIRONICS,CRÍTICO,ALTA,HOSPITAL DAS CLÍNICAS,INSTITUTO CENTRAL - ICHC,IC - CENTRAL DE EQUIPAMENTOS DO INSTITUTO CENTRAL - 6º EE," AVENIDA DOUTOR ENÉAS DE CARVALHO AGUIAR 255, CERQUEIRA CÉSAR, SÃO PAULO-SP",SP,CERQUEIRA CÉSAR,SÃO PAULO,05403-010,"2929 - CENTRAL EQUIPAMENTO MÉDICO - CIEQ 09 PAMB ",11/08/2015,"49.092,68",000007713,"49.092,68",,03/09/2015,,27/10/2017,,,,,PRÓPRIO,ATIVO,PHILIPS MEDICAL SYSTEMS LTDA.,AUTONOMIA DAS BATERIAS: 6H,,023d8033-a26a-4e74-9b00-97c94c0228b9,,,,,,,,,,,,,,,,,,,,,,,CEIC,available,EVNI0036,V60,VENTILADOR PULMONAR NÃO INVASIVO
EVNI0037,100146845,HC157940,VENTILADOR PULMONAR NÃO INVASIVO,V60,RESPIRONICS,CRÍTICO,ALTA,HOSPITAL DAS CLÍNICAS,INSTITUTO CENTRAL - ICHC,IC - CENTRAL DE EQUIPAMENTOS DO INSTITUTO CENTRAL - 6º EE," AVENIDA DOUTOR ENÉAS DE CARVALHO AGUIAR 255, CERQUEIRA CÉSAR, SÃO PAULO-SP",SP,CERQUEIRA CÉSAR,SÃO PAULO,05403-010,"2929 - CENTRAL EQUIPAMENTO MÉDICO - CIEQ 09 PAMB ",11/08/2015,"49.092,68",000007713,"49.092,68",,03/09/2015,,03/09/2017,,,,,PRÓPRIO,ATIVO,PHILIPS MEDICAL SYSTEMS LTDA.,AUTONOMIA DAS BATERIAS: 6H,,1ae261ac-7f82-4ca6-8e38-072453d7025b,,,,,,,,,,,,,,,,,,,,,,,CEIC,available,EVNI0037,V60,VENTILADOR PULMONAR NÃO INVASIVO
EVNI0038,100147190,HC157936,VENTILADOR PULMONAR NÃO INVASIVO,V60,RESPIRONICS,CRÍTICO,ALTA,HOSPITAL DAS CLÍNICAS,INSTITUTO CENTRAL - ICHC,IC - CENTRAL DE EQUIPAMENTOS DO INSTITUTO CENTRAL - 6º EE," AVENIDA DOUTOR ENÉAS DE CARVALHO AGUIAR 255, CERQUEIRA CÉSAR, SÃO PAULO-SP",SP,CERQUEIRA CÉSAR,SÃO PAULO,05403-010,"2929 - CENTRAL EQUIPAMENTO MÉDICO - CIEQ 09 PAMB ",11/08/2015,"49.092,68",000007713,"49.092,68",,03/09/2015,,03/09/2017,,,,,PRÓPRIO,ATIVO,PHILIPS MEDICAL SYSTEMS LTDA.,AUTONOMIA DAS BATERIAS: 6H,,9a47431e-40e3-4be7-9a5a-3197c1136116,,,,,,,,,,,,,,,,,,,,,,,CEIC,available,EVNI0038,V60,VENTILADOR PULMONAR NÃO INVASIVO
EVNI0039,100147292,HC157927,VENTILADOR PULMONAR NÃO INVASIVO,V60,RESPIRONICS,CRÍTICO,ALTA,HOSPITAL DAS CLÍNICAS,INSTITUTO CENTRAL - ICHC,IC - CENTRAL DE EQUIPAMENTOS DO INSTITUTO CENTRAL - 6º EE," AVENIDA DOUTOR ENÉAS DE CARVALHO AGUIAR 255, CERQUEIRA CÉSAR, SÃO PAULO-SP",SP,CERQUEIRA CÉSAR,SÃO PAULO,05403-010,"2929 - CENTRAL EQUIPAMENTO MÉDICO - CIEQ 09 PAMB ",11/08/2015,"49.092,68",000007713,"49.092,68",,03/09/2015,,03/09/2017,,,,,PRÓPRIO,ATIVO,PHILIPS MEDICAL SYSTEMS LTDA.,AUTONOMIA DAS BATERIAS: 6H,,7f800e91-885c-4f41-a809-18e3a28d4ff9,,,,,,,,,,,,,,,,,,,,,,,CEIC,available,EVNI0039,V60,VENTILADOR PULMONAR NÃO INVASIVO
EVNI0040,100145130,HC157914,VENTILADOR PULMONAR NÃO INVASIVO,V60,RESPIRONICS,CRÍTICO,ALTA,HOSPITAL DAS CLÍNICAS,INSTITUTO CENTRAL - ICHC,IC - CENTRAL DE EQUIPAMENTOS DO INSTITUTO CENTRAL - 6º EE," AVENIDA DOUTOR ENÉAS DE CARVALHO AGUIAR 255, CERQUEIRA CÉSAR, SÃO PAULO-SP",SP,CERQUEIRA CÉSAR,SÃO PAULO,05403-010,"2929 - CENTRAL EQUIPAMENTO MÉDICO - CIEQ 09 PAMB ",11/08/2015,"49.092,68",000007713,"49.092,68",,03/09/2015,,03/09/2017,,,,,PRÓPRIO,ATIVO,PHILIPS MEDICAL SYSTEMS LTDA.,AUTONOMIA DAS BATERIAS: 6H,,948de1f6-7af1-4133-bded-08701dd0d794,,,,,,,,,,,,,,,,,,,,,,,CEIC,available,EVNI0040,V60,VENTILADOR PULMONAR NÃO INVASIVO
EVNI0041,100147200,HC157917,VENTILADOR PULMONAR NÃO INVASIVO,V60,RESPIRONICS,CRÍTICO,ALTA,HOSPITAL DAS CLÍNICAS,INSTITUTO CENTRAL - ICHC,IC - CENTRAL DE EQUIPAMENTOS DO INSTITUTO CENTRAL - 6º EE," AVENIDA DOUTOR ENÉAS DE CARVALHO AGUIAR 255, CERQUEIRA CÉSAR, SÃO PAULO-SP",SP,CERQUEIRA CÉSAR,SÃO PAULO,05403-010,"2929 - CENTRAL EQUIPAMENTO MÉDICO - CIEQ 09 PAMB ",11/08/2015,"49.092,68",000007713,"49.092,68",,03/09/2015,,03/09/2017,,,,,PRÓPRIO,ATIVO,PHILIPS MEDICAL SYSTEMS LTDA.,AUTONOMIA DAS BATERIAS: 6H,,a3198c26-a1ef-45a0-b1eb-1b0ab915f2a5,,,,,,,,,,,,,,,,,,,,,,,CEIC,available,EVNI0041,V60,VENTILADOR PULMONAR NÃO INVASIVO
EVNI0042,100147202,HC157935,VENTILADOR PULMONAR NÃO INVASIVO,V60,RESPIRONICS,CRÍTICO,ALTA,HOSPITAL DAS CLÍNICAS,INSTITUTO CENTRAL - ICHC,IC - CENTRAL DE EQUIPAMENTOS DO INSTITUTO CENTRAL - 6º EE," AVENIDA DOUTOR ENÉAS DE CARVALHO AGUIAR 255, CERQUEIRA CÉSAR, SÃO PAULO-SP",SP,CERQUEIRA CÉSAR,SÃO PAULO,05403-010,"2929 - CENTRAL EQUIPAMENTO MÉDICO - CIEQ 09 PAMB ",11/08/2015,"49.092,68",000007713,"49.092,68",,03/09/2015,,03/06/2017,,,,,PRÓPRIO,ATIVO,PHILIPS MEDICAL SYSTEMS LTDA.,AUTONOMIA DAS BATERIAS: 6H,,3922665d-549f-47be-a862-065381d5d587,03DN,12,2026-03-29 20:55:11.564+00,true,,,,,false,4585123,Maria Betânea,2026-04-14 14:29:40.566+00,,,,,,,,,true,2026-03-29 20:55:52.279+00,03DN,in_use,EVNI0042,V60,VENTILADOR PULMONAR NÃO INVASIVO
EVNI0043,100144870,HC157942,VENTILADOR PULMONAR NÃO INVASIVO,V60,RESPIRONICS,CRÍTICO,ALTA,HOSPITAL DAS CLÍNICAS,INSTITUTO CENTRAL - ICHC,IC - CENTRAL DE EQUIPAMENTOS DO INSTITUTO CENTRAL - 6º EE," AVENIDA DOUTOR ENÉAS DE CARVALHO AGUIAR 255, CERQUEIRA CÉSAR, SÃO PAULO-SP",SP,CERQUEIRA CÉSAR,SÃO PAULO,05403-010,"2929 - CENTRAL EQUIPAMENTO MÉDICO - CIEQ 09 PAMB ",11/08/2015,"49.092,68",000007713,"49.092,68",,03/09/2015,,03/09/2017,,,,,PRÓPRIO,ATIVO,PHILIPS MEDICAL SYSTEMS LTDA.,AUTONOMIA DAS BATERIAS: 6H,,db3f0b32-93f5-41cb-b4e6-8997bc8e6308,,,,,,,,,,,,,,,,,,,,,,,CEIC,available,EVNI0043,V60,VENTILADOR PULMONAR NÃO INVASIVO
EVNI0044,100147299,HC157923,VENTILADOR PULMONAR NÃO INVASIVO,V60,RESPIRONICS,CRÍTICO,ALTA,HOSPITAL DAS CLÍNICAS,INSTITUTO CENTRAL - ICHC,IC - CENTRAL DE EQUIPAMENTOS DO INSTITUTO CENTRAL - 6º EE," AVENIDA DOUTOR ENÉAS DE CARVALHO AGUIAR 255, CERQUEIRA CÉSAR, SÃO PAULO-SP",SP,CERQUEIRA CÉSAR,SÃO PAULO,05403-010,"2929 - CENTRAL EQUIPAMENTO MÉDICO - CIEQ 09 PAMB ",11/08/2015,"49.092,68",000007713,"49.092,68",,03/09/2015,,03/09/2017,,,,,PRÓPRIO,ATIVO,PHILIPS MEDICAL SYSTEMS LTDA.,AUTONOMIA DAS BATERIAS: 6H,,eceeeb27-5a42-4e72-b2be-5a2db0baaeb3,,,,,,,,,,,,,,,,,,,,,,,CEIC,available,EVNI0044,V60,VENTILADOR PULMONAR NÃO INVASIVO
EVNI0045,100147199,HC157915,VENTILADOR PULMONAR NÃO INVASIVO,V60,RESPIRONICS,CRÍTICO,ALTA,HOSPITAL DAS CLÍNICAS,INSTITUTO CENTRAL - ICHC,IC - CENTRAL DE EQUIPAMENTOS DO INSTITUTO CENTRAL - 6º EE," AVENIDA DOUTOR ENÉAS DE CARVALHO AGUIAR 255, CERQUEIRA CÉSAR, SÃO PAULO-SP",SP,CERQUEIRA CÉSAR,SÃO PAULO,05403-010,"2929 - CENTRAL EQUIPAMENTO MÉDICO - CIEQ 09 PAMB ",11/08/2015,"49.092,68",000007713,"49.092,68",,03/09/2015,,03/09/2017,,,,,PRÓPRIO,ATIVO,PHILIPS MEDICAL SYSTEMS LTDA.,AUTONOMIA DAS BATERIAS: 6H,,6c429928-51f3-4b2e-9c6b-a07af6c5f0db,,,,,,,,,,,,,,,,,,,,,,,CEIC,available,EVNI0045,V60,VENTILADOR PULMONAR NÃO INVASIVO
EVNI0046,100147289,HC157941,VENTILADOR PULMONAR NÃO INVASIVO,V60,RESPIRONICS,CRÍTICO,ALTA,HOSPITAL DAS CLÍNICAS,INSTITUTO CENTRAL - ICHC,IC - CENTRAL DE EQUIPAMENTOS DO INSTITUTO CENTRAL - 6º EE," AVENIDA DOUTOR ENÉAS DE CARVALHO AGUIAR 255, CERQUEIRA CÉSAR, SÃO PAULO-SP",SP,CERQUEIRA CÉSAR,SÃO PAULO,05403-010,"2929 - CENTRAL EQUIPAMENTO MÉDICO - CIEQ 09 PAMB ",11/08/2015,"49.092,68",000007713,"49.092,68",,03/09/2015,,03/09/2017,,,,,PRÓPRIO,ATIVO,PHILIPS MEDICAL SYSTEMS LTDA.,AUTONOMIA DAS BATERIAS: 6H,,1fa2f93d-5311-4df6-926f-c022f361da45,,,,,,,,,,,,,,,,,,,,,,,CEIC,available,EVNI0046,V60,VENTILADOR PULMONAR NÃO INVASIVO
EVNI0047,100147389,HC157929,VENTILADOR PULMONAR NÃO INVASIVO,V60,RESPIRONICS,CRÍTICO,ALTA,HOSPITAL DAS CLÍNICAS,INSTITUTO CENTRAL - ICHC,IC - CENTRAL DE EQUIPAMENTOS DO INSTITUTO CENTRAL - 6º EE," AVENIDA DOUTOR ENÉAS DE CARVALHO AGUIAR 255, CERQUEIRA CÉSAR, SÃO PAULO-SP",SP,CERQUEIRA CÉSAR,SÃO PAULO,05403-010,"2929 - CENTRAL EQUIPAMENTO MÉDICO - CIEQ 09 PAMB ",11/08/2015,"49.092,68",000007713,"49.092,68",,03/09/2015,,03/09/2017,,,,,PRÓPRIO,ATIVO,PHILIPS MEDICAL SYSTEMS LTDA.,AUTONOMIA DAS BATERIAS: 6H,,7d959cdc-86c3-44ee-9d63-5432cd6d9c19,,,,,,,,,,,,,,,,,,,,,,,CEIC,available,EVNI0047,V60,VENTILADOR PULMONAR NÃO INVASIVO
EVNI0048,100147385,HC157926,VENTILADOR PULMONAR NÃO INVASIVO,V60,RESPIRONICS,CRÍTICO,ALTA,HOSPITAL DAS CLÍNICAS,INSTITUTO CENTRAL - ICHC,IC - CENTRAL DE EQUIPAMENTOS DO INSTITUTO CENTRAL - 6º EE," AVENIDA DOUTOR ENÉAS DE CARVALHO AGUIAR 255, CERQUEIRA CÉSAR, SÃO PAULO-SP",SP,CERQUEIRA CÉSAR,SÃO PAULO,05403-010,"2929 - CENTRAL EQUIPAMENTO MÉDICO - CIEQ 09 PAMB ",11/08/2015,"49.092,68",000007713,"49.092,68",,03/09/2015,,03/09/2017,,,,,PRÓPRIO,ATIVO,,AUTONOMIA DAS BATERIAS: 6H,,014fa0f3-1ee9-40e7-a2fe-f5f124df3568,,,,,,,,,,,,,,,,,,,,,,,CEIC,available,EVNI0048,V60,VENTILADOR PULMONAR NÃO INVASIVO
EVNI0049,100147391,HC157919,VENTILADOR PULMONAR NÃO INVASIVO,V60,RESPIRONICS,CRÍTICO,ALTA,HOSPITAL DAS CLÍNICAS,INSTITUTO CENTRAL - ICHC,IC - CENTRAL DE EQUIPAMENTOS DO INSTITUTO CENTRAL - 6º EE," AVENIDA DOUTOR ENÉAS DE CARVALHO AGUIAR 255, CERQUEIRA CÉSAR, SÃO PAULO-SP",SP,CERQUEIRA CÉSAR,SÃO PAULO,05403-010,"2929 - CENTRAL EQUIPAMENTO MÉDICO - CIEQ 09 PAMB ",11/08/2015,"49.092,68",000007713,"49.092,68",,03/09/2015,,03/09/2017,,,,,PRÓPRIO,ATIVO,PHILIPS MEDICAL SYSTEMS LTDA.,AUTONOMIA DAS BATERIAS: 6H,,5b765d3f-650e-43fd-b743-96320021a1b7,,,,,,,,,,,,,,,,,,,,,,,CEIC,available,EVNI0049,V60,VENTILADOR PULMONAR NÃO INVASIVO
EVNI0050,100147288,HC157934,VENTILADOR PULMONAR NÃO INVASIVO,V60,RESPIRONICS,CRÍTICO,ALTA,HOSPITAL DAS CLÍNICAS,INSTITUTO CENTRAL - ICHC,IC - CENTRAL DE EQUIPAMENTOS DO INSTITUTO CENTRAL - 6º EE," AVENIDA DOUTOR ENÉAS DE CARVALHO AGUIAR 255, CERQUEIRA CÉSAR, SÃO PAULO-SP",SP,CERQUEIRA CÉSAR,SÃO PAULO,05403-010,"2929 - CENTRAL EQUIPAMENTO MÉDICO - CIEQ 09 PAMB ",11/08/2015,"49.092,68",000007713,"49.092,68",,03/09/2015,,03/09/2017,,,,,PRÓPRIO,ATIVO,PHILIPS MEDICAL SYSTEMS LTDA.,AUTONOMIA DAS BATERIAS: 6H,,1bccf256-999f-4241-b4f4-7310b4864215,,,,,,,,,,,,,,,,,,,,,,,CEIC,available,EVNI0050,V60,VENTILADOR PULMONAR NÃO INVASIVO
EVNI0051,100147392,HC157920,VENTILADOR PULMONAR NÃO INVASIVO,V60,RESPIRONICS,CRÍTICO,ALTA,HOSPITAL DAS CLÍNICAS,INSTITUTO CENTRAL - ICHC,IC - CENTRAL DE EQUIPAMENTOS DO INSTITUTO CENTRAL - 6º EE," AVENIDA DOUTOR ENÉAS DE CARVALHO AGUIAR 255, CERQUEIRA CÉSAR, SÃO PAULO-SP",SP,CERQUEIRA CÉSAR,SÃO PAULO,05403-010,"2929 - CENTRAL EQUIPAMENTO MÉDICO - CIEQ 09 PAMB ",11/08/2015,"49.092,68",000007713,"49.092,68",,03/09/2015,,03/09/2017,,,,,PRÓPRIO,ATIVO,PHILIPS MEDICAL SYSTEMS LTDA.,AUTONOMIA DAS BATERIAS: 6H,,fbc85f9b-2a2a-4f8a-ae84-3a8718f1027a,,,,,,,,,,,,,,,,,,,,,,,CEIC,available,EVNI0051,V60,VENTILADOR PULMONAR NÃO INVASIVO
EVNI0052,100147387,HC157916,VENTILADOR PULMONAR NÃO INVASIVO,V60,RESPIRONICS,CRÍTICO,ALTA,HOSPITAL DAS CLÍNICAS,INSTITUTO CENTRAL - ICHC,IC - CENTRAL DE EQUIPAMENTOS DO INSTITUTO CENTRAL - 6º EE," AVENIDA DOUTOR ENÉAS DE CARVALHO AGUIAR 255, CERQUEIRA CÉSAR, SÃO PAULO-SP",SP,CERQUEIRA CÉSAR,SÃO PAULO,05403-010,"2929 - CENTRAL EQUIPAMENTO MÉDICO - CIEQ 09 PAMB ",11/08/2015,"49.092,68",000007713,"49.092,68",,03/09/2015,,03/09/2017,,,,,PRÓPRIO,ATIVO,PHILIPS MEDICAL SYSTEMS LTDA.,AUTONOMIA DAS BATERIAS: 6H,,3a970b5f-e7cc-4ef7-8bd0-e28205c78434,,,,,,,,,,,,,,,,,,,,,,,CEIC,available,EVNI0052,V60,VENTILADOR PULMONAR NÃO INVASIVO
EVNI0053,100145127,HC157932,VENTILADOR PULMONAR NÃO INVASIVO,V60,RESPIRONICS,CRÍTICO,ALTA,HOSPITAL DAS CLÍNICAS,INSTITUTO CENTRAL - ICHC,IC - CENTRAL DE EQUIPAMENTOS DO INSTITUTO CENTRAL - 6º EE," AVENIDA DOUTOR ENÉAS DE CARVALHO AGUIAR 255, CERQUEIRA CÉSAR, SÃO PAULO-SP",SP,CERQUEIRA CÉSAR,SÃO PAULO,05403-010,"2929 - CENTRAL EQUIPAMENTO MÉDICO - CIEQ 09 PAMB ",11/08/2015,"49.092,68",000007713,"49.092,68",,03/09/2015,,03/09/2017,,,,,PRÓPRIO,ATIVO,PHILIPS MEDICAL SYSTEMS LTDA.,AUTONOMIA DAS BATERIAS: 6H,,4ba0304d-a474-4109-ac8e-3111d06cf669,,,,,,,,,,,,,,,,,,,,,,,CEIC,available,EVNI0053,V60,VENTILADOR PULMONAR NÃO INVASIVO
EVTM0001,51662,HC83048,VENTILÔMETRO,WRIGHT RESPIROMETER,FERRARIS MEDICAL LIMITED,NÃO CRÍTICO,,HOSPITAL DAS CLÍNICAS,INSTITUTO CENTRAL - ICHC,IC - CENTRAL DE EQUIPAMENTOS DO INSTITUTO CENTRAL - 6º EE," AVENIDA DOUTOR ENÉAS DE CARVALHO AGUIAR 255, CERQUEIRA CÉSAR, SÃO PAULO-SP",SP,CERQUEIRA CÉSAR,SÃO PAULO,05403-010,"2929 - CENTRAL EQUIPAMENTO MÉDICO - CIEQ 09 PAMB ",,"57.365,72",,"57.365,72",,12/08/2020,,,,,,,PRÓPRIO,ATIVO,,,,4b07c4e1-cad8-412c-ac16-0f0c39eb3fe1,,,,,,,,,,,,,,,,,,,,,,,CEIC,available,EVTM0001,WRIGHT RESPIROMETER,VENTILÔMETRO
EVTM0002,51664,HC83050,VENTILÔMETRO,WRIGHT RESPIROMETER,FERRARIS MEDICAL LIMITED,NÃO CRÍTICO,,HOSPITAL DAS CLÍNICAS,INSTITUTO CENTRAL - ICHC,IC - CENTRAL DE EQUIPAMENTOS DO INSTITUTO CENTRAL - 6º EE," AVENIDA DOUTOR ENÉAS DE CARVALHO AGUIAR 255, CERQUEIRA CÉSAR, SÃO PAULO-SP",SP,CERQUEIRA CÉSAR,SÃO PAULO,05403-010,"2929 - CENTRAL EQUIPAMENTO MÉDICO - CIEQ 09 PAMB ",,"57.365,72",,"57.365,72",,12/08/2020,,,,,,,PRÓPRIO,ATIVO,,,,5005b78c-7e1e-4ba4-ade9-0d09e159370d,,,,,,,,,,,,,,,,,,,,,,,CEIC,available,EVTM0002,WRIGHT RESPIROMETER,VENTILÔMETRO
EVTM0003,51663,HC83047,VENTILÔMETRO,WRIGHT RESPIROMETER,FERRARIS MEDICAL LIMITED,NÃO CRÍTICO,,HOSPITAL DAS CLÍNICAS,INSTITUTO CENTRAL - ICHC,IC - CENTRAL DE EQUIPAMENTOS DO INSTITUTO CENTRAL - 6º EE," AVENIDA DOUTOR ENÉAS DE CARVALHO AGUIAR 255, CERQUEIRA CÉSAR, SÃO PAULO-SP",SP,CERQUEIRA CÉSAR,SÃO PAULO,05403-010,"2929 - CENTRAL EQUIPAMENTO MÉDICO - CIEQ 09 PAMB ",,"57.365,72",,"57.365,72",,12/08/2020,,,,,,,PRÓPRIO,ATIVO,,,,221d4ec6-b98f-41ed-b6c7-aeef8f73330b,,,,,,,,,,,,,,,,,,,,,,,CEIC,available,EVTM0003,WRIGHT RESPIROMETER,VENTILÔMETRO
EVTM0004,51665,FFM02729,VENTILÔMETRO,WRIGHT RESPIROMETER,FERRARIS MEDICAL LIMITED,NÃO CRÍTICO,,HOSPITAL DAS CLÍNICAS,INSTITUTO CENTRAL - ICHC,IC - CENTRAL DE EQUIPAMENTOS DO INSTITUTO CENTRAL - 6º EE," AVENIDA DOUTOR ENÉAS DE CARVALHO AGUIAR 255, CERQUEIRA CÉSAR, SÃO PAULO-SP",SP,CERQUEIRA CÉSAR,SÃO PAULO,05403-010,"2929 - CENTRAL EQUIPAMENTO MÉDICO - CIEQ 09 PAMB ",,"57.365,72",,"57.365,72",,12/08/2020,,,,,,,PRÓPRIO,ATIVO,,,,e902cfbd-8a08-4f65-9972-c7b04f41617f,,,,,,,,,,,,,,,,,,,,,,,CEIC,available,EVTM0004,WRIGHT RESPIROMETER,VENTILÔMETRO
EVTR0004,ASFB0035,HC156573,VENTILADOR PULMONAR DE TRANSPORTE,OXYLOG 3000 PLUS,DRAGER,CRÍTICO,ALTA,HOSPITAL DAS CLÍNICAS,INSTITUTO CENTRAL - ICHC,IC - CENTRAL DE EQUIPAMENTOS DO INSTITUTO CENTRAL - 6º EE," AVENIDA DOUTOR ENÉAS DE CARVALHO AGUIAR 255, CERQUEIRA CÉSAR, SÃO PAULO-SP",SP,CERQUEIRA CÉSAR,SÃO PAULO,05403-010,"2929 - CENTRAL EQUIPAMENTO MÉDICO - CIEQ 09 PAMB ",14/04/2014,"28.987,00",8784,"28.987,00",,22/05/2014,,22/05/2015,,,10407370097,,PRÓPRIO,ATIVO,DRÄGER DO BRASIL LTDA,"AUTONOMIA DAS BATERIAS: 4H

NOTA FISCAL DOAÇÃO FFM N.º 28520 CENTRO DE CUSTO 94055","DE SERVIÇO: LRM - LABORATORIO METROLOGICO COM. SERV. LTDA ATÉ: 11/11/2015 NA OS: 14008219;
DE SERVIÇO: DRÄGER DO BRASIL LTDA ATÉ: 05/10/2022 NA OS: 2204626",e0bba891-2f49-48bd-b853-8b384c9be48e,,,,,,,,,,,,,,,,,,,,,,,CEIC,available,EVTR0004,OXYLOG 3000 PLUS,VENTILADOR PULMONAR DE TRANSPORTE
EVTR0005,10401,SES08298,VENTILADOR PULMONAR DE TRANSPORTE,OXYMAG,MAGNAMED,CRÍTICO,ALTA,HOSPITAL DAS CLÍNICAS,INSTITUTO CENTRAL - ICHC,IC - CENTRAL DE EQUIPAMENTOS DO INSTITUTO CENTRAL - 6º EE," AVENIDA DOUTOR ENÉAS DE CARVALHO AGUIAR 255, CERQUEIRA CÉSAR, SÃO PAULO-SP",SP,CERQUEIRA CÉSAR,SÃO PAULO,05403-010,"2929 - CENTRAL EQUIPAMENTO MÉDICO - CIEQ 09 PAMB ",25/05/2020,"50.000,00",,"50.000,00",01/05/2020,25/05/2020,,25/05/2021,,,80659160004,,EMPRESTADO - SECRETÁRIA DE SAÚDE DE SÃO PAULO,ATIVO,MAGNAMED TECNOLOGIA MÉDICA S.A.,"BIVOLT
AUTONOMIA: 6,5 HORAS",,9fe43d54-1124-4667-adad-7b77cf40b4a0,,,,,,,,,,,,,,,,,,,,,,,CEIC,available,EVTR0005,OXYMAG,VENTILADOR PULMONAR DE TRANSPORTE
EVTR0006,10149,SES08293,VENTILADOR PULMONAR DE TRANSPORTE,OXYMAG,MAGNAMED,CRÍTICO,ALTA,HOSPITAL DAS CLÍNICAS,INSTITUTO CENTRAL - ICHC,IC - CENTRAL DE EQUIPAMENTOS DO INSTITUTO CENTRAL - 6º EE," AVENIDA DOUTOR ENÉAS DE CARVALHO AGUIAR 255, CERQUEIRA CÉSAR, SÃO PAULO-SP",SP,CERQUEIRA CÉSAR,SÃO PAULO,05403-010,"2929 - CENTRAL EQUIPAMENTO MÉDICO - CIEQ 09 PAMB ",25/05/2020,"50.000,00",,"50.000,00",01/05/2020,25/05/2020,,25/05/2021,,,80659160004,,EMPRESTADO - SECRETÁRIA DE SAÚDE DE SÃO PAULO,ATIVO,MAGNAMED TECNOLOGIA MÉDICA S.A.,"BIVOLT
AUTONOMIA: 6,5 HORAS",,647e12be-c16a-4a96-8671-3e97780719d0,,,,,,,,,,,,,,,,,,,,,,,CEIC,available,EVTR0006,OXYMAG,VENTILADOR PULMONAR DE TRANSPORTE
EVTR0007,10296,SES08299,VENTILADOR PULMONAR DE TRANSPORTE,OXYMAG,MAGNAMED,CRÍTICO,ALTA,HOSPITAL DAS CLÍNICAS,INSTITUTO CENTRAL - ICHC,IC - CENTRAL DE EQUIPAMENTOS DO INSTITUTO CENTRAL - 6º EE," AVENIDA DOUTOR ENÉAS DE CARVALHO AGUIAR 255, CERQUEIRA CÉSAR, SÃO PAULO-SP",SP,CERQUEIRA CÉSAR,SÃO PAULO,05403-010,"2929 - CENTRAL EQUIPAMENTO MÉDICO - CIEQ 09 PAMB ",25/05/2020,"50.000,00",,"50.000,00",01/05/2020,25/05/2020,,25/05/2021,,,80659160004,,EMPRESTADO - SECRETÁRIA DE SAÚDE DE SÃO PAULO,ATIVO,MAGNAMED TECNOLOGIA MÉDICA S.A.,"BIVOLT
AUTONOMIA: 6,5 HORAS",,28872531-fe37-487e-989f-8a28be0c1b51,,,,,,,,,,,,,,,,,,,,,,,CEIC,available,EVTR0007,OXYMAG,VENTILADOR PULMONAR DE TRANSPORTE
EVTR0008,10237,SES08292,VENTILADOR PULMONAR DE TRANSPORTE,OXYMAG,MAGNAMED,CRÍTICO,ALTA,HOSPITAL DAS CLÍNICAS,INSTITUTO CENTRAL - ICHC,IC - CENTRAL DE EQUIPAMENTOS DO INSTITUTO CENTRAL - 6º EE," AVENIDA DOUTOR ENÉAS DE CARVALHO AGUIAR 255, CERQUEIRA CÉSAR, SÃO PAULO-SP",SP,CERQUEIRA CÉSAR,SÃO PAULO,05403-010,"2929 - CENTRAL EQUIPAMENTO MÉDICO - CIEQ 09 PAMB ",25/05/2020,"50.000,00",,"50.000,00",01/05/2020,25/05/2020,,25/05/2021,,,80659160004,,EMPRESTADO - SECRETÁRIA DE SAÚDE DE SÃO PAULO,ATIVO,MAGNAMED TECNOLOGIA MÉDICA S.A.,"BIVOLT
AUTONOMIA: 6,5 HORAS",,36e7c212-d87f-426b-87c9-c1c9fc1e77a2,,,,,,,,,,,,,,,,,,,,,,,CEIC,available,EVTR0008,OXYMAG,VENTILADOR PULMONAR DE TRANSPORTE
EVTR0009,10348,SES08297,VENTILADOR PULMONAR DE TRANSPORTE,OXYMAG,MAGNAMED,CRÍTICO,ALTA,HOSPITAL DAS CLÍNICAS,INSTITUTO CENTRAL - ICHC,IC - CENTRAL DE EQUIPAMENTOS DO INSTITUTO CENTRAL - 6º EE," AVENIDA DOUTOR ENÉAS DE CARVALHO AGUIAR 255, CERQUEIRA CÉSAR, SÃO PAULO-SP",SP,CERQUEIRA CÉSAR,SÃO PAULO,05403-010,"2929 - CENTRAL EQUIPAMENTO MÉDICO - CIEQ 09 PAMB ",25/05/2020,"50.000,00",,"50.000,00",01/05/2020,25/05/2020,,25/05/2021,,,80659160004,,EMPRESTADO - SECRETÁRIA DE SAÚDE DE SÃO PAULO,ATIVO,MAGNAMED TECNOLOGIA MÉDICA S.A.,"BIVOLT
AUTONOMIA: 6,5 HORAS",,c6da04da-c3ae-4bf8-a458-4116f4a6cc51,,,,,,,,,,,,,,,,,,,,,,,CEIC,available,EVTR0009,OXYMAG,VENTILADOR PULMONAR DE TRANSPORTE
EVTR0010,10322,SES08300,VENTILADOR PULMONAR DE TRANSPORTE,OXYMAG,MAGNAMED,CRÍTICO,ALTA,HOSPITAL DAS CLÍNICAS,INSTITUTO CENTRAL - ICHC,IC - CENTRAL DE EQUIPAMENTOS DO INSTITUTO CENTRAL - 6º EE," AVENIDA DOUTOR ENÉAS DE CARVALHO AGUIAR 255, CERQUEIRA CÉSAR, SÃO PAULO-SP",SP,CERQUEIRA CÉSAR,SÃO PAULO,05403-010,"2929 - CENTRAL EQUIPAMENTO MÉDICO - CIEQ 09 PAMB ",25/05/2020,"50.000,00",,"50.000,00",01/05/2020,25/05/2020,,25/05/2021,,,80659160004,,EMPRESTADO - SECRETÁRIA DE SAÚDE DE SÃO PAULO,ATIVO,MAGNAMED TECNOLOGIA MÉDICA S.A.,"BIVOLT
AUTONOMIA: 6,5 HORAS",,26be6792-d5cc-4ab9-b21a-2c7c32b9d67f,,,,,,,,,,,,,,,,,,,,,,,CEIC,available,EVTR0010,OXYMAG,VENTILADOR PULMONAR DE TRANSPORTE
EVTR0011,10380,SES08296,VENTILADOR PULMONAR DE TRANSPORTE,OXYMAG,MAGNAMED,CRÍTICO,ALTA,HOSPITAL DAS CLÍNICAS,INSTITUTO CENTRAL - ICHC,IC - CENTRAL DE EQUIPAMENTOS DO INSTITUTO CENTRAL - 6º EE," AVENIDA DOUTOR ENÉAS DE CARVALHO AGUIAR 255, CERQUEIRA CÉSAR, SÃO PAULO-SP",SP,CERQUEIRA CÉSAR,SÃO PAULO,05403-010,"2929 - CENTRAL EQUIPAMENTO MÉDICO - CIEQ 09 PAMB ",25/05/2020,"50.000,00",,"50.000,00",01/05/2020,25/05/2020,,25/05/2021,,,80659160004,,EMPRESTADO - SECRETÁRIA DE SAÚDE DE SÃO PAULO,ATIVO,MAGNAMED TECNOLOGIA MÉDICA S.A.,"BIVOLT
AUTONOMIA: 6,5 HORAS",,00b18f6f-dffc-4586-b295-eb910ff9a803,03DN,2,2026-03-29 20:52:52.919+00,true,,,,,false,dd,dd,2026-04-10 22:10:03.75+00,,,,,,,,,false,2026-03-29 20:55:54.073+00,04DS,in_use,EVTR0011,OXYMAG,VENTILADOR PULMONAR DE TRANSPORTE
EVTR0012,10289,SES08294,VENTILADOR PULMONAR DE TRANSPORTE,OXYMAG,MAGNAMED,CRÍTICO,ALTA,HOSPITAL DAS CLÍNICAS,INSTITUTO CENTRAL - ICHC,IC - CENTRAL DE EQUIPAMENTOS DO INSTITUTO CENTRAL - 6º EE," AVENIDA DOUTOR ENÉAS DE CARVALHO AGUIAR 255, CERQUEIRA CÉSAR, SÃO PAULO-SP",SP,CERQUEIRA CÉSAR,SÃO PAULO,05403-010,"2929 - CENTRAL EQUIPAMENTO MÉDICO - CIEQ 09 PAMB ",25/05/2020,"50.000,00",,"50.000,00",01/05/2020,25/05/2020,,25/05/2021,,,80659160004,,EMPRESTADO - SECRETÁRIA DE SAÚDE DE SÃO PAULO,ATIVO,MAGNAMED TECNOLOGIA MÉDICA S.A.,"BIVOLT
AUTONOMIA: 6,5 HORAS",,28652c17-88cd-48db-a70f-1ebfb342edd7,,,,,,,,,,,,,,,,,,,,,,,CEIC,available,EVTR0012,OXYMAG,VENTILADOR PULMONAR DE TRANSPORTE
EVTR0013,10091,SES08295,VENTILADOR PULMONAR DE TRANSPORTE,OXYMAG,MAGNAMED,CRÍTICO,ALTA,HOSPITAL DAS CLÍNICAS,INSTITUTO CENTRAL - ICHC,IC - CENTRAL DE EQUIPAMENTOS DO INSTITUTO CENTRAL - 6º EE," AVENIDA DOUTOR ENÉAS DE CARVALHO AGUIAR 255, CERQUEIRA CÉSAR, SÃO PAULO-SP",SP,CERQUEIRA CÉSAR,SÃO PAULO,05403-010,"2929 - CENTRAL EQUIPAMENTO MÉDICO - CIEQ 09 PAMB ",25/05/2020,"50.000,00",,"50.000,00",01/05/2020,25/05/2020,,25/05/2021,,,80659160004,,EMPRESTADO - SECRETÁRIA DE SAÚDE DE SÃO PAULO,ATIVO,MAGNAMED TECNOLOGIA MÉDICA S.A.,"BIVOLT
AUTONOMIA: 6,5 HORAS",,45572c75-aeb3-43b9-a839-780949eaccdf,,,,,,,,,,,,,,,,,,,,,,,CEIC,available,EVTR0013,OXYMAG,VENTILADOR PULMONAR DE TRANSPORTE
EVTR0014,10347,SES08301,VENTILADOR PULMONAR DE TRANSPORTE,OXYMAG,MAGNAMED,CRÍTICO,ALTA,HOSPITAL DAS CLÍNICAS,INSTITUTO CENTRAL - ICHC,IC - CENTRAL DE EQUIPAMENTOS DO INSTITUTO CENTRAL - 6º EE," AVENIDA DOUTOR ENÉAS DE CARVALHO AGUIAR 255, CERQUEIRA CÉSAR, SÃO PAULO-SP",SP,CERQUEIRA CÉSAR,SÃO PAULO,05403-010,"2929 - CENTRAL EQUIPAMENTO MÉDICO - CIEQ 09 PAMB ",25/05/2020,"50.000,00",,"50.000,00",01/05/2020,25/05/2020,,25/05/2021,,,80659160004,,EMPRESTADO - SECRETÁRIA DE SAÚDE DE SÃO PAULO,ATIVO,MAGNAMED TECNOLOGIA MÉDICA S.A.,"BIVOLT
AUTONOMIA: 6,5 HORAS",DE SERVIÇO: MAGNAMED TECNOLOGIA MÉDICA S.A. ATÉ: 30/06/2022 NA OS: 2206346,1cd24b2a-6d48-4ed6-be29-0f4391339fce,,,,,,,,,,,,,,,,,,,,,,,CEIC,available,EVTR0014,OXYMAG,VENTILADOR PULMONAR DE TRANSPORTE
MMVA0005,MV0370-120,,MANOVACUÔMETRO,SEM MODELO,SEM FABRICANTE,NÃO CRÍTICO,BAIXA,HOSPITAL DAS CLÍNICAS,INSTITUTO CENTRAL - ICHC,IC - CENTRAL DE EQUIPAMENTOS DO INSTITUTO CENTRAL - 6º EE," AVENIDA DOUTOR ENÉAS DE CARVALHO AGUIAR 255, CERQUEIRA CÉSAR, SÃO PAULO-SP",SP,CERQUEIRA CÉSAR,SÃO PAULO,05403-010,"2929 - CENTRAL EQUIPAMENTO MÉDICO - CIEQ 09 PAMB ",,"677,00",,"677,00",,03/01/2018,,,,,,,PRÓPRIO,ATIVO,,EQUIPAMENTO NÃO FAZ MAIS PARTE DO ESCOPO DA ENG CLÍNICA. CADASTRO SERÁ INATIVADO.,,a2af098a-5266-4ac1-b731-a393eeeee071,,,,,,,,,,,,,,,,,,,,,,,CEIC,available,MMVA0005,SEM MODELO,MANOVACUÔMETRO